cluster_id,slope_angle,tau_g,theta,Pi1_elastic,Pi2_brittle,Lambda,L_t,A_ca_elastic,A_ca_brittle,rc_wl,G_slab,tau_p_star,R0,A_ca_energy
1,,,,,,,,,,,,,,
5,,,,,,,,,,,,,,
6,26.192562103271484,3185.0755770064384,8.274241483840905,179.6485107685243,239.18455672632103,1.5151405836025704,inf,48157.66571337548,,,6.561673858946828,4103.997556783501,0.19812420396261982,177.3371990172434
7,26.737716674804688,3401.1042785384852,63.99214546935438,17.066452930896375,21.868947554091324,2.202089730227082,inf,1410.0837138462427,,,6.911761942831871,2948.9494153968735,0.4483284626658359,1.5462743852565477
8,27.5424861907959,3293.5625661020763,21.052989546752958,50.007111033413835,65.08662030359805,2.2121031779419096,164.97023050505962,7072.576343482841,483.18096394259385,,6.515316007373867,2765.2012824057047,0.45569578590768384,3.3684355239416397
9,26.27176284790039,2972.0922500908996,16.85996764344335,58.007317547137525,78.93099741361199,2.148858249147097,inf,8835.968718894246,,,6.184609876791242,2672.9551526645882,0.47689136917940106,0.5142066886889735
10,26.064502716064453,2901.671618939612,12.489107694776465,80.65915609057934,110.74415315785376,2.0367990310499686,inf,14488.069024602715,,,6.100988155569594,2768.7829375305732,0.41355156063727266,15.916504396364013
11,26.148239135742188,3119.3089914316365,5.196841767378362,207.40952433046502,276.91332686413966,2.046327827075812,inf,59741.07578813677,,,6.485776476100098,2967.6119595533523,0.3684458829660525,70.73757024139695
12,26.644718170166016,3070.8693379883075,4.694602340241942,227.78697053021386,305.8332115627109,2.0305732031558996,inf,68758.01236057925,,,6.288403825846802,2889.593873317484,0.38180762413764985,66.55538177824799
13,26.35846710205078,2562.680083040818,10.877013752544649,86.02260144478947,123.88507252068104,1.936676782110146,inf,15956.912140655075,,,5.4095095149833625,2524.2688867801307,0.4903845761957823,0.0
14,26.207509994506836,3496.120954382071,15.676125701850781,65.39281522121684,82.50791869297615,2.4115855876541996,inf,10576.087798092785,,,7.250394690506565,2817.1912186805707,0.47280593502976037,1.3518147968199066
15,35.702327728271484,4577.315608487208,39.22969347326421,47.30877071082781,46.11157879400913,1.7439710945158153,9.613868480502779,6507.924270833775,19.948979427927515,,8.126942160161095,3596.9975531086757,0.24161410982728326,26.637922975892266
16,35.451263427734375,5634.916519389132,26.179957375082523,73.17654739842922,67.88936215533967,2.0798481998157534,10.21079636632743,12519.525466549656,31.194200358361318,,9.531569453504204,3854.1407888945787,0.23452074763969383,44.314082420881775
18,31.537179946899414,3078.707816910113,58.80072282440381,29.26869891352018,38.9915311483988,1.2649326269209,19.627295164780033,3166.905624161593,34.4384230849352,,5.440751175230461,3972.381888233039,0.20986943998163823,22.88603057150953
19,32.48740768432617,3067.764639053473,31.4416574337102,38.89855072201995,51.82815272350754,1.7736510772376848,16.221272577851856,4852.104288216313,37.83233666405479,,5.288082224651472,2746.485475065442,0.5060399927802639,0.0
20,,,,,,,,,,,,,,
21,33.39750289916992,3238.4017962256903,31.365737354811596,63.924683079833684,83.75392124342963,1.1420671735159913,14.00322586641513,10221.929258302185,52.77712843663602,,5.391399726466654,4419.402480355474,0.2081134290943538,48.12265253901092
22,,,,,,,,,,,,,,
23,,,,,,,,,,,,,,
24,,,,,,,,,,,,,,
25,,,,,,,,,,,,,,
26,38.012596130371094,2858.6360454317364,48.10974337936856,23.212630501763435,31.89177332819147,1.8100329005610576,8.098923674507796,2236.7452987839984,11.62300671133768,,4.31764687968285,2181.4739286838417,0.7083255887280167,0.0
27,29.59243392944336,1903.2170431045329,44.864184576426034,25.265670289369297,41.78738824450116,1.1872514732757342,33.85612269149441,2539.9562276907172,63.66415245133243,,3.6495644730145225,2733.188332379828,0.32240231963512167,10.99291867301595
28,32.75859069824219,2218.4890981769145,12.473727210507619,119.24828153891433,184.88992750304573,1.0546149649362295,15.367428198287278,26044.030154579777,127.85772084703179,,3.835974322068212,3295.8957691696714,0.22635563339687947,82.77898817177406
29,29.93239402770996,2672.920805261767,24.640326853580373,50.33495898923531,71.95745952963917,1.523894529638117,30.34799883306941,7142.242214585127,98.2694204026258,,4.952128245850377,3000.646555487771,0.3075796208522811,24.295398313711264
30,30.032821655273438,2536.854129784621,21.132244963262497,65.25090173495082,94.95362185796253,1.3009132703201542,29.20428006597614,10541.67863033027,124.7873474708429,,4.72507013448557,3310.0852755926185,0.25339207858091506,42.829584701770706
31,31.0669002532959,2425.2975863401275,11.493362500568201,100.38269347766084,147.62863292788967,1.4864287189321568,21.63877320545608,20114.917814063105,143.75261279511585,,4.433786209941965,2667.91687541144,0.3775079741958431,26.26880300664961
35,31.5277156829834,4848.045772041824,8.618584115599583,184.80697103159602,199.97444008731765,2.1522734086754682,19.88390311497722,50246.697096936405,178.93225764756184,,8.407863109079024,3717.6827175993903,0.30565684077124416,87.13913555628947
36,,,,,,,,,,,,,,
37,33.32488250732422,4003.9714424593462,42.62688418824863,30.922221831372735,36.4283939795715,2.1479377609213577,14.16171846955911,3439.0305417416607,23.21498969265932,,6.680130120129286,2910.5831431060533,0.46475839701266153,1.0928113558648351
38,,,,,,,,,,,,,,
39,36.10523223876953,3340.470795129314,45.5894685988274,21.571956082154582,27.6525024345204,2.4018098629433045,9.824286773495535,2003.8457455312005,12.224975126468033,,5.227940629156285,2017.5265966474453,0.786689736224377,0.0
49,28.45915412902832,1814.752839599689,17.887625445439486,39.24557777383483,65.63731127696344,1.827927923392475,59.704283526814166,4917.1797721967705,176.34728890879117,,3.6520998974705736,1741.5183011447173,0.8954010221880714,0.0
50,33.737220764160156,2338.762231349042,20.647073749412744,39.78532192960674,59.54439092670942,2.0132128249203487,13.076455511567284,5018.966657358188,35.03833105124188,,3.9752756119631507,1764.3066682569524,0.9040081664130439,0.0
51,34.872955322265625,2427.228912870111,21.407018014221677,41.450739314148706,60.75931252124185,1.9342262964069137,11.18515762299087,5337.38360418023,30.58211194265938,,4.0165038137202815,1848.8648015686026,0.8011381857782982,0.0
52,36.990352630615234,2476.811644237789,32.62281775630756,28.369607917815625,41.01974357127275,1.8923574716778544,8.81350795424741,3022.1081089815025,16.268752631097062,,3.908652583572987,1828.7430184901018,0.8241383557254293,0.0
53,33.21240997314453,2542.2654656416203,31.57333225786066,31.102858480448187,45.077181665464394,1.8305650906620698,14.253959691673046,3469.2089020404737,28.913774871318875,,4.33972456946429,2150.325395711752,0.70625091776993,0.0
54,33.58616638183594,1852.4534913730781,24.700223107422243,53.843000332969936,93.43306160530169,0.9849227904614322,13.617097438631049,7901.760719333764,57.25291967410547,,3.063471356833689,2919.664591950623,0.27088475041651405,29.40586151139828
58,,,,,,,,,,,,,,
59,26.135236740112305,3632.16483813342,14.580559366292363,77.80260744294863,96.6203790709044,2.2640301941412173,inf,13725.280338000815,,,7.527607022230006,3131.3368102314616,0.3711070716987596,25.92517535041989
60,25.967788696289062,3717.3160943403504,5.105061258429308,245.34273735503578,303.2685323467016,2.0986515184591816,inf,76858.12854631976,,,7.696721104337506,3491.8283123127985,0.3064388895833419,137.476961937325
61,25.224374771118164,3971.914561031664,42.3245272177566,36.63754869216168,44.07013233597927,1.8111998597731531,inf,4435.265360207735,,,8.40023061011488,4456.745920948901,0.1981295620568733,37.647500722164814
62,25.1275634765625,3242.729286252125,27.475427908188244,37.479551940627026,49.312690534592655,2.2266750390198764,inf,4589.037231482125,,,6.9640420716492795,2950.4351165788053,0.40623767693493934,8.594933365066094
64,21.832143783569336,3312.968576340202,32.42694463689748,27.63931712844635,36.167375909082594,2.613779694447449,inf,2906.169623634747,,,8.08150362862177,2940.93564279797,0.44564933413828617,3.3054499583043455
65,,,,,,,,,,,,,,
66,30.95431137084961,2334.1894900906145,60.95732757389376,18.161929150656004,27.267170512426958,1.49084747944157,22.27295689881848,1548.0071468931792,27.329423110920896,,4.274778926897792,2570.670782965094,0.40867463515293323,3.2591780327682702
67,,,,,,,,,,,,,,
73,,,,,,,,,,,,,,
74,27.913665771484375,4524.92314035179,13.749527863905998,110.80182261024217,124.47235338650327,2.1002041831427056,98.60480528087271,23326.541446975105,552.3107475837659,,8.739557871792044,3978.7121705269465,0.2758156260168485,70.01783479810753
75,,,,,,,,,,,,,,
76,,,,,,,,,,,,,,
77,,,,,,,,,,,,,,
78,,,,,,,,,,,,,,
87,,,,,,,,,,,,,,
88,,,,,,,,,,,,,,
90,20.071245193481445,5116.764232592474,35.59438188169411,44.28080165001434,47.96703094861412,2.295532671069387,inf,5893.227511887509,,,13.146918038014125,5696.044322335518,0.16274145358960848,66.84699799527455
91,,,,,,,,,,,,,,
95,,,,,,,,,,,,,,
96,26.31352424621582,8171.846577718732,24.75422621962788,75.38875579375915,65.55860638594443,3.0963445059373447,inf,13091.513545238065,,,16.022941644498978,5264.536378493547,0.19233631516135793,78.04874857940885
97,26.819936752319336,7556.488660152854,39.17432486188026,37.71036645699,33.868128837154465,3.616952154290588,inf,4631.494202962753,,,14.657438649952283,4078.3035745565426,0.3249766137030262,18.445479829849717
98,23.987598419189453,7467.295766882713,16.6569235471024,95.96070874166816,87.04042949392496,3.3033920267198345,inf,18800.533182271633,,,16.011725887574812,4908.436879386893,0.22158813020966858,94.46143370578204
102,30.043594360351562,1388.4715931834323,18.097608844671853,46.21442762731095,90.22994975304253,1.173878707480084,28.97755179186759,6283.423957302168,117.658936896588,,2.604591846121716,1998.5647843488393,0.5965339276376912,0.0
108,34.03466796875,4471.901396788221,35.69755767872011,43.56377810013924,49.03779066650321,2.033354868783793,12.810173872436575,5750.668080047835,28.268218114112415,,7.2523027042549915,3389.511518728898,0.2889871327608368,21.276288018484106
109,32.86090850830078,3727.0410322805565,26.270716575374266,54.79618965325694,67.25923077616969,1.8307409548944116,15.32410714247985,8112.5154302664,46.38094464306611,,6.26304796522987,3228.0546946605855,0.34962515712685605,18.006920112107604
110,,,,,,,,,,,,,,
111,,,,,,,,,,,,,,
112,31.773042678833008,3285.7527791526236,58.1769663949355,15.952923522779608,20.665814792045094,2.5033901055807,18.70812217617911,1274.3549801385889,17.39783645999411,,5.741784513215254,2133.472657816603,0.7167978937575087,0.0
113,33.66189956665039,2526.586562044421,44.182194782179685,17.760148737748736,25.82134861283435,2.276802185299819,13.296698910268955,1496.9244898377365,15.450241408287717,,4.261701602250636,1697.9935038139154,1.0927666677528658,0.0
114,32.82096481323242,3634.96494194419,42.52511482206149,27.73809613907626,34.53762380969551,2.1790293742355793,15.444785401583067,2921.7628938220855,24.004178460960883,,6.103916189953191,2650.677205241195,0.5969478744350782,0.0
115,21.425954818725586,3040.7279698134585,36.81869186860012,23.525120548650932,32.043848342084026,2.4823462513730696,inf,2282.0638004480115,,,7.572063106797418,2888.907119174247,0.4612757006031983,1.5456040474588033
117,21.43684196472168,3176.7094191877254,17.803514505656768,46.28251752647064,61.87827370664603,2.7260874027381856,inf,6297.315568925507,,,7.881258020074921,2752.013940930453,0.5534201256747892,0.0
118,21.079275131225586,3092.9712193505256,23.459157266654643,39.286663832688234,53.2351055828451,2.3730305187982426,inf,4924.903460389251,,,7.797040795437414,3128.023271820314,0.4908979059732738,0.0
119,21.27400779724121,3294.7660606703644,20.752109597874114,54.38045683148278,71.78208512924208,2.064450536703545,inf,8020.367585362893,,,8.188866603043607,3808.4405507066676,0.34142706848111476,28.741200883392025
120,20.415624618530273,3418.5147361924655,10.513679068159016,106.02493093538477,138.22863896053605,2.168501586986823,inf,21834.436742346574,,,8.784235464566896,3926.3982143689914,0.3341491313478121,61.862095100348014
121,21.55352210998535,3198.567035095442,9.75493020966429,121.813896371842,162.17581229441433,1.9033535115456972,inf,26889.036952624265,,,7.900793408398924,3946.45478879663,0.30338523623326036,82.92778845257057
122,21.25046157836914,3141.1069893715367,10.239327685538354,140.86647087191736,190.14977640023548,1.5398863000275251,inf,33438.08883255622,,,7.827022208031998,4868.609944409815,0.19870712192056075,169.55311888902946
123,,,,,,,,,,,,,,
124,,,,,,,,,,,,,,
129,30.181974411010742,3988.306749063418,39.316198344711545,34.8467537606985,41.27476910893321,2.058447105658807,28.16247104281374,4114.087132509704,52.30797704231194,,7.246157000393532,3312.4150876125286,0.39740948210964566,7.590130790269265
130,29.714948654174805,4133.843152879187,33.057551642497444,48.55095790643581,57.17458199584035,1.821253958400126,33.23180991083266,6765.917533036031,85.50066782776868,,7.525787193486044,3963.078268492445,0.2736807533020449,29.360258708473413
134,,,,,,,,,,,,,,
135,,,,,,,,,,,,,,
136,,,,,,,,,,,,,,
145,28.89604377746582,2764.2321301530155,10.228756546464501,121.21574107020078,171.02356787334654,1.576440739858727,47.02181849373389,26691.22627843036,361.88276250110755,,5.269019799590608,3103.993768023634,0.331618666063401,51.227513886304074
147,28.33390998840332,2860.30473098946,12.040463952479465,87.98560411498882,121.25522638748939,1.909160606192138,66.58668489031523,16506.212279117146,363.3292597845416,,5.586853472271899,2690.3603327869273,0.44632983705534474,7.979317793305869
148,28.407855987548828,2146.5169920765748,9.615520190434735,115.42266754931921,180.16103087348927,1.3675885047043186,62.40814186432891,24800.85517911543,505.95818279294065,,4.262942786708581,2781.3952601350684,0.3716731752229966,34.72461744370508
149,30.392826080322266,2654.70205933233,11.561268524226305,90.64612400628647,126.9469821581952,1.7912081722607491,25.876277912984325,17260.51913097264,147.82119257430546,,4.968600822504194,2466.5765300575254,0.48994589553895757,0.0
150,,,,,,,,,,,,,,
151,,,,,,,,,,,,,,
152,,,,,,,,,,,,,,
153,,,,,,,,,,,,,,
154,,,,,,,,,,,,,,
155,,,,,,,,,,,,,,
156,,,,,,,,,,,,,,
159,,,,,,,,,,,,,,
160,,,,,,,,,,,,,,
162,,,,,,,,,,,,,,
168,,,,,,,,,,,,,,
169,,,,,,,,,,,,,,
171,26.990413665771484,2191.1720731995474,12.583898215480943,99.11443960496555,153.4549511530513,1.2422510132458109,inf,19734.920915384868,,,4.551727926139168,3280.65873670099,0.2742979024712991,63.62565263886234
190,23.734838485717773,6996.944725162068,38.23906895565402,39.4792380870859,37.033310330710464,3.27730886774529,inf,4961.158927002261,,,15.137212182508172,4685.223299362742,0.23068145915009544,37.58520640315524
191,21.771451950073242,6465.308794088727,62.855827157070784,22.89560470070267,22.31379160310821,3.1767029794896238,inf,2191.0796891389605,,,15.198357479503025,4843.268092018754,0.21117888433610438,25.94458088895431
192,26.02836036682129,7386.244518409153,58.967328111387864,25.034353514754013,22.826466852494885,3.538024633823718,inf,2505.154797053847,,,14.676187294720112,4199.215183877931,0.31221222510153357,13.779638010665355
193,27.175960540771484,7664.58290459648,32.99819313917951,71.97517710901904,64.36853032679541,2.2819211097057863,522.4616669176896,12212.486847127686,1513.3540343210723,,14.64485416124104,6487.905668265116,0.10888025835037876,102.97247652116761
194,25.81414031982422,7312.426527366706,55.19445250023099,32.08386358812852,29.31330471009188,2.919876123251045,inf,3634.6281631158736,,,14.68578696329382,5067.542344142665,0.20914077303080325,31.208613657966005
195,26.251615524291992,7326.482965693854,38.83253661011543,49.85640191944539,45.391676000248665,2.6758628693017625,inf,7040.6279406342765,,,14.522720387958275,5446.41829226501,0.17355689053538567,55.91749810388075
196,27.114900588989258,7573.255526734417,52.116498552464655,29.91876114776342,26.821174187855952,3.4343833977561764,798.4649497273471,3272.9954806204773,963.7095374790669,,14.552628450382718,4259.532353345394,0.29867298994134234,17.26003047652659
197,,,,,,,,,,,,,,
198,,,,,,,,,,,,,,
199,,,,,,,,,,,,,,
200,,,,,,,,,,,,,,
201,36.6501579284668,2738.0038639155114,48.21506000415886,22.932973470382382,32.524708285569126,1.7509590070457386,9.283154322964391,2196.4460915504237,13.586934884595152,,4.223073018737515,2241.3689844696523,0.6458939511613431,0.0
202,,,,,,,,,,,,,,
204,,,,,,,,,,,,,,
205,,,,,,,,,,,,,,
206,,,,,,,,,,,,,,
207,,,,,,,,,,,,,,
213,35.93568420410156,4727.98372590932,30.832415636536695,41.806116777740726,45.270722003619376,2.5936632826554855,10.037715406175614,5406.170516300248,20.44865806669906,,7.392641567664055,2662.6759462856885,0.6304908936409765,0.0
214,,,,,,,,,,,,,,
215,33.59283447265625,5046.005703334253,36.0407907148739,37.107343393427996,37.25729785273894,2.667955400889321,13.249735982247653,4520.846803984436,22.2142211982339,,8.736908131192818,2859.177507026334,0.4683561607511422,0.9681214480314967
216,36.821563720703125,5144.710109601648,14.164076748340108,132.6057077500958,135.02495171749467,1.9368474738267645,9.039795909666939,30540.301655092415,54.92691028074529,,8.030682592899126,3757.643062262583,0.2584885029061669,70.61124279630793
250,,,,,,,,,,,,,,
251,,,,,,,,,,,,,,
252,,,,,,,,,,,,,,
253,,,,,,,,,,,,,,
260,,,,,,,,,,,,,,
261,,,,,,,,,,,,,,
262,,,,,,,,,,,,,,
264,,,,,,,,,,,,,,
266,,,,,,,,,,,,,,
267,22.900686264038086,6116.453802634417,34.46073729205869,38.47671654398293,38.21820729294612,3.261836086501776,inf,4773.390907693005,,,13.824945251417981,4232.12192679813,0.3088904293008183,24.2920492299229
268,,,,,,,,,,,,,,
269,22.3864803314209,6387.667721566875,84.66249149751744,23.130449623212986,22.519063733478138,2.306493307747601,inf,2224.877520413507,,,14.727688168789022,6392.38963795979,0.16226393513432114,31.604584776380875
270,,,,,,,,,,,,,,
271,19.73272705078125,5851.561494719801,48.78569145830833,39.52512590269766,40.5198092848635,2.145808932456488,inf,4969.811179321251,,,15.100212731648478,7131.881343321684,0.10029244512820314,79.36510127422397
272,,,,,,,,,,,,,,
273,,,,,,,,,,,,,,
274,,,,,,,,,,,,,,
275,,,,,,,,,,,,,,
276,,,,,,,,,,,,,,
277,,,,,,,,,,,,,,
278,,,,,,,,,,,,,,
279,31.478588104248047,2273.438129570772,27.234443846405885,45.525723312219895,69.09728234713879,1.2965604689672579,19.644158907522396,6143.491723732053,61.08110975273114,,4.110583453494647,2832.073655194044,0.3368562358696034,16.874721502884434
280,29.089466094970703,2825.39311167719,6.466346796904283,171.6660238455162,238.5093740358913,1.799784650285489,42.56280311844728,44983.83916813931,456.8232388047184,,5.376654261005901,2755.0998709634855,0.4157215962830621,29.55298825837383
281,26.90973663330078,2510.8890958230195,25.065750121534673,45.3287567198305,66.68881270487547,1.5626366987270008,inf,6103.665244350532,,,5.141849776453826,3026.2228920787447,0.331524319105123,20.39527600809916
282,31.21216583251953,2750.681553378992,13.236795828156508,100.93873657134623,139.75574106431966,1.455742571390819,20.92508950355416,20282.280860740535,131.5980625682893,,4.99447548013175,3081.305211012199,0.32105015367042644,42.404915683463564
283,29.388044357299805,2856.8970404657066,15.379075916021975,65.95330757450937,91.39632142947822,1.9916488514050399,37.306407737767664,10712.352775334555,153.4350794841084,,5.370390025532938,2498.322579934177,0.509633162995503,0.0
284,,,,,,,,,,,,,,
285,,,,,,,,,,,,,,
286,,,,,,,,,,,,,,
289,37.70827102661133,3342.1995702903023,55.00398639318195,25.489710578087987,30.132861457851206,1.6856147034460607,7.9899084618568645,2573.81514552536,10.834146213392065,,5.4629862109941145,2646.1187131195334,0.5275158372200079,0.0
290,,,,,,,,,,,,,,
299,28.38148307800293,3189.9164763472286,6.346005434023073,167.61305311622746,221.7825502095287,2.1205867201260857,64.80490506423723,43400.20201970247,646.7668700054821,,6.135528884457351,2718.519653195579,0.4549616658725263,11.322540753507129
300,,,,,,,,,,,,,,
301,34.37800598144531,3301.470166134452,33.637263780358516,52.945465512558236,68.45516565246976,1.310819662501651,12.125512152507888,7705.009035161039,37.35242743594331,,5.377530482294757,3818.7851364086646,0.23935656866461472,33.359383679032106
302,32.27363586425781,2854.988450220482,21.15806746588391,42.866211625327246,58.99206206036612,2.2258621090363766,16.8421798491496,5613.098342428522,44.709971350179636,,4.968192406708913,2044.52210300838,0.8324708619237434,0.0
303,30.944089889526367,2399.1577923641034,51.07698949684448,28.513712577463078,42.2103969465467,1.1648359219671163,22.326149359924607,3045.16371991296,42.40780320466382,,4.396596835352881,3382.0536999818664,0.3290003061187702,11.395614849575766
304,33.227237701416016,3095.83889015448,10.389684467537998,149.50656521638098,198.84657275891075,1.409291171678863,14.323058292011792,36561.19580655872,128.16409737566892,,5.216363828539977,3424.569282421466,0.30206614823624595,68.13513313001891
305,,,,,,,,,,,,,,
306,,,,,,,,,,,,,,
307,34.07802200317383,2833.254564677362,18.570743128144017,69.75693297473816,96.16836927123373,1.54651429562604,12.548102441119923,11652.284025021172,54.30287471449005,,4.708113584060987,2779.594224871221,0.42191722763916206,9.347726349633163
308,32.38984680175781,2389.8734234953004,13.278303736580517,120.00178589195207,179.80971007816757,1.0605462038362639,16.443957526075316,26291.269666416054,133.05524558855868,,4.161453423153407,3572.6158675602965,0.19894098497071946,95.84175003124501
309,32.458946228027344,2687.023871274962,31.051729509029396,36.22882410221884,51.03974364871974,1.6889488391782033,16.208191628097516,4361.2537198148875,37.22678755683402,,4.684249194558848,2513.1335904031325,0.4475384627479498,2.78460632381569
310,36.9898567199707,6868.30163312193,132.95016881100327,14.62984974347861,13.012459160260663,2.49692560583871,8.936062447630977,1119.1538529926568,5.232606644400167,,10.581088420033224,3896.6166429425552,0.26075626174197974,7.706772034258264
315,36.7684326171875,3161.3802234953764,77.74662235330747,22.542102864710234,25.444983207343096,1.2755156060384087,8.38768574693069,2140.5315652304216,9.604103534060508,,5.685817010878372,3239.8894583918263,0.22740006154484738,12.989496235637612
316,31.938119888305664,2162.491765788605,11.051711790391229,136.13591554599566,210.9337352388139,1.0163357386165368,17.77564868604027,31767.94120698112,168.72677881377248,,3.8764294077817656,3383.8451525912765,0.21474214306781922,101.38808556447937
317,30.91791534423828,2264.0859822825746,6.065235553665032,160.01711619366822,244.06931466799293,1.6495436283903195,22.48684590281913,40483.64936268218,246.97570808456234,,4.148429520076667,2256.701648749194,0.5519804255258841,0.0
318,30.938631057739258,2154.654919564611,16.488860874548696,77.60886639801961,120.21372696538805,1.1905858971701597,22.24953591314556,13674.045023541825,120.36148359162642,,3.9826126561718933,2957.8696639929817,0.2895971016001766,40.049441196528754
331,,,,,,,,,,,,,,
333,,,,,,,,,,,,,,
334,,,,,,,,,,,,,,
336,,,,,,,,,,,,,,
347,32.394344329833984,2959.367998954554,38.92065937564737,26.835997312811713,36.42228142306664,2.0034847748973332,16.50473698469092,2780.3956811469975,27.05130788715491,,5.111864879400105,2352.1425808268145,0.6218090392556119,0.0
348,31.9222412109375,3358.9274723530702,27.990600668753146,58.801734895791554,75.81358034763522,1.4430562843824863,18.207616503896695,9018.103291164096,62.117306854069554,,5.808507547979394,3781.2558562573186,0.25945300195170984,35.771145753762056
349,31.053958892822266,2755.4106372797896,35.12955172850477,43.23743651927366,60.51715804263128,1.2827404423857518,21.886047836218847,5686.17081259944,59.60166371248698,,4.967540638438442,3542.5387004417785,0.294182035256341,21.89625004137203
350,33.84111022949219,3293.3587863173075,38.03421102277392,33.143268595321636,43.05439333585748,1.8473717597457486,13.098065564747317,3816.1285882308216,25.376817004356656,,5.420168473843626,2746.1069422435803,0.5558035491632861,0.0
351,32.833526611328125,2865.8903160887085,43.01997287710375,26.23924461700633,35.7715152830844,1.7952424403444627,15.165223891403848,2688.171597211521,24.41173671912372,,4.948464220376513,2495.2179942136913,0.5932492031098803,0.0
352,,,,,,,,,,,,,,
375,,,,,,,,,,,,,,
376,,,,,,,,,,,,,,
377,,,,,,,,,,,,,,
378,,,,,,,,,,,,,,
379,,,,,,,,,,,,,,
380,,,,,,,,,,,,,,
381,,,,,,,,,,,,,,
382,,,,,,,,,,,,,,
383,,,,,,,,,,,,,,
384,27.27030372619629,3577.0836016214603,37.05647727669362,34.45158773886086,43.320292960437726,1.98125656924934,332.3726114103233,4044.3046068706926,647.9315504244419,,7.092902153315655,3397.203312937968,0.3485742452073318,13.552375990521494
385,,,,,,,,,,,,,,
386,,,,,,,,,,,,,,
387,26.562517166137695,3118.4267698054346,20.307275901600917,64.98086931122951,86.81215102130405,1.6710266098433006,inf,10476.30831695148,,,6.386785755980606,3581.480171705493,0.2578545211810706,47.10036818035693
409,,,,,,,,,,,,,,
410,,,,,,,,,,,,,,
411,,,,,,,,,,,,,,
412,,,,,,,,,,,,,,
413,,,,,,,,,,,,,,
418,23.40989875793457,7750.547317406836,23.107541477020778,58.75786327841684,52.64049661891771,4.0364319819248395,inf,9008.01264572731,,,16.89945699752444,4281.542902880942,0.29385308267837557,40.31337145093138
419,20.273324966430664,7065.300389943203,61.116797873486284,19.218123829019483,18.09757276290483,4.253476659601576,inf,1684.9866979887395,,,17.60111520372622,4255.632237549428,0.36846650598973063,8.623827207657962
424,,,,,,,,,,,,,,
425,,,,,,,,,,,,,,
426,31.137210845947266,1603.4435614476138,5.229332711598384,117.7738019769012,208.00799043307026,1.8409572803647043,20.984318847490076,25562.483112629983,196.4207697332945,,2.995822641130381,1402.0760304750472,1.3801908980040625,0.0
427,39.58064651489258,2218.66017383808,56.81391574218304,19.159924759452306,29.206338891475614,1.441210002603738,7.010872622733756,1677.3384193592162,9.214286478503874,,3.313578088452348,2028.5899657737843,0.7957910247016275,0.0
428,33.55510330200195,1618.9115260407734,36.9732601523242,17.847343369320825,31.279503033741342,1.7347895262679616,13.23954845733611,1507.9618849287456,18.635692326147463,,2.8378639341283276,1403.0185747256137,1.3725457775833612,0.0
429,31.977218627929688,1849.4468445163802,29.672598333390024,31.168879610612098,51.14459052351458,1.4140022045529779,17.42757078888625,3480.260744480137,40.1096687317718,,3.3813904869694023,2053.231201607086,0.7768047489244451,0.0
430,31.335205078125,1768.7632056971959,41.19691081429834,20.817486776837896,35.54704083649597,1.4583499421220518,20.20370119425354,1899.6449693426612,32.318180613022186,,3.2359792628914765,1958.3758785674215,0.8227827473286198,0.0
431,30.236860275268555,1783.5063662628986,54.444728898180834,29.31452126335956,50.4046572818456,0.7901708793962031,27.21978793689993,3174.3455776851943,61.740183700978015,,3.3325043393546867,3787.6382920109377,0.16120306300021822,29.25238722355274
432,32.27311706542969,2117.483789932407,30.69993955099868,46.80946232027364,74.0945406482282,1.0419189180641093,16.75281283769752,6405.167252420517,55.85813872987222,,3.7199612765955417,3221.9955699517586,0.229246021169083,32.42119810208243
433,31.45192527770996,1308.3399132437846,23.66481257910611,23.25465239321436,45.83405784011095,1.6810966057011514,19.59310186292927,2242.821826427031,40.41141138237086,,2.4031346120675736,1247.2516923352762,1.667137170216951,0.0
434,32.872947692871094,1919.004336257147,35.961927348500474,35.656568029316304,58.4066784053019,1.0582260768734162,14.918710651081991,4258.329912428891,39.21085508487741,,3.3665026272269256,2804.1681447253595,0.2854600692398831,17.842985402508344
435,30.378164291381836,1855.0377616466267,47.581664690046644,28.005396643427275,46.89910350823659,0.9843655282840497,25.982236804513175,2964.0982002554492,54.834462597167004,,3.474901145949597,3136.9446107201147,0.2311061071447706,20.181678571538402
436,29.990856170654297,2141.0543141052394,12.938051889616577,94.21986673150681,149.6376049882306,1.2419419949411585,29.65810001754107,18291.26425610321,199.70851748068102,,3.982463444069028,2934.405609961233,0.3000384537230617,47.48826293194293
437,30.018028259277344,2097.183687739279,15.35742845265228,79.71414881549019,125.57717682861623,1.211344186632777,29.082860088378027,14234.201691927492,164.34645588000686,,3.970292297107006,2913.5600556567447,0.30303673579868395,38.97527880413933
439,,,,,,,,,,,,,,
450,26.07326889038086,2947.435873559039,7.6825484172449405,131.9258509868415,180.70020106418417,2.0563363706129523,inf,30305.73714407659,,,6.161703748935134,2793.518724699111,0.40626023046951437,29.09434637566105
451,32.666900634765625,3181.1167630794826,28.871127956894696,41.091614325584004,53.21355450106134,1.8960407086428468,15.616660807050476,5268.170239260243,37.39581139412561,,5.513291391815858,2635.503396665342,0.44795137649834904,3.1001004463342268
452,26.01836585998535,3712.0746395137953,10.976020005723027,94.62271762047304,117.21245974311962,2.5273267566072737,inf,18408.700044701076,,,7.661060136749222,2892.582831015759,0.45729232806654224,6.3091702663193425
453,28.7191162109375,1976.5396883961557,17.10375706728824,77.1214776457303,124.66483767008503,1.0595554263241893,50.928863912709005,13545.436626440383,285.7067348579874,,3.910770459469538,3261.219716160951,0.22847892940308576,59.12266598401106
454,30.84661865234375,2013.635530723777,22.120725704652184,61.4816635411367,99.49633290516154,1.0469378169326382,22.91079058192571,9641.58447171156,102.57928410868739,,3.6950181761086025,3169.9794910662645,0.2375407145579154,42.49315793778766
455,32.50537109375,2566.130881881786,12.987860071144349,123.32414587572578,177.0142116447516,1.1328648139315995,16.031998920093514,27390.63937882604,127.70512424684381,,4.487300088623528,3564.7426336879716,0.20860302475419532,93.5290823148622
456,32.362327575683594,2354.8462070067767,16.65219102585903,81.07443736661634,122.55353582553056,1.233366713653724,16.541376207009762,14600.102705714056,91.22418637152073,,4.0978059058329155,3031.7199017749076,0.29086207225808836,40.33822940967949
457,,,,,,,,,,,,,,
458,,,,,,,,,,,,,,
459,,,,,,,,,,,,,,
460,,,,,,,,,,,,,,
461,,,,,,,,,,,,,,
463,,,,,,,,,,,,,,
464,19.66205596923828,4362.109522112536,42.59939312934782,35.14548488529581,40.83045208358056,2.060196362323704,inf,4167.103667883382,,,11.544396879841075,5487.794957492689,0.17620928300852445,50.77055794963154
475,21.219327926635742,7010.998529101383,14.995185390135356,78.5621161604389,73.81538933329445,4.208233851589627,inf,13926.749223360903,,,16.823133888867975,4072.013119894113,0.34156737564745643,42.48117667909426
476,23.63803482055664,9423.770144825903,19.080263648340544,88.90502755998857,73.25867513825662,3.9282488723869644,inf,16765.614540820912,,,20.075560521232603,5343.412915742148,0.21706947617341069,91.72198540040777
477,23.201671600341797,9069.893089764162,32.31481194680268,50.179782770206195,41.995200220413615,3.955093548982599,inf,7109.2397586275465,,,19.735794375022312,5187.712008075634,0.21973728448921648,51.917740101273644
478,22.329425811767578,8345.683547222734,26.441299670970817,56.7827201113116,49.46699177771358,3.930501115842856,inf,8557.645369401702,,,18.858743632448945,4976.61971206415,0.255731115150125,50.83410153018395
483,,,,,,,,,,,,,,
484,,,,,,,,,,,,,,
485,,,,,,,,,,,,,,
488,49.23490905761719,4390.62649492773,23.51790021366035,86.62190783512452,90.53105353887966,1.5240008451993734,3.9530419862772677,16123.95631443258,16.104287506549795,,5.71950267180654,3128.475915984803,0.29198144805289405,29.274548736494022
505,,,,,,,,,,,,,,
506,,,,,,,,,,,,,,
507,,,,,,,,,,,,,,
508,,,,,,,,,,,,,,
509,,,,,,,,,,,,,,
510,,,,,,,,,,,,,,
511,,,,,,,,,,,,,,
516,,,,,,,,,,,,,,
517,35.66559600830078,10288.80489582816,60.43643098504948,32.29812142978704,24.908052343387652,3.727124168678446,10.64399437877196,3671.097256211203,11.930452610812917,,15.413374172234294,4174.753926637808,0.3247731034150346,12.256745055330166
518,32.254276275634766,2311.4262146260953,23.799400475413965,56.4848452917269,86.22507688160172,1.2158138210667995,16.885410270046172,8490.39530463249,65.51756094204534,,4.032232086608713,3028.6681903675776,0.2848993019656909,29.216489681442617
519,33.25205993652344,2913.935068316047,22.553345978780815,74.8568814017567,102.5445063781502,1.2204560930600536,14.260290772213112,12953.21549860292,65.80415151204679,,4.91030787118754,3718.0260968065636,0.20335136961732012,57.553593068975395
520,31.059814453125,2531.994050182513,7.254272843632015,173.54885557525853,252.32430699570185,1.4221062425373092,21.80159964719151,45725.938396940466,247.54830850689007,,4.583393600810675,2928.6724977933977,0.32234586459280806,72.87739366702755
521,,,,,,,,,,,,,,
522,31.400997161865234,2534.856404152444,7.572176815807478,180.86425637753462,260.95328262763485,1.3087746389606068,20.03300036089959,48647.342013926034,235.2454742275803,,4.5760913290797145,3141.972674056801,0.2888854567352173,93.03436662838651
523,31.05621910095215,2234.8231614121664,3.1966431283415937,352.2587368528194,541.5559818026272,1.4033701600016388,21.738774721980498,132227.7645640609,529.7743569486727,,4.072662279748008,2609.8702338837943,0.41099607951211947,60.96089743520799
524,,,,,,,,,,,,,,
525,35.2542839050293,3727.420353632346,32.36167592390972,47.50832703307844,58.0677288948134,1.7143229244493812,10.873506341164138,6549.144936145572,28.412991825963907,,5.912813953080371,3233.1996984273396,0.36969869583629866,12.227416755477286
526,39.54099655151367,3681.4353056249074,24.929147265248915,53.78043030733893,65.58956812170676,1.9416479081477906,7.154860435790558,7887.990971106623,21.117789267956518,,5.339456138581282,2544.025480699545,0.5704301096965113,0.0
527,34.004791259765625,2587.570566769164,45.78703618147156,19.35441720464815,27.79028787864648,2.064688666301363,12.644824036047451,1702.9431241427071,15.813148506146423,,4.328165105732604,1899.983437259725,0.8519452548057144,0.0
528,28.7669620513916,2989.197085378849,10.647269706683224,102.85861324776427,140.5293281605911,1.9300147679780626,50.6565367332551,20863.683835663134,320.3428083329989,,5.681564195143297,2763.8895970722597,0.43330060794033404,12.950700120398682
529,30.441858291625977,2530.2029023811756,8.519399371711364,131.08349309307562,189.1150039716225,1.6020769363543912,25.59127230918076,30015.94386411202,217.78621039753168,,4.7018201650974785,2633.1638438915934,0.4223566899500829,19.152036050026997
530,28.609899520874023,2999.8322040063545,27.489913768951762,35.711057010761735,48.5578939946145,2.1607567713232276,55.50224613066584,4268.094762025128,121.27824828341436,,5.7475645559441055,2485.717257259096,0.5234215273771358,0.0
532,,,,,,,,,,,,,,
534,21.456378936767578,4009.8861209868987,33.93647736037553,29.860125488315667,35.865981972061284,2.7980704985887472,inf,3263.3784286187897,,,9.847499452057592,3399.5543583974063,0.366361776503156,12.657600075456182
536,21.929475784301758,4596.011541180898,33.901789468949836,31.28663912567861,35.323344856075614,3.0639704841282915,inf,3500.0025837184944,,,10.98560112163379,3497.791350983297,0.37877025917157914,11.522947161106684
539,30.29323959350586,2665.256438134023,23.482280549402876,43.249249800302884,61.26428292819365,1.855688824327267,26.862691816453815,5688.501325015579,74.05755982452445,,4.936619253426626,2415.8635901949165,0.5335842657668263,0.0
540,,,,,,,,,,,,,,
541,,,,,,,,,,,,,,
542,,,,,,,,,,,,,,
543,,,,,,,,,,,,,,
544,,,,,,,,,,,,,,
545,29.99049186706543,2676.4667922773474,14.34568968293678,72.41282006371145,101.88826204767534,1.8218388886045165,29.501253949702186,12324.04249897384,135.26241719230228,,5.025893015210461,2487.108569179903,0.5074131519540166,0.0
551,,,,,,,,,,,,,,
552,,,,,,,,,,,,,,
553,,,,,,,,,,,,,,
555,,,,,,,,,,,,,,
556,31.745534896850586,2315.7218712944864,54.81985775028796,16.253115232884657,24.358815721524223,1.8377942181803224,18.505308005296392,1310.493639310622,20.28453244069778,,4.1696745557565995,2015.8992087220097,0.7083400205213488,0.0
557,31.173513412475586,1910.6305879769905,34.848726201250145,23.62200889057266,38.27083264036248,1.6411867100438706,20.81802539647309,2296.1763452002083,35.852542463305674,,3.5612519984385687,1873.5156994886968,0.704657823976135,0.0
558,29.12393569946289,1780.2370395947726,22.16243922550461,33.96764245866217,57.657802853776154,1.6721678597322616,41.14441084654852,3959.3883774053193,106.75333481062785,,3.4895603820080616,1833.9654043142143,0.7298349704859014,0.0
559,31.02579116821289,1448.4189259360526,22.736365082915807,24.46729611488568,46.50988782753085,1.8410779679411162,21.845339450029286,2420.521601258176,45.72109293188384,,2.654051887145109,1287.0997988336815,1.5933180885891456,0.0
560,30.334291458129883,1515.170896511729,36.0764130230793,28.674182258484116,53.28735505097568,1.0356958361871051,26.367560970818054,3070.9062458314015,63.22759124761038,,2.833703384204792,2442.4765550445727,0.3607673846243003,9.008006279246061
561,29.71782875061035,1391.3372407873221,17.352624464889804,44.2119451846976,84.60074797716166,1.2823678483721528,32.095737048360625,5879.486939995921,122.18955125263234,,2.686726807457536,1831.4041157414986,0.7116764449155767,0.0
562,30.177595138549805,1674.9555249854736,12.457773699914204,93.21677358309442,163.07718737076402,1.0198910421695253,27.50439414850882,17999.94160853082,201.8402657134073,,3.179767477821411,2738.6486152074813,0.2937719134548349,47.85354346351522
563,,,,,,,,,,,,,,
564,,,,,,,,,,,,,,
565,40.59907150268555,4647.302224002966,80.60551334765415,22.653862309090034,24.92902900010847,1.7996121389166309,6.65936418404287,2156.469799750742,7.470516728982978,,6.504312202502137,3416.3212531832664,0.380701866165424,4.637663574834682
566,,,,,,,,,,,,,,
567,,,,,,,,,,,,,,
568,,,,,,,,,,,,,,
570,,,,,,,,,,,,,,
571,23.26104736328125,6634.648798206032,46.33049221455929,27.813857358842395,26.680140367330495,3.640615414477997,inf,2933.7414051879564,,,14.691224796765187,4066.21354421485,0.36209314649026536,11.537688693063238
573,25.206283569335938,2751.5127204305413,6.689366108468675,144.32568069172396,204.304313843246,2.0152454399908875,inf,34677.31131649877,,,5.945005457146468,2743.957045933328,0.4269875027883705,23.31417407934781
574,23.202880859375,6973.058134613135,27.486448381185806,44.326178306206884,41.58199237794678,4.046964289836467,inf,5902.28844050332,,,15.43724017362979,3859.2997858358362,0.41226945665609394,10.282632149100088
576,,,,,,,,,,,,,,
577,,,,,,,,,,,,,,
578,,,,,,,,,,,,,,
579,,,,,,,,,,,,,,
581,31.59381103515625,1848.897303473204,13.584776737477796,73.21469939845728,122.56660444790485,1.3144588728322542,19.09419694245436,12529.317685604845,105.3139897753289,,3.3498498008579753,2257.5307359723224,0.5301348267961535,0.0
582,30.558334350585938,2153.983689495933,21.16959614667778,67.61057323050531,105.65295495268946,1.0641435607943308,24.745901579795216,11118.646501267058,117.65149311932058,,3.9913671382431763,3361.9903453102825,0.21690281670192804,52.055331508212156
583,,,,,,,,,,,,,,
584,31.971477508544922,2461.7492316138564,14.13058416103695,73.11545592782544,105.94690655143921,1.6848432590951923,17.634627602860725,12503.85084272504,84.0750409219372,,4.418404194216173,2318.619928160278,0.5429605216407084,0.0
585,31.250625610351562,2161.987525295487,11.889173102063145,101.65456072556947,157.1997933876354,1.2649101212741511,20.619648105626542,20498.41576906123,145.8631989868608,,3.960064390690094,2768.5086166335814,0.32626542315470364,40.87825220992397
586,,,,,,,,,,,,,,
587,,,,,,,,,,,,,,
615,22.95625877380371,8011.674203488215,37.40594835284228,29.48783811732334,26.09809836118484,5.135996024483051,inf,3202.5387712351626,,,17.716819962504793,3552.0872531006553,0.487573440403145,0.0
616,22.13967514038086,7989.20385804085,30.000177848929027,47.432519455819914,42.074695224487286,3.969981494449804,inf,6533.475787073758,,,18.268649366910278,4744.826046042896,0.26542378777541786,40.54951941337237
617,21.92443084716797,8254.40319904341,36.35979434335593,34.64191193962182,30.409573911123132,4.63390802460159,inf,4077.8643578581577,,,18.93937018508399,4253.389172975217,0.3416304193709644,18.290970370783143
618,28.680349349975586,10134.818667747591,129.6643734618155,14.112643979117939,11.128229041719381,3.916263755463376,55.15118942490335,1060.3337235034078,27.618078052960932,,18.17628992276532,4794.762793308908,0.27410915661764595,9.034320762755653
619,,,,,,,,,,,,,,
620,,,,,,,,,,,,,,
621,,,,,,,,,,,,,,
622,,,,,,,,,,,,,,
626,35.865394592285156,4914.914914009454,34.69646174030348,50.907469052440426,48.70527093444545,1.9675886618920453,9.53048944832162,7264.441897525566,20.888328182327008,,8.545526002537994,3443.1175275807354,0.2653490112049915,25.452668176677637
627,31.51976776123047,3547.9947620201765,126.80287067018853,8.008457041848795,10.06821741563086,2.4705294556551545,19.849613950402453,453.26613337296374,8.993260299104605,,6.192191589683161,2362.561856473375,0.6276801816316196,0.0
628,,,,,,,,,,,,,,
629,30.861801147460938,3593.4069141842765,52.33762932800048,31.672131562084303,39.436196475012416,1.5328514233099766,23.18156529927788,3564.8883681834236,41.13867436832936,,6.412545287766523,3923.0247727748338,0.276969319746781,18.01810255609568
630,31.648401260375977,3514.447563048333,20.52076541906157,45.01198734848322,56.42291607162532,2.6904215072999142,19.216858432274297,6039.796107246958,48.79220357180331,,6.158457653607289,2131.7335888501607,0.8437164789802952,0.0
631,,,,,,,,,,,,,,
632,30.700416564941406,3582.511902909392,12.263780495083015,79.69429863427251,99.49268592705418,2.591916597099868,24.206572488284475,14228.885184823512,108.3769611276311,,6.416208948892943,2325.4826643506535,0.6971179527936804,0.0
644,63.081539154052734,21230.4238448058,122.57174970006557,30.029190148088773,16.382583570882414,4.078586346803714,2.7481473693459666,3291.132942349104,2.0259789274534925,,20.46592925423845,5195.012630979977,0.20399191222127633,14.75336598651928
645,41.06278610229492,14596.833073432987,110.66903135291192,21.09747819385136,13.792695936363668,4.420658721423893,6.636600161619875,1938.0983672243676,4.119147363620021,,19.22237633190361,4456.888469427554,0.323697895266525,7.200645561687084
646,28.186304092407227,9496.690418665836,83.03432472331413,23.801496877050365,19.270345114201113,3.397780769792078,77.84136915552985,2322.3966787002037,67.50135215050454,,17.411342895002957,5243.239446406566,0.1889877482523294,23.523277306284168
648,,,,,,,,,,,,,,
649,,,,,,,,,,,,,,
650,,,,,,,,,,,,,,
651,,,,,,,,,,,,,,
652,,,,,,,,,,,,,,
653,,,,,,,,,,,,,,
654,,,,,,,,,,,,,,
655,,,,,,,,,,,,,,
656,,,,,,,,,,,,,,
657,31.09416389465332,3449.4627248105244,18.569488481929337,55.32769851510854,71.25627735433802,2.374072145691321,22.035053781773318,8230.835144922276,70.65611567063075,,6.033319843930211,2433.572713958012,0.750674399483958,0.0
658,,,,,,,,,,,,,,
659,34.5782470703125,2050.7215968706446,39.80349362485845,23.003082375568813,36.52018349697914,1.583742167583634,11.58789401202864,2206.5259921993843,19.04364070482743,,3.4340202721623942,1917.082761521568,0.6461608351836589,0.0
660,32.56258010864258,2070.919892516189,14.756691411341961,57.44448742760882,89.64389032652474,1.727471725853,15.655157130703827,8707.681461454755,63.152513499119664,,3.7019901638914567,1858.426971641858,0.8027461443968875,0.0
673,31.967453002929688,1987.7534193748231,27.534304620811373,32.7428486629762,52.699700256037524,1.5590388504922834,17.629660473528176,3747.1811342153605,41.80850201567913,,3.574876738907763,2021.2802461202734,0.5617633159456021,0.0
674,32.72296142578125,1949.3237898579564,23.582342272968887,35.165304399166295,57.92327049653193,1.6621402471858533,15.426016647587462,4170.62908281852,40.208640073299584,,3.3879069534896176,1834.9011177712707,0.6868864607667059,0.0
675,33.10619354248047,1948.2196521257665,23.724324168072176,31.918572302540305,52.15329112129008,1.8192216469268043,14.392410058177418,3606.5767757590647,33.77751982654997,,3.379256118315611,1650.4042617397824,0.9080552609733717,0.0
676,33.08565139770508,2035.6752390108852,22.021107863923103,38.87950985522574,61.938996792707535,1.681254852636229,14.41310137196504,4848.542061754554,40.1729867843,,3.5447871553581973,1863.4503017635623,0.7122907795760445,0.0
684,,,,,,,,,,,,,,
685,,,,,,,,,,,,,,
686,,,,,,,,,,,,,,
687,24.497413635253906,7879.734625734465,29.755351218045067,56.13112542938761,49.819305071399064,3.3360132196545793,inf,8410.767357756991,,,16.480261405893113,5043.386247318689,0.24240009163759432,49.04617783283457
688,,,,,,,,,,,,,,
689,,,,,,,,,,,,,,
690,,,,,,,,,,,,,,
691,,,,,,,,,,,,,,
692,,,,,,,,,,,,,,
693,37.23521423339844,3017.431296272546,27.698105462997383,65.58195816311462,87.51204989416397,1.1745944603191332,8.696063841945007,10622.006561785593,34.245466776860695,,4.648388694627183,3606.948708611613,0.21162761600796873,43.755653621533305
694,,,,,,,,,,,,,,
695,,,,,,,,,,,,,,
696,28.284130096435547,3057.1119618488906,20.152297955080368,54.04919147662125,72.91911452263925,1.9846437880887742,69.64353316158478,7947.193697509546,228.52551466668714,,5.909543961465046,2789.643245510254,0.39013946340546507,13.628383528391451
697,25.280986785888672,2706.726537814626,38.42434627423198,24.53843346031873,34.97981262480208,2.029906629194831,inf,2431.0855747636115,,,5.839168589486948,2670.545886710636,0.44869747330400245,2.304421422779448
698,27.568584442138672,2715.435717879969,17.581033738632723,56.356780509740005,79.67482351854103,1.937911526363743,156.1609289602034,8461.537013163863,559.8942504928033,,5.441619811321859,2579.6757792951785,0.4564349049749038,3.647118604395847
699,27.943511962890625,2618.515060633819,13.051658148728798,77.5110251796739,111.46442088019106,1.8302520718045001,94.04808222720499,13648.194946131604,471.7356759156596,,5.188452573218826,2599.6862795477746,0.4611032683065719,3.960131269053251
700,27.600494384765625,2602.1727387185033,8.13601717657546,148.23362624722498,213.54373048484655,1.5256767752828861,147.65166389764337,36095.25339859766,1418.8539204448875,,5.222138327226395,3132.1985612741023,0.31627479949757187,72.48000446359836
701,28.37915802001953,2652.193995549234,18.478559160461344,49.403649686178326,70.3736274647171,2.054296619190693,64.22972348066017,6944.940766301468,203.40353845753972,,5.197161897210295,2308.7703397623486,0.5918765247117127,0.0
702,28.2998104095459,2170.469639773349,4.588107135259094,243.71410518720037,380.3781225772666,1.3725383946426972,67.80630133471278,76094.10149688457,1160.6415120272904,,4.3020124316564825,2820.8997089626537,0.3583894312933948,83.56380913956204
705,,,,,,,,,,,,,,
706,,,,,,,,,,,,,,
723,,,,,,,,,,,,,,
724,,,,,,,,,,,,,,
725,,,,,,,,,,,,,,
726,,,,,,,,,,,,,,
727,35.25145721435547,4099.324339302427,27.61975133023017,63.53421715856769,66.99796417874197,1.6518470650689354,10.272673593010936,10128.415759496078,30.97116978320048,,7.187662266039082,3485.424708687334,0.2671016199686236,32.05766402821394
730,,,,,,,,,,,,,,
731,,,,,,,,,,,,,,
732,25.149457931518555,3520.7511207577195,0.3340082581064087,3249.6277008374404,4121.715140278675,2.293662507893171,inf,3704933.420273557,,,7.521249292779272,3115.259951339882,0.37512890142993893,1081.589878609502
733,,,,,,,,,,,,,,
734,26.4090633392334,3775.9055872140625,13.412735871611446,89.1337396654263,109.41452126692833,2.23329775016807,inf,16830.35155548722,,,7.689917748037674,3282.8500426793767,0.35118289464142033,35.40292206039891
735,22.552318572998047,3571.874853255598,11.261278328342625,89.59436118399704,113.45027740595187,2.503299811886961,inf,16960.982714399594,,,8.408403815601881,3219.016409235344,0.35350814912009587,40.53859570155314
738,,,,,,,,,,,,,,
739,29.368183135986328,3014.263134441688,30.138254471055408,39.94982947148904,54.06504657379757,1.7702440315488805,37.68612501638086,5050.128053295115,91.6875946888465,,5.652063237491973,2972.727912928383,0.3373082716279556,15.95075499113829
740,34.799774169921875,5135.901599604875,15.281338910473417,113.2668738213197,113.7262600906164,2.0981540650845045,11.266150473768587,24109.286995805247,57.65657215499223,,8.545174257397722,3605.629148745101,0.2820688986057205,55.07561566927037
741,37.00637435913086,4834.834184864047,21.24903021578782,86.74975492444514,90.7255724695134,1.8546382639674577,8.852566173034875,16159.666010118097,36.141936024277726,,7.547243280854155,3662.9695646983396,0.27747573858099533,41.31810043952109
742,58.511993408203125,10960.450405570864,,,,,,,,,,,,
743,60.742828369140625,9400.775789032017,33.391948463996854,82.517942824358,62.71703534292837,2.4124512333647736,2.7903007076614057,14991.758732477128,7.874972464490928,,9.990744956153122,3806.3217728616155,0.2828724566389101,26.483083903147786
744,,,,,,,,,,,,,,
745,,,,,,,,,,,,,,
746,60.92454528808594,10119.096170906021,45.749840796961635,51.376933920164625,37.7631360144087,3.044170378080648,2.7824391274635256,7365.161425198311,4.7283132249998,,10.699301093042774,3247.3863000115352,0.3781916718205681,7.97568458502195
747,49.115570068359375,11826.384877335795,56.81937322024353,46.79704155306995,33.38765427728376,3.1450110351666987,4.239910883643858,6402.618030224825,6.37023054373172,,13.77541955606865,4365.246966233174,0.24520695657112737,21.91588705856261
748,,,,,,,,,,,,,,
752,32.59006881713867,1539.7318826650219,23.17232928837665,26.386112870651317,47.34524110541362,1.780676378292296,15.502137829318801,2710.7728012665534,33.02786039303033,,2.774095965347748,1332.8934271296407,1.446382798580075,0.0
760,,,,,,,,,,,,,,
771,,,,,,,,,,,,,,
772,,,,,,,,,,,,,,
773,,,,,,,,,,,,,,
774,,,,,,,,,,,,,,
779,,,,,,,,,,,,,,
780,,,,,,,,,,,,,,
791,21.573936462402344,3033.3312484546927,9.570357144424621,84.65228266944544,115.64706640842354,2.6475125216955164,inf,15577.150139750898,,,7.491256179139107,2687.0987345228623,0.5785195244315644,0.0
792,21.50308609008789,2915.2811885321044,11.789119591284491,66.37839506681746,91.90544499066954,2.6342520793904303,inf,10816.085634137906,,,7.269040226655941,2594.089385185187,0.6592020228691081,0.0
797,,,,,,,,,,,,,,
798,,,,,,,,,,,,,,
799,27.305559158325195,3031.409526865406,8.368464540797289,126.02841378543654,169.52582626847706,2.032428905407662,291.4596331909215,28296.49870193443,2223.4470813269195,,6.096470174726724,2778.691973344974,0.4170229464497934,22.54798026867146
800,23.416133880615234,3691.218314530316,19.584104516850537,53.229270949552735,66.32010040271263,2.5038049748912505,inf,7767.044127731168,,,8.383813526251256,3210.19193285505,0.3743564892421989,19.157982563472714
801,22.33382225036621,3466.748982431073,8.750989465009026,116.39538606632215,149.513526355303,2.4066585201067556,inf,25115.02665278517,,,8.24169352269829,3278.723406058412,0.331805345461295,63.16124688167955
802,22.224428176879883,3511.7885388183417,3.0195536033998143,337.10852768879283,429.71661754993977,2.4395003054264173,inf,123789.7266373327,,,8.397995462839539,3289.6201129453625,0.33690555146746715,176.72152345450738
803,33.552696228027344,3200.187615706958,23.26434183960553,69.19836063950927,91.40125862148626,1.405639218853951,13.689931589216032,11512.607656586933,56.307463996337496,,5.294502229331683,3538.2252429796995,0.2808923162699216,35.74390802310032
804,34.12947463989258,3157.8532689143317,18.634175841056454,84.14889174846438,111.36736139627577,1.4240274421966927,12.553737529547666,15438.410933226696,62.91344809472063,,5.17082093290867,3385.8822583055403,0.30372302714071575,37.16552920073505
805,35.166725158691406,2967.9446133100932,22.22037306278909,79.09619873042678,107.60537985085271,1.1940811313436501,10.94652249747553,14069.005977174247,53.00571201240417,,4.750563424962238,3689.6575338003686,0.23047157409437213,50.98882825018065
806,,,,,,,,,,,,,,
808,,,,,,,,,,,,,,
809,,,,,,,,,,,,,,
810,42.98415756225586,12786.014450971938,51.425477272705564,41.70711561616039,28.997227420732468,4.215331231265608,5.840416061256736,5386.978342476533,7.621014274198206,,16.29869789767435,3934.0199916542338,0.41508270791919144,5.360898028017553
811,,,,,,,,,,,,,,
818,20.778982162475586,4672.848514730464,24.9334318855602,45.846400457403625,51.76720584444469,2.890542778538361,inf,6208.51680480422,,,11.659715718251109,3987.438560714314,0.291524798048792,35.29151401030824
819,33.4139289855957,1920.4579900016988,25.592441223009843,55.91762804599431,94.79742828778313,0.9489194711431329,13.939024774403462,8362.826890498904,59.46226656539151,,3.2072922753215356,3146.476183210284,0.23323922269606956,37.243142338457346
821,,,,,,,,,,,,,,
827,31.031259536743164,4330.294337778303,14.35795888056739,112.05881880660418,127.94074617260024,1.9031090466314715,22.29206658080301,23724.60859088467,128.342863443475,,7.639212508997248,3803.252231455345,0.2405705182709185,77.36143003993969
828,30.810922622680664,3772.190654326579,18.663446702767892,67.60962726061769,83.22248386063627,2.1138698497725037,23.663007207538207,11118.413153119975,88.61824059405608,,6.655882796050167,3012.6738724886964,0.3861070083144913,16.646114591610868
829,37.29618835449219,3893.3742476575435,36.26683996772654,35.332598180890194,42.63156983635729,2.1484530314495123,8.778269868456368,4200.426186473966,16.840414122276986,,5.8313229855657625,2580.010385367179,0.5042141898632515,0.0
830,20.85927963256836,3497.586818468479,9.762230321470478,83.73660180959143,107.37862499195309,3.0254440333097072,inf,15325.08860972912,,,8.8496822604966,2812.5286371864186,0.5555244558631285,0.0
831,21.703306198120117,3461.4774931904462,6.706554043415647,128.66843394937348,165.12773181710227,2.836449596528282,inf,29190.263697700888,,,8.47035411080686,2851.586874219823,0.5437326524365262,0.0
832,21.03310775756836,3285.3784814026167,19.675395135413485,52.0608373615157,68.51887150255385,2.267962129179823,inf,7512.711635263967,,,8.290819390507249,3485.889564239049,0.3747273760082336,20.62929671529156
833,20.18775749206543,3311.090005507383,16.09501394821765,50.47638408533675,66.4217505275804,2.8818833295122,inf,7172.364464275368,,,8.657800021807898,2881.5241595371836,0.5389458371462307,0.0
834,20.62821388244629,3259.324448233639,18.092957503880147,45.50278868801477,60.28049245652644,2.7994003956533784,inf,6138.849921789586,,,8.357865787088748,2858.432316479679,0.5405372936038916,0.0
836,32.00243377685547,4816.731573855252,13.04722454272686,109.34933180061286,119.69625927355449,2.3872789940612407,18.086604762269108,22869.369739407444,97.42045198512908,,8.174453033987481,3301.403742309598,0.35437297498855846,35.619605743797
842,29.57015037536621,4125.590058590299,36.55738274160665,37.28235528771663,43.68500077988318,2.140388641307026,34.98232672535739,4552.867452396673,68.76913366257146,,7.589669581127977,3368.835403829254,0.41966500895347275,5.986079621071816
843,,,,,,,,,,,,,,
844,30.995798110961914,3324.130869860787,50.810132103384255,31.768921857905802,40.68203410596697,1.4561640843438415,22.26632419992307,3581.2423392407572,40.762771223210464,,5.973635275537955,3781.6692651980266,0.25521440984532107,20.156792017665524
849,28.484453201293945,2105.8436195619583,11.000295233648322,82.67384784207954,130.27027957276383,1.637339077303777,59.184937541854794,15034.26574316213,346.95172620332954,,4.172306713475978,2273.384625864289,0.5723661142560671,0.0
864,,,,,,,,,,,,,,
865,,,,,,,,,,,,,,
866,,,,,,,,,,,,,,
867,,,,,,,,,,,,,,
868,,,,,,,,,,,,,,
869,,,,,,,,,,,,,,
870,,,,,,,,,,,,,,
873,,,,,,,,,,,,,,
874,,,,,,,,,,,,,,
875,22.55742835998535,3682.4826500498943,16.553214420703313,69.43812527387801,86.78955058831377,2.265402543633744,inf,11572.494317371737,,,8.647647475521257,3671.084281487981,0.26804620454173755,56.046578383864
876,21.163864135742188,3401.514336702008,9.244582558605746,109.6087426213099,141.59631682758842,2.3736944092802266,inf,22950.79793323065,,,8.544063086273642,3425.5407674572684,0.30561039765078774,74.8770981400096
877,26.767574310302734,3363.3446730398605,14.723241141872698,72.57506875939998,93.51888087910895,2.2256942141062885,inf,12365.485701817435,,,6.827918100870155,2882.3120315710403,0.4066183624583568,15.584534113490731
878,25.595155715942383,3672.5220042516585,9.902934933137159,111.43263154823093,138.15206292805334,2.3532772505534076,inf,23526.02617121518,,,7.730900329385977,3112.6913358926877,0.37031060036866936,38.240313447431866
879,22.450658798217773,3462.1453733861817,7.500760032959036,134.38255987525997,172.97909009922995,2.4287461238400145,inf,31156.191197746295,,,8.178477466011891,3231.196590215134,0.3491989266460868,63.353125300246404
880,24.877426147460938,3651.5622191226876,15.580432902753957,65.42339515654301,81.3962655853381,2.533092847526729,inf,10583.507280346843,,,7.8886715513553485,2953.775234584764,0.43750655492189144,8.586105111438728
881,37.31534194946289,2638.7624944711365,22.31496317640598,58.94676176956217,81.01859393915686,1.4184994709458505,8.446389699053071,9051.486832147944,30.794157777575613,,4.21254579079354,2551.892443446339,0.39059541783575796,11.198425086829392
882,35.51797103881836,2536.9318631708074,43.82495968012742,30.191240569235344,41.55708488347436,1.355786550503404,10.105386430298623,3317.809403636511,18.89776807489034,,4.303595998087204,2650.713361149803,0.35512839371230825,8.458954984912495
883,37.34225845336914,2448.823421791952,64.88743290367431,20.774995417734694,30.42990333001878,1.2845202144002232,8.552116870451881,1893.8317825245829,11.710804033569307,,3.8055794396624303,2653.152488436975,0.367814003391379,5.095786250749513
884,35.32961654663086,3032.193076172775,84.94042326486556,13.942764925074771,19.44907849603049,1.810416620011279,10.955401789665792,1041.2460178670358,9.588261121324331,,4.6641952672236355,2527.348461040058,0.5070165082889452,0.0
885,36.25517654418945,2238.189612318249,51.85312658202782,26.607888203467162,41.04900354199938,1.1470874353017524,9.58405377412166,2745.02058991783,17.703713579428467,,3.5430224676931092,2796.260402489145,0.3177231165301843,10.052632056131644
889,29.039525985717773,2660.262383895128,6.8523352519669425,152.74686903235119,218.4297435070252,1.7972088810625853,43.57249389867031,37756.21679073326,428.2887899811589,,5.076888744065733,2599.9600625142425,0.45751481488929074,8.9935486655338
890,31.244796752929688,2573.5621847400225,10.425855865792297,99.50905659660492,143.9357367647904,1.7540636278783206,20.888971749303444,19852.897896235765,135.30012925476973,,4.619924537970955,2404.6698284731024,0.541467151078401,0.0
891,28.11843490600586,2710.859242459799,14.092576369816943,76.30970922458484,108.2308819344773,1.7824681339736717,79.49975188058282,13332.134725783699,387.1947716823419,,5.321998889161593,2753.231582909982,0.42422487968179867,11.701077690097275
892,27.53912353515625,2509.955025699951,5.027863497325446,192.2222722699973,278.41037470290155,1.8363850845785945,163.27448920702713,53301.02439211843,2045.5790273798975,,5.111667787825812,2497.0642020709656,0.4779271835138572,1.0735084647707276
894,21.64082908630371,5196.508502280824,18.985240889513737,107.88895649535982,115.83525051188411,1.7939219333927023,inf,22412.76742796575,,,12.439490673887624,6883.948176667654,0.10114402170719132,196.14964057287946
900,,,,,,,,,,,,,,
901,,,,,,,,,,,,,,
902,32.95954132080078,1733.871459494686,26.74184600233104,24.83028275206105,40.83913030491758,1.8464130097883025,14.31598979605754,2474.585667735665,26.30936577262789,,3.1795350475189657,1410.603067105229,1.346403475822695,0.0
905,,,,,,,,,,,,,,
907,37.1970329284668,3121.820101060987,50.40728616623409,22.529898420107557,28.150033546258083,1.9437496345918273,8.48841427757173,2138.7934534744536,10.75271160006811,,5.053968507088471,2195.013027248876,0.6162663906185407,0.0
908,,,,,,,,,,,,,,
909,34.05985641479492,2555.864310725161,19.320226831416843,53.97796655769251,70.61375155209005,1.7329820123206339,11.854703788664233,7931.489899950839,37.66972986253605,,4.714642295107949,2109.59637179887,0.6421288022382742,0.0
934,32.947509765625,1962.2942644653474,48.43082785198181,18.709925538472387,31.026108571533275,1.5312820258420266,14.93092709149824,1618.594589437178,20.846185425651235,,3.355965499935799,2004.274923638647,0.5783250623017474,0.0
935,37.26802444458008,2147.719336001317,17.2211586339909,48.18057880738967,76.6655150359748,1.8303247358200962,8.698446664513657,6688.642979221906,30.009190209655348,,3.286252299608761,1651.9882197013628,0.8923946224676191,0.0
936,34.324180603027344,2311.9977019674297,30.181917014912553,26.50530630496135,39.976067689492254,2.043585215639557,12.047019420888859,2729.1615046822044,21.671660872173636,,3.863047493316646,1694.218478598355,0.9662310809897309,0.0
937,30.58273696899414,1882.2778019558014,12.510548722035532,53.958366359293,88.92474269616939,1.9716670178925226,24.378448729908598,7927.170230120086,97.55312762874958,,3.5353499186280084,1571.659289205692,1.173576711796532,0.0
938,29.141632080078125,1121.6516475213934,38.61112916552914,12.2392134967657,27.176158009580796,1.6783285702784065,41.69092733086517,856.3676665155394,50.984965291929406,,2.116305030911644,1175.6175466123793,2.0389939946700943,0.0
939,33.12841796875,2503.6046818586847,10.865995627944288,113.43662337707362,167.76420130224417,1.4362430517934124,14.552765023411505,24163.50505944378,109.86448504013396,,4.22979229480429,2724.591559165934,0.4532213512362176,7.09475337608974
940,24.316070556640625,2515.998827183838,174.6181564879378,7.132930954655289,10.446606025176006,1.4283611110084593,inf,381.00618510571024,,,5.683024094443966,3638.94849508514,0.2144841073851687,6.9090667279406235
941,31.779817581176758,2480.244745934133,11.45383802806799,87.6291711975752,126.55867900488828,1.7473495762955162,18.344568886091228,16406.013019184178,104.4748982312046,,4.473658590927708,2265.189071955798,0.5575968735622465,0.0
942,,,,,,,,,,,,,,
943,32.76911544799805,1663.4040438130635,37.801135576087184,26.899315621427267,49.28226021820182,1.1567424612860164,15.541803627672085,2790.241808034595,34.46708447876079,,2.8101771253915406,2282.1163419235086,0.5133217681050767,0.0
951,29.788211822509766,2173.243356359152,12.888116072082283,85.66201259819239,132.03659017545863,1.3919244075487316,31.4061535970601,15856.685273705269,186.60426441671385,,4.159649422320787,2639.893011164116,0.40136834377954583,17.527232832224136
952,28.80583953857422,2130.0694893384443,8.281333085576929,133.61154881561194,209.7063604726161,1.3612394367684832,48.70396126822841,30888.441284739583,459.6088706171748,,4.169748830117585,2740.4845083703094,0.3836354250723845,35.07702266875702
953,32.487892150878906,2079.8658551145195,22.27454759187819,32.86606676305334,51.55911011727645,2.0089249022097855,15.934950071799543,3768.353146161851,36.97163304593467,,3.698057892318642,1615.0773289675149,1.179195775594393,0.0
954,32.89714050292969,2387.114693261551,11.779580753878875,89.76135484753158,132.19125277348027,1.5963902079166103,14.880984649940283,17008.424807855557,88.5211201520341,,4.173531063058331,2314.3903009966857,0.611384439684281,0.0
955,32.564422607421875,2134.710692553193,9.311928767742266,100.59932010350992,156.36637582397236,1.611347972219471,15.75046567603062,20180.065151012597,110.82794558853513,,3.7733341565459577,2066.8088434437514,0.766632030229888,0.0
956,31.760791778564453,2288.0302749105604,22.452554649117445,55.10072436845466,84.25674028602221,1.3077468978264006,18.59516593167037,8180.238349983476,70.50456299161073,,4.060459631598552,2820.4932532162634,0.39029918610499975,12.344252384395505
957,35.85725784301758,2760.8195422086683,22.652635113732497,63.5762747220576,88.89082919832154,1.3555302584435331,10.048436172990497,10138.474441157963,40.19462206035903,,4.383466659642084,2957.8214648727476,0.3630848196166723,17.01000625040562
958,31.03510284423828,2269.006713998865,25.492765810681774,44.637205324643126,67.90168981250875,1.4099601250900577,21.814952355451318,5964.519873150007,66.65724576515306,,4.1499093134595055,2634.5049458220674,0.44005357215794744,4.393597252407033
959,33.56698989868164,3589.574868076143,5.287709851485588,237.91794200344572,305.26063505604856,2.0175913491170623,13.883523183425563,73395.72883405836,190.7141896704537,,5.7704325043901585,2809.124440605735,0.481667636633194,0.0
960,,,,,,,,,,,,,,
963,,,,,,,,,,,,,,
965,31.120580673217773,2496.4166202252927,13.63086050042873,73.78025755705228,107.21805147173731,1.7552485676040108,21.388061864923078,12674.774636152897,103.1933843061311,,4.5452742959354335,2325.300639937722,0.5772492482178897,0.0
966,30.344829559326172,2370.4343480249195,8.555085932461889,115.10468143948765,171.68327979150587,1.7021411466065959,26.34292300294815,24698.437341978497,203.51877391985593,,4.4146794622917716,2329.484269207664,0.5501923804141643,0.0
967,28.663705825805664,2323.436374429809,33.03163366156442,30.06744120172,44.87578361260704,1.6542047464377707,52.65639964685969,3297.423290983427,106.33487383671448,,4.600398283473275,2461.3294863450274,0.459425073549194,1.6144973903328768
972,,,,,,,,,,,,,,
973,,,,,,,,,,,,,,
974,,,,,,,,,,,,,,
976,,,,,,,,,,,,,,
977,,,,,,,,,,,,,,
986,21.105127334594727,3016.3503790025893,13.780679493342177,65.10152963501554,89.23658497271921,2.377414815592613,inf,10505.501402264243,,,7.6028416046299085,3039.5553249228155,0.3836721162413317,23.370061329588957
987,21.149805068969727,3206.68059162062,12.871418379245787,63.79702998191042,85.11046508843232,2.761301554340376,inf,10191.325838123654,,,8.038143621440454,2782.056685709359,0.551350143634452,0.0
988,20.632431030273438,3012.1760164026246,9.887032073120816,82.78401394736564,113.18519173004486,2.602273416551727,inf,15064.326364205204,,,7.783635853913998,2828.4856784788344,0.5404919918556126,0.0
989,20.489486694335938,3511.330749198284,19.360973723125074,49.74367971598452,63.7264659209845,2.57805179199275,inf,7016.7638136912765,,,9.028757763093585,3372.6564718497175,0.4443512687046324,6.593494401433046
1001,29.115915298461914,1597.1485785958312,37.607926051240945,31.39952344914767,56.49339221843235,0.9563742632724342,41.39363437416733,3518.9620311198405,105.2310069920798,,3.119117123989922,2884.0323471107595,0.260999613630053,20.138456931445006
1003,30.349781036376953,1594.5235073953681,6.991080539161363,142.50682193259553,255.3230535659705,1.131712123093645,26.080739400535816,34023.851801358076,299.6556310351406,,3.013819279528623,2336.44685020747,0.4073950477453704,26.311647988757976
1010,,,,,,,,,,,,,,
1011,,,,,,,,,,,,,,
1012,,,,,,,,,,,,,,
1013,37.36430358886719,2795.452991451387,41.50945856068879,25.06829780358101,34.54231128798183,1.8996136506606591,8.55902459180574,2510.2516642395594,13.304182129724046,,4.3199857564191895,2052.952820485237,0.707747093323817,0.0
1014,33.50218963623047,3360.6325392964163,41.065983728124,34.357953804609274,44.18525771441042,1.6842110334325442,13.77796714989607,4027.8281499494683,27.39523631844774,,5.579971689522281,3101.1604244533396,0.3983177642095547,6.724797493751778
1015,,,,,,,,,,,,,,
1016,,,,,,,,,,,,,,
1017,,,,,,,,,,,,,,
1018,,,,,,,,,,,,,,
1019,41.5321159362793,3658.66351588373,36.33323397299585,39.63114295695708,41.53444761080435,1.7966638049833086,5.667680929235688,4989.820143874612,10.593179848354257,,5.947520920033102,2401.519174757507,0.47825216039612456,0.12045039797818301
1022,,,,,,,,,,,,,,
1023,20.57628059387207,7040.276992221882,40.846053831633355,29.34302720439356,27.632998826944366,4.153552716486634,inf,3178.976884884282,,,17.321651735094363,4277.090692290543,0.3549076007991581,14.672478833075267
1026,,,,,,,,,,,,,,
1027,,,,,,,,,,,,,,
1035,23.092147827148438,8994.343244909573,17.935800715660903,73.12947573053829,61.546648721655345,4.848877691840486,inf,12507.447413168413,,,19.630849883433335,4218.495357066,0.32947346752398654,40.338057304253475
1036,,,,,,,,,,,,,,
1038,,,,,,,,,,,,,,
1039,,,,,,,,,,,,,,
1049,31.361587524414062,1313.753586365449,27.887205733381787,20.02230859027527,39.03984314889878,1.6637181924421405,19.898686296407266,1791.848227928327,34.95787163463965,,2.440511197716256,1262.4591363259212,1.4976705990802823,0.0
1050,33.05497360229492,1545.7568496610847,25.135018155525717,25.191922570283165,44.89264010885449,1.7261783517868508,14.275575817545404,2528.8435664614044,28.839072938567945,,2.7637144428907305,1359.2679923324567,1.3728229825343,0.0
1051,32.23716735839844,1483.2149793081426,40.16273337566969,13.200896206037108,24.246422052998707,1.9781646035530969,16.58761318396519,959.257316183009,18.098562154963755,,2.6857805695694017,1170.161414647654,2.0870331300784866,0.0
1052,39.102394104003906,1699.3269944443014,47.5985989945321,15.12320723506932,25.75832953892341,1.6692596100817765,7.1910184081324475,1176.2397468178378,8.335287984471302,,2.62193752872207,1337.9937552110453,1.4353768182467461,0.0
1053,29.464214324951172,1284.5740083448072,41.72339600588665,13.073497445116901,25.765909325582463,1.6652241335388338,35.18686182941198,945.4045218426552,40.79796711067925,,2.526114265807741,1304.5316333245803,1.456598276672817,0.0
1054,29.64453125,1361.3295775687711,23.07783759624311,24.24333587220322,46.420008399775256,1.7205242237570602,32.79182662510953,2387.363573871199,68.49885903217012,,2.6618616349690027,1330.7461350760598,1.4636243155318416,0.0
1055,30.177188873291016,1281.8576635277113,55.41457625474436,9.705435703361466,18.827038548492553,1.6853331095031887,27.033778481688618,604.717519495639,22.903469531377205,,2.508713642559288,1246.5088127473746,1.5454433612898595,0.0
1056,30.72097396850586,1352.9443961297213,12.215224513600246,61.511386792899025,119.66748933217934,1.2732332696854074,23.48494007312159,9648.577138954708,126.4672717050217,,2.528748102026799,1743.070449241343,0.8562041112438759,0.0
1064,33.1534309387207,5061.396797607813,54.73969495141349,31.421358138545777,33.35596862055214,2.080789091677374,14.66369079868592,3522.6332078038704,22.0104724564101,,8.372947571664838,3843.9301168237394,0.30457948150685077,14.28451725055783
1065,38.30824279785156,5145.118484950309,33.968990287111104,45.135257351386784,47.575308350066784,2.3729130330421735,8.020982302290696,6064.6239998386145,17.17203178358588,,7.500706560491277,3024.8173613710624,0.47215591278159863,0.7305887269919484
1066,35.68220901489258,4478.046719744379,47.67651372217309,29.002954998260975,32.56609877134047,2.289954656851049,10.38226822849036,3123.8729948782184,15.214948766980521,,6.981088994287777,2888.9443788218805,0.5107347462345774,0.0
1067,35.05815505981445,3563.8660709379465,47.03213978948721,20.556764919908897,25.645429781902504,2.6064948412440385,11.123849526571268,1864.0697116190036,12.837415587215979,,5.692086204992537,2040.8190817122108,0.8631296893481845,0.0
1068,33.430397033691406,3243.564873779386,28.257654670048183,34.97850275137142,44.94145230754189,2.320439564049999,13.783387485390707,4137.441050948461,27.87504530899752,,5.497436299721684,2153.499239232526,0.6836251610386999,0.0
1070,,,,,,,,,,,,,,
1071,,,,,,,,,,,,,,
1072,,,,,,,,,,,,,,
1085,25.391292572021484,7271.304430714452,62.049167783034726,23.236087304298447,21.276822032632122,3.5661398408928244,inf,2240.1365653569287,,,14.838703664457137,4188.468507058441,0.28280864643267173,15.688663391301816
1086,26.668167114257812,7397.943033087421,37.02431842889329,37.72068485071639,34.09840269635084,3.745668540102411,inf,4633.395252494017,,,14.484799200892683,3866.7796098510744,0.33466572499981473,17.232717222774436
1087,23.827449798583984,7112.210934087954,31.334026424428362,41.663994985296085,38.66721874020495,3.8522327137663437,inf,5378.626175820016,,,15.368897392095693,4031.0052653041603,0.31931508238372786,23.71949979251571
1088,,,,,,,,,,,,,,
1090,41.45499801635742,5419.883701217665,57.67864544075223,31.840009208945766,31.802486332871535,2.086828371389979,6.201477409071517,3593.2693476386057,8.875008024552383,,7.607019598694716,3339.05025063155,0.3413977294334329,9.06835184208391
1091,45.821041107177734,5248.049577111714,33.46949797418521,54.259579743434564,53.32400759165438,2.043418436016607,4.710531857308222,7993.640895428663,11.303299643392503,,7.022936104585538,2992.2477543081463,0.4013084681666631,7.656157690377921
1092,35.608524322509766,5098.395407168233,44.145801791990124,32.46405902825884,31.91426062894511,2.515511389462897,10.070917162171902,3699.4249793896165,14.463264378873166,,8.523460834999057,2885.139963175188,0.5339131302977608,0.0
1093,33.343013763427734,4714.109762390548,72.74937252371167,18.409505796931786,18.701641954587657,2.488933600288867,13.594914531246863,1579.7675571511525,11.441125078496988,,8.401601061644529,2845.6848912104297,0.5023733865035375,0.0
1094,31.96552085876465,2604.86893931668,53.755148748844256,15.319265080796384,21.981477573758394,2.236726485087551,17.842812437683424,1199.1869463799549,17.6495121653272,,4.590594769844291,1867.9629331910733,0.9227929275924923,0.0
1095,28.504392623901367,1964.851267066934,41.49853786151008,16.915001556271886,27.813622605247968,1.9792918940957398,58.66715457784851,1391.355338754799,73.42857435384109,,3.859590782921428,1761.58676614729,0.9547544713363006,0.0
1096,28.98161506652832,1785.4995632182606,63.0241884673056,12.221838572383941,21.388163804328567,1.6390829966441691,44.9111784966273,854.5447501791634,43.225543904908655,,3.404939029991048,1919.6777850805508,0.6502224338112605,0.0
1097,35.16128158569336,2304.483532709251,37.41789039959869,27.15811536326946,40.70442365987439,1.6035395795074112,10.769740217991165,2830.6061040239883,19.72692308429551,,3.800134699460053,2097.7707956403465,0.5367582714231083,0.0
1098,,,,,,,,,,,,,,
1099,31.89519500732422,2010.9854734259018,13.913890228198985,52.44343386213721,83.84750985302472,1.9487415382904933,17.880551010162193,7595.680286154846,67.46578546509384,,3.6270686474747653,1638.4885389107862,0.9675361352669485,0.0
1100,30.663827896118164,1658.6618978099361,16.820145184755813,55.514863682515184,98.06274342538671,1.256041105946333,23.923430989103846,8272.635936922987,105.56987737227462,,3.088873867400124,2176.4489230841486,0.5313922826129436,0.0
1102,29.126487731933594,1923.3692052367269,9.817720784083809,134.66456143101905,218.43382096287257,1.0286879744116715,40.93673157422336,31254.31444588945,402.3885012970085,,3.7953736104248508,3208.197158942323,0.2284613585236984,101.33348960199001
1103,28.14446258544922,1767.3643058239932,16.30456622161743,64.16569555333021,108.92372242308463,1.194535129997183,76.18945827030012,10279.792660781506,373.44777318897115,,3.5872956313244733,2624.4264479470053,0.34734044870128183,24.03783348908535
1105,,,,,,,,,,,,,,
1106,,,,,,,,,,,,,,
1107,28.133310317993164,2930.8974392991445,3.5622745802669082,337.97689900894835,465.39251206232814,1.7213580499547492,78.8815975547534,124268.34688246163,1651.990717867333,,5.697045537959063,3097.5857095271163,0.3191988115590642,160.4552643677146
1108,29.04478645324707,2917.0113746592724,19.198720526563257,54.92512246641659,75.9248311912521,1.9560493345851866,43.76343610115184,8141.164807553024,149.52291742480955,,5.498691053073289,2637.2087415835904,0.4746606371228473,0.7661313452237318
1109,,,,,,,,,,,,,,
1110,,,,,,,,,,,,,,
1111,,,,,,,,,,,,,,
1120,,,,,,,,,,,,,,
1121,,,,,,,,,,,,,,
1122,,,,,,,,,,,,,,
1123,,,,,,,,,,,,,,
1124,,,,,,,,,,,,,,
1125,,,,,,,,,,,,,,
1126,59.0102424621582,5355.122957013823,,,,,,,,,,,,
1127,,,,,,,,,,,,,,
1128,,,,,,,,,,,,,,
1129,,,,,,,,,,,,,,
1130,,,,,,,,,,,,,,
1131,,,,,,,,,,,,,,
1132,30.57979965209961,2185.803350952426,74.48111169007191,13.664720667916933,20.92376013179238,1.5186202303099285,24.415729846534095,1010.2552898984526,22.98909936381855,,4.100705819461622,2371.4596580622474,0.43748442908367546,1.4427773112383797
1133,27.3176326751709,2089.7562683462115,6.363476670420435,189.5875713531708,297.10676089396657,1.224831422004684,275.1045240533777,52208.929745425485,3678.0936321948907,,4.3430164472890045,3117.469943071203,0.2886487313131272,109.9980371303783
1142,,,,,,,,,,,,,,
1146,,,,,,,,,,,,,,
1147,,,,,,,,,,,,,,
1150,,,,,,,,,,,,,,
1153,23.20572280883789,3729.8174604844407,11.20073217229674,83.86541373761393,103.98114981473215,2.8076519744255126,inf,15360.464057474546,,,8.541317003981924,2917.9990673957445,0.524409582059532,0.0
1154,21.53846549987793,3341.135078534289,19.060941238638527,46.63942597884182,61.01427253386709,2.6575503233717903,inf,6370.298611629969,,,8.223184764643097,2961.6558624104296,0.4711691303958148,1.4359321261479607
1155,22.67058753967285,4072.235456849729,5.971629424873547,162.36544868840588,193.44038481608408,2.9698288155916277,inf,41378.08821864906,,,9.495128171050693,3086.242200366492,0.4803913282321581,0.0
1156,21.344093322753906,3327.295303829025,20.335132120312206,41.53835146190638,54.51117193939814,2.7853520450921687,inf,5354.314544033622,,,8.251486821092495,2840.1795414525295,0.555097088852372,0.0
1158,,,,,,,,,,,,,,
1169,31.958335876464844,1115.4742240763817,17.148180687751204,30.09246586190317,64.70628699931893,1.5285115118618675,17.67002746499903,3301.540738014378,51.451284079623385,,2.005041293817536,1157.763854477135,1.6765458142505836,0.0
1170,29.19723892211914,1570.819725902976,7.555549563814812,131.1870512744236,237.52081502920598,1.120609549980761,39.81651229042404,30051.52054495868,425.5762702878862,,3.066063635445235,2411.8523510278205,0.3823192120223997,34.32607368098225
1173,,,,,,,,,,,,,,
1174,20.183794021606445,4397.939282662293,23.267992582181723,68.34180870852592,79.54304515443069,1.9556397058052961,inf,11299.51227815948,,,11.28326332876495,5703.3676003697765,0.1517351386071204,107.30194465657675
1177,28.170551300048828,2836.1881673083417,16.676341094267432,59.77526598193242,82.98438503561206,2.0118600006836576,76.01238848185403,9242.985496532843,283.85285909646143,,5.551967265527105,2549.4828407026694,0.5095033023543646,0.0
1179,,,,,,,,,,,,,,
1180,,,,,,,,,,,,,,
1181,,,,,,,,,,,,,,
1182,,,,,,,,,,,,,,
1183,,,,,,,,,,,,,,
1184,,,,,,,,,,,,,,
1185,,,,,,,,,,,,,,
1186,29.236404418945312,2215.8654595796693,5.340901994109689,171.7481136989812,261.15108687910407,1.7081334811740954,39.06286459443256,45016.109603262164,459.05892954513007,,4.330815759979906,2226.073786295008,0.5941516026828716,0.0
1187,29.6348819732666,2310.198164974057,9.713022404516098,100.44021319601514,149.47609962180235,1.6744501408798595,33.14625475293412,20132.20919308879,222.9557794892649,,4.462782298171628,2337.656645273771,0.5578030365837519,0.0
1188,28.29931640625,2497.481217716861,4.705311656625311,208.5836980090315,300.8165377342885,1.7993617154658426,67.49028333448274,60249.096689515005,913.5987013523362,,4.994205321042025,2463.5153794832286,0.4872302410653469,0.0
1196,43.40911102294922,4819.7943223517295,46.847004773350484,48.67716792252074,46.600394483768206,1.4945359850535926,5.17221152379652,6792.317051524224,10.846219381308437,,7.210261973781134,3770.051658359307,0.21830745082184028,26.203418218481612
1198,31.46843147277832,2216.596222947874,25.927617834081985,50.977922406421726,77.50588966552974,1.1858420391968973,19.566055235156245,7279.527542411769,68.24180332105561,,4.053054957245265,3001.1348366166458,0.2819200042295073,27.042007526622847
1210,,,,,,,,,,,,,,
1211,,,,,,,,,,,,,,
1212,,,,,,,,,,,,,,
1213,,,,,,,,,,,,,,
1214,26.121742248535156,2883.6838537409667,13.481682075693996,73.66523928864086,101.74649522510965,2.0531749765806286,inf,12645.147557697239,,,6.033568495830672,2728.555818928412,0.43382591900510015,9.980640262315745
1215,20.562000274658203,3055.2210576632247,6.5256336959175885,145.3589250508236,196.94898719857875,2.277525490462274,inf,35050.3653826808,,,7.9362483389187295,3285.0409652159256,0.32425537683511546,89.65274369934754
1216,23.297330856323242,3428.9642253811685,12.798830697667967,81.1887001124441,104.00039419311355,2.333361747594927,inf,14630.97869195909,,,7.89730231729551,3198.6435277072983,0.34862718930720643,36.92864909865689
1217,20.92414093017578,3317.986164262905,4.952520494006468,204.4448670722072,267.87353495455454,2.3171656411784265,inf,58464.77904236295,,,8.410882806125123,3463.7726793323145,0.30255745631425224,144.123114724335
1218,20.737260818481445,3159.628098888505,18.058595513609994,47.90005575968805,64.19755167813737,2.5828606750986625,inf,6630.3128978112145,,,8.09312930536784,2981.5235243003167,0.4534835304787763,4.6251395484974775
1219,22.626501083374023,3342.3738579624633,9.591672229505747,104.34772362654759,135.49801738580618,2.3613628112275955,inf,21318.393023254463,,,7.907083968951523,3168.7148272941336,0.3552438992082036,46.1561672147492
1220,21.704206466674805,3319.407759905732,15.800545504434973,57.20282490833152,74.81226292295719,2.5969049223427625,inf,8652.790932725351,,,8.139105055305901,2983.164561285099,0.4624118551528221,3.491307389964166
1233,25.017133712768555,6921.715646101416,64.81371257475837,20.847701931232603,19.523175536614836,3.622210357580702,inf,1903.7822762829492,,,14.354038289894952,3975.2460423027924,0.3692615510066614,7.538208734646595
1236,,,,,,,,,,,,,,
1237,,,,,,,,,,,,,,
1238,,,,,,,,,,,,,,
1240,,,,,,,,,,,,,,
1241,,,,,,,,,,,,,,
1242,28.291255950927734,3502.97092068624,37.76083079848867,36.70437582935086,46.38684482419808,1.7871547108099795,69.36755753554665,4447.405823202951,144.79839572557654,,6.751361941526721,3554.4501100071757,0.3096767616081249,18.523165280441084
1243,26.491113662719727,3293.6803715199394,50.32980331549366,29.237522924481528,38.04987065815196,1.5827074450098366,inf,3161.847057020995,,,6.754947173886651,4006.4134092141812,0.2115889527903873,26.751811461971236
1244,26.498004913330078,3234.8263056856845,14.344721339861167,93.13314313819143,122.59891523586582,1.712141255511478,inf,17975.723776543386,,,6.616558622916265,3641.531883935051,0.26046685427830113,66.85608323879319
1247,22.541797637939453,3119.593206762226,6.542398084224229,147.55972114506346,198.54548363862156,2.284957760958477,inf,35849.38704037811,,,7.398423803536041,3069.1577973904346,0.3687290562381715,57.95394785051413
1251,20.320926666259766,3249.587148349267,26.273453961717205,35.20842127629734,46.66813654049068,2.4839878593747655,inf,4178.301970134626,,,8.461528875814977,3256.4576919908277,0.47077110078282813,1.1973184811050879
1254,,,,,,,,,,,,,,
1255,,,,,,,,,,,,,,
1256,,,,,,,,,,,,,,
1257,,,,,,,,,,,,,,
1258,,,,,,,,,,,,,,
1271,28.245586395263672,2543.984372478787,5.324915067008025,183.69569216152243,265.3748865222624,1.8390256404153928,70.84204323827629,49794.16492032552,845.9864633413248,,5.040692923044813,2474.9544017762164,0.48195911153083176,0.0
1274,32.27412414550781,2811.2011313901626,26.651129555852304,39.88946179602667,55.18733395810032,1.8698343077113297,16.817298444070914,5038.685602957978,41.764583947769204,,4.90380919626763,2393.132096420624,0.6826778811679107,0.0
1275,31.66628074645996,2879.663473043553,27.84085055303055,45.364883681803775,62.386597521080965,1.6122205000230176,19.06763398485993,6110.963618326542,53.530416319173376,,5.078674008101148,2901.828110340798,0.4802223042584281,0.0
1276,,,,,,,,,,,,,,
1277,,,,,,,,,,,,,,
1278,,,,,,,,,,,,,,
1279,,,,,,,,,,,,,,
1280,32.934486389160156,2504.27863422234,59.18502143835368,15.017110103306466,21.801050119521623,1.9923676256879381,14.86927193485696,1163.8835850280775,14.587458421167577,,4.3320483647495855,1954.1962924370614,0.7509461268169639,0.0
1281,33.426483154296875,3004.313224781891,97.02899508009834,12.439871275541662,16.67066598921003,1.7600005025387968,13.82176638776943,877.5135378781076,10.368812287412737,,5.0731217255866365,2635.8095984121605,0.5790423165023568,0.0
1282,38.54597091674805,2455.6831618826636,52.95982533053103,20.663357835229267,30.932984804325812,1.5867550671623374,7.7731036954962045,1878.5871207596708,10.82003843228548,,3.6296447100312976,2124.510438473461,0.5415746878654422,0.0
1283,44.00679397583008,3150.197298367603,60.804677453990166,19.696463048034786,25.60757576861542,1.8599339516758207,5.269445733021808,1748.2855341429718,6.072197889013342,,4.24570892369393,2065.89886180022,0.6447257972692042,0.0
1284,25.882522583007812,2584.8432111954144,7.061297667672325,134.24345245028633,195.83498553730868,1.9281533673395002,inf,31107.826264126146,,,5.454998204085296,2626.708091405609,0.4529659136004957,10.62713213497352
1287,,,,,,,,,,,,,,
1288,,,,,,,,,,,,,,
1289,,,,,,,,,,,,,,
1290,,,,,,,,,,,,,,
1300,,,,,,,,,,,,,,
1301,,,,,,,,,,,,,,
1302,,,,,,,,,,,,,,
1303,,,,,,,,,,,,,,
1304,,,,,,,,,,,,,,
1312,,,,,,,,,,,,,,
1313,,,,,,,,,,,,,,
1314,27.27872657775879,3566.400096377308,20.120295365660393,59.55198926238509,74.57762822293769,2.104672080778685,321.3042634690026,9191.246326014441,1078.2949458346243,,7.109195760545773,3177.404213945383,0.37075128641268756,19.13014729407526
1315,28.147403717041016,3768.1548346272343,12.496753117436395,98.95852254374938,120.73904208314742,2.1545835970587865,78.12082656461655,19688.371687218638,424.45051947699744,,7.287052063714383,3188.7275962323506,0.36799102326113187,31.746453859187383
1316,21.442548751831055,3514.6086942609586,13.86517600759232,72.75554682969376,92.98697580454093,2.463601642747461,inf,12411.639688915102,,,8.669625490099882,3378.872869370737,0.32073391280827246,44.49080697085625
1317,20.566001892089844,3256.5025829341207,5.774256749409148,156.15282369565986,206.55544770523613,2.5538212511397314,inf,39026.06455240036,,,8.39100597590377,3136.1801044938684,0.3668331509063258,68.3227943557172
1318,,,,,,,,,,,,,,
1319,,,,,,,,,,,,,,
1320,,,,,,,,,,,,,,
1324,,,,,,,,,,,,,,
1325,32.686832427978516,3646.102811471234,,,,,,,,,,,,
1326,,,,,,,,,,,,,,
1327,,,,,,,,,,,,,,
1328,,,,,,,,,,,,,,
1329,,,,,,,,,,,,,,
1330,23.712873458862305,7033.412001723821,21.21212876705531,63.11922625769883,59.06386247911815,3.7145408522853316,inf,10029.343255894844,,,15.2270982877989,4159.261816180982,0.3237758433239036,35.03947314026053
1331,22.72695541381836,6956.707576663466,48.14581707855578,25.410197489725956,23.893009682127172,4.020889595717424,inf,2561.7813304356423,,,15.687564135948723,3954.5761973179947,0.39300937444769873,7.814654900362027
1336,,,,,,,,,,,,,,
1337,,,,,,,,,,,,,,
1338,,,,,,,,,,,,,,
1339,,,,,,,,,,,,,,
1340,,,,,,,,,,,,,,
1341,,,,,,,,,,,,,,
1342,,,,,,,,,,,,,,
1343,37.51322937011719,3827.116243796014,32.52170087766884,48.62377264067381,58.99932692360195,1.711333897108169,8.584500233476433,6781.144106704054,22.791588108777603,,5.720655507526519,3162.8064461667723,0.4098312271955432,7.389110645556047
1344,,,,,,,,,,,,,,
1345,,,,,,,,,,,,,,
1346,40.437686920166016,5330.528552342855,23.763654646058562,62.26206898483372,64.57899797789567,2.547525240317699,6.774195051764122,9825.741133175927,19.686182784738573,,7.415027262644042,2792.264651352788,0.5743113277712506,0.0
1347,38.65707778930664,4947.772770748159,10.304209514934266,131.09496578215837,140.4085208777996,2.589965942491056,7.768260518087072,30019.884533353703,49.082848611210665,,7.183587504946272,2639.300029472435,0.6445154395350772,0.0
1348,36.272396087646484,4737.386222054936,31.217620434565653,41.57189833510752,44.89793135504958,2.581214775250177,9.667069962898545,5360.8021668860165,19.531414961940623,,7.360082495423203,2656.8059251053114,0.6464910370684115,0.0
1349,,,,,,,,,,,,,,
1350,,,,,,,,,,,,,,
1351,,,,,,,,,,,,,,
1352,,,,,,,,,,,,,,
1354,,,,,,,,,,,,,,
1364,,,,,,,,,,,,,,
1365,23.957332611083984,3906.084070313717,22.92187480647469,52.89198893479469,64.17276222796306,2.278172231161822,inf,7693.338532768684,,,8.667821099511206,3657.5910947813722,0.28817123419803103,35.93035481324304
1367,23.265459060668945,1198.1793029927276,54.75827410559494,10.612043576541803,21.18328206375028,1.4580017308080546,inf,691.3986586754726,,,2.9996101872403713,1708.9516099615032,0.608403693115824,0.0
1368,22.467655181884766,922.1146285668611,27.574129124319636,13.791088986103032,30.532480375213638,1.7146265658163435,inf,1024.3015661899924,,,2.4522671921109707,1137.9483794928135,1.6905106297087398,0.0
1374,28.128692626953125,3058.9512026368297,10.063506707319254,104.59201787707764,141.25060332368625,2.0549897923285623,79.29242209752974,21393.30133421146,504.004610712261,,5.9352870298323115,2711.473313590344,0.462445080834924,4.9729034072259255
1375,27.872018814086914,3110.875835705819,27.15017225951098,40.29669148052765,53.87315522659432,2.0106001006036176,102.52999737758039,5116.04176383274,248.56265088471136,,6.097398308089212,2839.4825983038036,0.42668354651037677,5.979327662693164
1376,,,,,,,,,,,,,,
1377,,,,,,,,,,,,,,
1378,,,,,,,,,,,,,,
1379,,,,,,,,,,,,,,
1380,32.838043212890625,1969.1577940345564,27.741694356093074,28.366443241997004,39.977764786242545,1.769406643713587,13.873715265645634,3021.602441485668,24.958805652057762,,3.9673475429905234,1592.3948341343453,1.0619711730671475,0.0
1382,29.742324829101562,2473.1867313911666,18.36039816180529,51.72597434889642,74.69718477972974,1.8414127032737384,31.921335429011638,7440.34400792356,107.29952509304769,,4.7429620918863575,2273.382938231489,0.5643257819576675,0.0
1383,30.81083869934082,3109.5819465736586,9.625589447264778,116.23459832992685,154.79183470391612,1.9652791882352174,23.42298075722612,25063.00405739837,163.15587745404991,,5.585736203727013,2644.10211860965,0.47248901658903775,2.1576721893563326
1384,28.333471298217773,2600.6935234311154,5.0829972024810415,217.1190130387684,313.7529875084019,1.6663124971321777,66.60329380911138,63984.7945607852,940.3642084728843,,5.080549847649936,2802.4959269587107,0.39367196929425907,52.035426427071144
1385,,,,,,,,,,,,,,
1386,,,,,,,,,,,,,,
1387,32.601280212402344,4134.491798321536,20.741846473115807,69.4810706399553,80.86240655775559,2.0285850456681973,16.019488728033334,11583.23183017606,58.29184846681265,,7.006447142869738,3252.03916679927,0.3392553638366166,24.97555689994705
1388,39.15798568725586,4487.765053847583,36.21814661845792,56.31616166338951,62.9759940645437,1.5558074439460838,7.428696511113006,8452.390750770606,21.052329632601708,,6.482055997831106,3929.5250562780343,0.2425529802491889,31.37078813817242
1389,31.8743839263916,2262.791184561566,22.70270999026631,50.71023825437179,77.04514654216007,1.3898122262830488,18.038839565714113,7222.265875358436,62.54122670059315,,4.0511333625938954,2598.439230299947,0.4040439522856256,9.445534493101798
1390,31.190753936767578,2540.8513333347323,39.89785672976899,35.28522787698481,50.77049847543809,1.2762088858357752,21.017319590628038,4191.981771024606,48.01769065051992,,4.621900801311928,3246.4231201404477,0.2661729743381203,20.776131554003083
1391,29.526779174804688,2831.3678691297782,15.89911826081908,91.58235056939283,126.4437927059436,1.374980299569185,35.09472346834141,17528.61792356643,199.68794726865184,,5.343196880505329,3554.4536851057096,0.2350832557672952,67.10772683130813
1392,27.693729400634766,2675.5359119054824,10.182139179559874,120.53716675971464,172.18352318266412,1.541472490270478,128.20734687132978,26467.41117936639,993.3836706993361,,5.323608080749343,3187.532729133472,0.30359027757097584,64.0860154851741
1393,,,,,,,,,,,,,,
1406,,,,,,,,,,,,,,
1408,28.05708122253418,2573.931918010493,6.408099633439513,153.38443708693023,220.00086895558277,1.8517037460173142,83.40990182024431,37992.855942087874,825.7612895979117,,5.138300953883316,2500.3853167347456,0.48446970826254704,0.0
1409,27.023300170898438,2471.6578191779463,9.652878356586417,99.146562962275,145.37916139621154,1.8261601077340912,3787.7931955931904,19744.515934269086,24779.97892429264,,5.098737099014167,2522.921520292246,0.4548733358930189,6.932804684789552
1410,28.431055068969727,2701.3030547925723,4.716355395939891,210.36785149251364,296.1482079217945,1.9251847682277805,61.808349684150095,61023.77258252465,823.6994397104097,,5.298391562923183,2501.280025441902,0.4893622872321051,0.0
1411,,,,,,,,,,,,,,
1412,,,,,,,,,,,,,,
1413,,,,,,,,,,,,,,
1414,32.704471588134766,3579.9669395333763,59.53040202378164,31.023508190046886,38.97900093299163,1.3706743815817717,15.771838209913414,3455.941291165205,27.66467233346436,,6.022073894868984,4166.6502042557295,0.24994113735028084,19.48556396016704
1415,31.15317726135254,3294.761331464156,42.61534604712984,34.2699005434826,44.716982546098066,1.595254943255395,21.60037287954692,4012.3541752441793,43.46565736697593,,5.809953431876339,3433.930163273709,0.35604740667225826,11.179779292342424
1416,31.723236083984375,3358.570870302785,23.780328004466213,62.47041233687694,80.31214296606836,1.5986275972955784,18.94115764566664,9875.101188139066,68.4542232351728,,5.8576340482003815,3426.32971289706,0.32468700716949367,25.58121623817841
1417,,,,,,,,,,,,,,
1418,,,,,,,,,,,,,,
1419,,,,,,,,,,,,,,
1427,31.19011878967285,1568.922186211021,26.316264770655447,30.09184460905674,54.05442906231385,1.4009200432281415,20.791504739413966,3301.4384990849862,50.57428131159365,,2.9092140348386866,1806.286035054158,0.8782812265912652,0.0
1428,21.148462295532227,3040.3296959002028,14.231645550960126,60.14131537693208,81.96193275381432,2.5117571214871677,inf,9328.018085303564,,,7.662276059688076,2891.1660267452353,0.4555815281119878,5.234762096315296
1430,21.048982620239258,3100.2248748325183,16.15577328424533,65.6228398132354,89.15423990813129,2.0677376148632853,inf,10631.940227260115,,,7.79651683362882,3611.0210950519895,0.35527980709656176,31.218211479666348
1431,20.868694305419922,3181.8327869572586,21.83218886112172,53.39489943027664,71.5554440762309,1.9300355229623747,inf,7803.324276891209,,,8.073362787982303,4001.6530857724783,0.3064668271816483,36.833369795755864
1438,30.777849197387695,2513.972828301054,21.428908290347945,59.38106109789485,85.79953087603613,1.397003780923964,23.295487266826076,9151.70318829116,89.94338455600577,,4.633454947325596,2967.8520557035677,0.32710630107548144,24.16604937064478
1439,27.03748893737793,2888.5471013153983,8.726416028667353,117.57562964346774,161.84520199561138,1.9907248084404066,2374.113291534387,25497.99111281213,17290.748035298187,,5.868665454221436,2726.282503199326,0.42787470213618684,17.45074984954411
1440,,,,,,,,,,,,,,
1441,,,,,,,,,,,,,,
1442,,,,,,,,,,,,,,
1443,,,,,,,,,,,,,,
1448,26.023895263671875,7304.324807744187,61.482926053938435,27.183865839367936,24.79971358246191,3.09029068742147,inf,2834.6328965129146,,,14.589070517318804,4741.379193896004,0.2292431703544582,23.82307641903948
1449,38.36799240112305,3724.4627945455136,50.88871150793114,47.57838166279315,58.55688870670048,1.087721021465553,7.949370306828715,6563.636090969844,20.947067655539332,,5.458345056545956,4752.508526617514,0.13873218835770604,43.18263248372925
1450,31.858169555664062,2393.403952378209,5.457745227899025,216.3249704467425,320.6173888197872,1.4334451990066395,18.132664907183067,63634.1101308446,261.61414536983506,,4.272963950711944,2670.9532747067133,0.3862622657035809,50.37854704195442
1470,20.08122444152832,4777.309654239971,43.943524517727354,52.15605464779414,58.446161552416406,1.4739025688945406,inf,7533.331751080567,,,12.274027243619804,8276.84879151376,0.0781635235086811,112.34530788540128
1480,,,,,,,,,,,,,,
1485,,,,,,,,,,,,,,
1486,,,,,,,,,,,,,,
1487,,,,,,,,,,,,,,
1491,29.903146743774414,1852.5831513180244,27.385356826722766,39.40357930770336,65.49003650660937,1.2139719005218723,30.08722057660787,4946.904269810673,88.66859282750062,,3.549273706255579,2564.722782989999,0.41595575594242523,6.471443264783902
1492,30.973186492919922,2147.951012133485,14.212761689521022,105.74494010114144,165.3133095784413,1.0105814095443457,22.153151843002988,21748.00323709513,164.7994881942257,,3.935946725195161,3485.6246456765793,0.20298098195819572,85.7650275335605
1504,31.135164260864258,2481.179512251471,41.02636560688536,23.800673669442983,35.024992017272716,1.7967634018272398,21.428938780528622,2322.2761948021302,33.774678437698824,,4.472872925265217,2269.0592813761905,0.6737763459823463,0.0
1505,39.79456329345703,3677.8969381106244,53.96017728817136,20.42208201907515,24.942580152731882,2.3599954925409965,7.0192552123954295,1845.780356598818,7.878525108644432,,5.300778160493745,2081.0695502390868,0.8028487415660859,0.0
1515,,,,,,,,,,,,,,
1516,,,,,,,,,,,,,,
1517,,,,,,,,,,,,,,
1518,,,,,,,,,,,,,,
1520,37.14434814453125,10160.845796852274,21.171491505655535,97.44007067073677,75.40899016163445,3.4827782029545644,9.09098124393845,19236.9573035525,30.849377183269098,,14.738536080298603,4253.617847975622,0.2930030115233387,43.94043734585209
1525,29.570240020751953,2402.4473722451676,12.520820407955426,78.71121073670669,116.5417371170037,1.7237310546875062,34.26138099600357,13966.413142365527,179.67963857857893,,4.583420360103924,2385.8374304712324,0.5253499603809517,0.0
1526,,,,,,,,,,,,,,
1527,,,,,,,,,,,,,,
1528,33.92170715332031,1409.4033704025678,46.631386773547355,11.97656467995555,23.462146868445615,1.7844718956744836,12.8463614676896,828.9501072035415,13.56314487660333,,2.3463229810195143,1204.713144231968,1.7839611201524486,0.0
1530,31.58928871154785,1967.6235720628451,15.40857882024921,95.94375669526043,155.4355460515852,0.9411258779780003,19.094732588732132,18795.55155844842,133.560008398736,,3.571378940120746,3352.7662530176754,0.20918392219321955,73.94796199940014
1531,31.00591278076172,1612.2487619283722,13.427313610322742,80.55595654632633,144.92646153471892,1.053974886369117,21.935074468651415,14460.272730101906,143.05377268089921,,2.960317095185835,2501.938870547797,0.3594211669252942,25.093542932427127
1532,29.77376365661621,1633.227572228332,18.496569339899157,65.27673663571596,116.34755851588189,0.9564936378738703,31.613758931198344,10547.939927177233,165.51826502195624,,3.1197835168760872,2892.3873476744807,0.2635771359453021,40.49692037244781
1533,30.060768127441406,1715.312677432667,5.153386684058981,221.7313836534773,387.1186491160768,1.0614716550740992,28.714701639894866,66034.4775753088,500.2198428873283,,3.2357431482050716,2719.5579770544755,0.3042008303616979,107.6103950766774
1534,28.97015380859375,1805.5544810439217,20.457132224102097,66.48078939726427,112.05601180227396,0.9387602235577757,44.355292744827416,10841.122383849268,223.66247432884634,,3.556228113316672,3329.317165560687,0.2095927515341354,55.20408008264975
1536,,,,,,,,,,,,,,
1539,,,,,,,,,,,,,,
1540,,,,,,,,,,,,,,
1541,,,,,,,,,,,,,,
1542,,,,,,,,,,,,,,
1543,,,,,,,,,,,,,,
1546,,,,,,,,,,,,,,
1558,,,,,,,,,,,,,,
1559,,,,,,,,,,,,,,
1560,24.321107864379883,3086.7648866227655,26.238190683529385,50.70685607068687,68.66593565170473,1.640544387157061,inf,7221.5433401263945,,,6.806503985401118,3939.642956098162,0.24826918930983657,42.164100318072066
1561,26.245262145996094,3036.022818456987,10.982373425208808,117.19673746583229,158.94739829441264,1.6679318621432784,inf,25374.83801564435,,,6.27722599322264,3535.8714381170853,0.2701214613465521,80.43538531383436
1562,,,,,,,,,,,,,,
1563,26.96947479248047,3580.527998016109,3.6728457918523745,351.8794815882001,439.52192469621065,1.959004521239283,inf,132014.2798282559,,,7.217399216624893,3462.2773644167123,0.3033696844199608,193.24997689563793
1564,,,,,,,,,,,,,,
1565,24.04966926574707,2910.995483496527,47.34295066372276,25.339369630567155,35.13884747853797,1.7158345365209147,inf,2551.0778133226518,,,6.523148964243912,3578.567960618543,0.3108906595726402,14.755479978011408
1566,33.22039794921875,1602.5283433081092,14.091487413670263,50.028725870334384,83.25296455499186,1.6073647582886865,13.502603012630798,7077.162364325287,50.585927850480516,,3.0001177097554015,1463.8787723277228,1.1469521477148092,0.0
1568,,,,,,,,,,,,,,
1569,,,,,,,,,,,,,,
1578,32.060691833496094,2467.68683728617,27.21372936993781,46.74778576760938,68.32803073957122,1.3715951476484847,17.422417510024975,6392.512167615254,53.56977656321837,,4.374699882106167,2864.010669468931,0.34199908159463005,16.407551622166793
1579,30.304365158081055,2442.42356275871,13.425857445905772,74.28687131058835,108.35426568513448,1.7316171714225659,26.55295253569275,12805.545908261854,129.47065531997478,,4.587975946167199,2352.2837738703806,0.5071943474577066,0.0
1581,29.465267181396484,3142.9407302064624,6.577607096403174,155.3837535377514,207.03782654357096,2.1744411439453124,36.313558605172,38738.10822329468,338.322611145483,,5.844360438321838,2523.57528618512,0.5213389862175849,0.0
1582,27.41560935974121,2243.524338668961,11.392460022575245,77.37228295905211,117.63514962908103,1.799752820262645,210.87950311734363,13611.56660993933,1116.307885631174,,4.6230145182012565,2276.9910097958136,0.5720329512169064,0.0
1583,29.033409118652344,2508.6945549928278,19.553148977896488,48.1943502934193,70.1034181531056,1.8824348315912336,43.397820886641725,6691.510912862179,136.90510130474212,,4.84773886099362,2324.896876895055,0.5594757822160087,0.0
1584,27.94796371459961,2219.2042767627886,7.918558606838093,113.61882057751113,175.00297083005142,1.7441581864326188,92.85736967477358,24221.744058780892,731.2642000447365,,4.458851248101808,2293.1640564069457,0.5769013194271854,0.0
1585,27.462066650390625,2523.781288708693,12.492307544088554,97.46438094675473,143.40511743234276,1.4657102407194704,192.52574570604568,19244.156881295476,1242.412972727618,,5.058718090751574,3187.4370470600547,0.29057708779782804,56.629813552326354
1603,,,,,,,,,,,,,,
1604,,,,,,,,,,,,,,
1605,27.23431968688965,3290.9715188705018,21.05530232676929,60.171567777347384,78.51670486730444,1.8367765113860408,382.3994770053487,9335.057266796723,1351.1136094848239,,6.563907068071812,3366.508490721536,0.2907263472303589,35.45465551318349
1608,,,,,,,,,,,,,,
1609,23.808366775512695,4314.2755912954435,18.072747857562252,59.75988376887494,69.12670285490296,2.8246129923505587,inf,9239.417923323002,,,9.610986028603824,3281.1772650169396,0.3871184716900087,18.50911215087273
1610,24.9975528717041,4117.859647309755,21.58133152831935,48.618052064889504,57.19075508951263,2.775113508994351,inf,6779.9474418114905,,,8.82033680484173,3033.781295041402,0.4970340510672765,0.0
1611,21.46255874633789,4344.8544446341075,29.533986072933587,34.59774397021388,40.356039806231436,3.0067020093007844,inf,4070.068011345267,,,10.552581985407238,3448.220304410045,0.366155073002697,14.781396432066769
1612,19.692655563354492,3810.458398212466,19.948158899599534,45.10015951369222,55.72789471696635,2.9948931307028164,inf,6057.551464437689,,,10.129384927817764,3281.5806254418535,0.42993034425252385,8.816165484657036
1615,30.52164077758789,1547.0392543615378,33.69172208463641,18.23978833087581,32.834405952708124,1.7800956215827708,24.66268067867998,1557.9721385214589,36.44030111786053,,2.9395457406090304,1425.3605225520628,1.3354660015656354,0.0
1616,31.739347457885742,1871.1927522916276,45.975225674110185,26.044598202352507,43.405359547936875,1.1049992857175068,18.525078131295345,2658.3152849163425,36.18394546241237,,3.3712262133877,2709.0064689219994,0.38727934483139514,5.996125368104782
1620,30.09173011779785,2272.8455481098736,13.254988156747705,72.36576796856616,110.64319743671686,1.6754921866245667,28.558175965172737,12312.032654318702,142.1895555786199,,4.249203130525165,2291.2833578478608,0.5737188197560681,0.0
1628,22.958131790161133,7744.796541477443,28.084933172960447,47.50220973709158,42.556435045697604,4.104949395499346,inf,6547.880049413493,,,17.207196770986418,4284.204634362634,0.3103696714861114,29.880955357607974
1629,22.088289260864258,8750.373715132475,32.0328104199772,48.878438040721704,41.74010231324538,3.951838983238929,inf,6834.487827936236,,,19.903760282668156,5254.725251379933,0.21173471292773033,55.09117770944523
1630,20.948284149169922,7629.861118447891,30.29393481206186,47.60988138612923,43.21549271345321,3.7406652827546476,inf,6570.155446944044,,,18.390583641601427,5069.387856259134,0.2229596636341286,53.29079455258972
1644,40.16192626953125,4823.716912954764,43.637950286893954,33.54453147788236,36.06383561194368,2.3301331648129655,6.8581659389633485,3885.6402683854917,11.129929605999251,,6.843855529533336,2755.9932944203815,0.5175151147771628,0.0
1645,35.206153869628906,4176.957188397829,62.434152510445664,22.82745299365036,26.39637534301133,2.072360701465845,10.946162747255903,2181.303927852446,13.002255919901467,,6.6239171369402605,3003.2956452745207,0.3727722600552406,5.7120803740865895
1646,35.08824920654297,4133.832094118708,36.84107661247373,36.91151139524289,43.11996606242845,2.149530903685142,11.13648481078677,4485.106275809224,21.6092181193144,,6.5418553586525805,2882.2088636823287,0.44271323967419585,3.1000414261416998
1647,42.66710662841797,5331.148737516353,58.34027950624069,36.93482244723249,37.94826361226816,1.7494489758802116,5.798225890930582,4489.355724577321,9.901467206663046,,7.164387229605888,3870.9565431661954,0.24875665976654657,18.585611935632453
1648,18.8194522857666,6258.4525450803485,25.457399862320504,67.38725022080048,67.13728450263308,2.5796464387316225,inf,11063.60337875608,,,16.818476138022103,6660.0761229346945,0.12681809009455877,127.14349809825914
1651,,,,,,,,,,,,,,
1652,19.754432678222656,5168.674426155361,31.070441890305236,32.17339922793882,34.6606726145787,3.6561146085466505,inf,3649.8533725030275,,,13.490636976209661,3667.232280079615,0.42358722366753887,7.152530397353543
1657,,,,,,,,,,,,,,
1658,21.56584358215332,2838.3343009554596,10.121282919049722,80.11528022743026,112.41495928939722,2.4751277932165903,inf,14341.779127933632,,,7.057792254024181,2680.489637482431,0.580250252036391,0.0
1660,23.805849075317383,8475.928557264662,17.75497035504968,97.2759714143007,83.89519998889003,3.4701381242656653,inf,19188.38220125886,,,18.06988811195662,5381.445026789144,0.18600860473838074,114.41556849524012
1663,,,,,,,,,,,,,,
1664,,,,,,,,,,,,,,
1665,,,,,,,,,,,,,,
1667,,,,,,,,,,,,,,
1669,,,,,,,,,,,,,,
1671,19.856801986694336,6639.016910472903,52.31535554995619,22.935548900755734,22.212109142712823,3.912464928205246,inf,2196.816101536262,,,16.923863651027524,4426.984345077212,0.29694963686579134,18.063230864881387
1678,26.464628219604492,7780.709312778557,21.53398873041951,72.0342874352926,64.0386174499017,3.5468305998854692,inf,12227.5343740212,,,15.212612310518653,4346.5788942546305,0.2841048457398008,46.55797431705534
1679,25.005691528320312,7187.667820678219,30.121862309543058,47.49232534410724,43.8349037505973,3.552775349165058,inf,6545.836403876063,,,14.847138722128253,4220.956913211841,0.2910252971734523,31.017012014857034
1680,27.756513595581055,8010.476035150124,70.90340962010433,41.22030032011226,36.06334883829794,1.9380503508605207,121.53262823859828,5292.93697942495,197.2293105331687,,15.008596156906538,7830.185280916145,0.09894101703548648,60.29590542714798
1681,26.58913230895996,8127.599421988486,14.169707307841469,117.85785843672869,102.69976402742577,3.4413422630946506,inf,25589.85433364145,,,15.793432526649335,4663.996615546276,0.24665170370751313,93.20329170541868
1682,22.038532257080078,6664.371605944903,39.52992986102279,34.858223577426614,33.51661179995091,3.4198961058170445,inf,4116.118528683445,,,15.460135050224535,4588.259969515604,0.24980503696998907,32.336509930820576
1683,,,,,,,,,,,,,,
1684,,,,,,,,,,,,,,
1688,,,,,,,,,,,,,,
1689,35.286624908447266,2729.824092903268,23.400798669511477,55.9816349153369,77.81476790480554,1.4734771547803696,10.664698154330033,8377.189933139147,37.34419552442998,,4.445897135975765,2710.359289956811,0.44425890366133686,4.395546126843306
1690,31.555805206298828,2438.236378343196,34.85123810778206,39.71659874315541,58.420749919471085,1.2455769084731927,19.35226625963525,5005.9680046160565,50.8758258388126,,4.382827360258993,3161.345737563751,0.26863310891850845,22.849855006612575
1691,34.98309326171875,2847.6792594840663,53.26374463975984,37.59844482837993,52.36205895164945,1.0054824551220358,11.21412022188639,4610.890601804424,26.42374908671847,,4.56642817543031,4230.004018953555,0.18886143133222705,29.601200172161587
1692,32.784034729003906,2529.1604330834043,18.856704315686496,71.53744955826426,103.80211847682384,1.325751530980349,15.293436907062626,12101.248371881647,71.4371017385135,,4.373448297941459,2985.6359525079847,0.3147027219728713,30.12912240636686
1693,,,,,,,,,,,,,,
1694,32.67241668701172,2275.1537688228213,26.529644869470207,56.66156114660948,86.70539550143064,1.0702267057239765,15.595451046159164,8530.270434577229,60.84943879411938,,3.9452342448403024,3337.584772856416,0.22794616958124747,39.110390582365014
1695,27.825519561767578,2541.301045781781,7.264210556837116,131.33179037635298,189.8569505411691,1.8835746140797065,106.89476921102893,30101.268171413874,913.2621710043603,,5.104401056184769,2447.549039424804,0.4990142593985522,0.0
1696,31.45609474182129,3488.174481261578,18.868231573029668,47.33768207841259,59.938235702767756,2.761499801611113,20.11679495002525,6513.890872726998,54.25943387844876,,6.107264470871018,2080.1230371958004,0.8566542282887566,0.0
1697,,,,,,,,,,,,,,
1700,32.025665283203125,2450.698125862693,6.444494339711451,197.12703998063316,289.50003031648447,1.364079786969286,17.556562722625028,55354.03661565105,228.71814482039426,,4.343179408489627,2864.8855806244524,0.34604483556803767,67.09379476991087
1701,,,,,,,,,,,,,,
1702,51.50532913208008,6106.495037080011,59.29503659535243,45.19982914061622,39.46196721590173,1.6110976941011306,3.5756994497478796,6077.642990051068,6.349686050694091,,7.813825748465078,3949.071195676251,0.20766457753159456,22.794002218091016
1703,,,,,,,,,,,,,,
1704,,,,,,,,,,,,,,
1705,22.581369400024414,8240.598662352784,66.4316524177061,29.388625856341996,25.693927337947198,2.9846226498420547,inf,3186.389891060208,,,18.47517812778059,6392.68978011396,0.16275839203171133,40.194541049866636
1708,27.427581787109375,2494.5726419450016,18.102042652397436,72.29741523214324,106.0866203649482,1.3478166054703082,207.04003436124083,12294.592867689227,988.3879886532054,,5.048901343604473,3413.40209927703,0.24829577393396354,52.94441725061891
1709,29.534360885620117,2430.0124499860917,17.026643356139534,73.69224330499975,107.95064154503869,1.3694389758356966,34.647300341621616,12652.101333996789,168.30892348567613,,4.664317505235003,3032.2520626863184,0.30573233206178985,35.958471078537634
1718,,,,,,,,,,,,,,
1719,,,,,,,,,,,,,,
1720,,,,,,,,,,,,,,
1721,30.791170120239258,1448.672741089583,17.16204845817792,42.50495294443299,79.20711851447673,1.404257095100411,22.934220252321158,5542.2907500619,81.74490757032214,,2.7261678983120796,1680.242782177114,0.9738756560799477,0.0
1722,29.56717300415039,1512.4874574311843,39.249787299579445,26.321794449979368,49.31612510272625,1.0351993320893056,34.381247998597075,2700.8672308736054,76.29974673690013,,2.8742269455140996,2507.0547624611813,0.44232909970224193,2.5576702785184766
1723,30.719768524169922,1414.6578679037705,33.43785848937466,26.213448880344032,49.273084896044445,1.1412316343331546,23.330838867283596,2684.2084693459906,51.73120818916191,,2.6763428875883193,2019.465059618792,0.5748480966863747,0.0
1724,29.58880043029785,1441.2798287168766,12.343448263226847,68.36850230456821,129.62895435083038,1.2076490481641606,33.85731588316807,11306.133131620934,197.49998047773772,,2.770690322907728,2032.294391154645,0.5800084727813588,0.0
1725,30.87721061706543,1548.7746805340603,17.488409422683578,53.354001797751216,98.6381368636602,1.1736968288917553,22.754832680178954,7794.360601321095,101.00224350977307,,2.8341043448876997,2175.250960091692,0.5389697102481782,0.0
1726,30.953365325927734,1838.8638303203659,13.020562628121374,104.00385591673248,173.94231324945525,0.960186025290151,22.134653696574446,21213.10087116014,173.25687901309942,,3.406078421420176,3124.2143210510685,0.23370746621050356,72.51716750025733
1735,24.851428985595703,7530.920564975311,18.549241894324737,75.41065432205797,68.2778426945077,3.80692389731065,inf,13097.218090189692,,,15.582534086365142,4160.999920855128,0.3061041180072114,45.18474382379952
1737,,,,,,,,,,,,,,
1738,,,,,,,,,,,,,,
1740,,,,,,,,,,,,,,
1742,22.47081184387207,2944.1883172855755,5.352148055322953,173.94914384322618,240.1716359643364,2.2361460893048335,inf,45884.229041948725,,,7.025291946678575,2963.3768895060257,0.3920022894466585,53.32006636516818
1743,20.673870086669922,2870.0486406425152,12.119637636682702,65.91716141536476,92.14141393666813,2.5403065441907517,inf,10703.547515273389,,,7.417207212855099,2752.27745676256,0.5546524810024704,0.0
1744,20.594228744506836,3451.811529618762,6.279418385646899,210.70612635935788,273.8038398815806,1.8447413979212735,inf,61171.02254016074,,,8.782465933834843,4625.888787183828,0.20839187761482028,251.27944823528037
1745,20.341413497924805,2974.288869033304,21.607183721827482,56.90143560723282,78.67552815855865,1.710593272327806,inf,8584.496564407475,,,7.752909029308518,4318.9796908648295,0.23081953782123496,61.27497724413529
1759,,,,,,,,,,,,,,
1760,,,,,,,,,,,,,,
1761,,,,,,,,,,,,,,
1762,,,,,,,,,,,,,,
1764,33.82124328613281,2258.6794706135133,26.202427665340284,32.84283915215634,50.217812676387496,1.8559120117649506,12.945622160243653,3764.3590095511745,29.25453728800829,,3.8154897041677067,1848.4738587425372,0.83342653312893,0.0
1765,,,,,,,,,,,,,,
1766,,,,,,,,,,,,,,
1767,37.75200271606445,2788.6110275717297,44.121033429636476,40.7767291060282,50.08110137050019,1.096010917921632,7.723255767512009,5207.731378955636,17.405511975138115,,4.798366878460561,3292.211892262947,0.2508531695653612,20.675215908478844
1769,,,,,,,,,,,,,,
1770,,,,,,,,,,,,,,
1771,,,,,,,,,,,,,,
1772,40.647377014160156,3831.7965069951756,31.751767499148816,39.67073315654198,41.97741951465006,2.1510440630806684,6.141227710378076,4997.299008540357,11.600680137009046,,6.136106532765837,2178.693933018031,0.6933901594936276,0.0
1773,36.27275848388672,3289.0030518772646,44.505709950677094,27.3425588400527,30.504833106560067,1.9111483068602675,8.872754675614901,2859.4909653689842,12.179785525878739,,5.936611895892057,2286.608224009721,0.6090502306955953,0.0
1774,25.92673110961914,2104.4425041260806,14.669635391670363,60.45275063222114,99.06598719731386,1.6779796167973335,inf,9400.567995574056,,,4.374664429863133,2472.462764020108,0.4876158274835484,0.0
1775,19.95526695251465,7426.701729552805,16.154654095383805,64.90701818281597,59.77997816764631,5.008315307552557,inf,10458.453816102663,,,18.732730649473524,3863.165718895716,0.4122119839462456,17.528429715906494
1776,,,,,,,,,,,,,,
1777,,,,,,,,,,,,,,
1779,37.12617111206055,6154.322950792436,20.384109139590876,101.99528315952355,98.80617685280585,2.093116785787603,8.97206023253043,20601.560958170237,39.892273653124256,,9.167333514608657,4225.0696170003675,0.20780839622514846,70.89196820447219
1780,31.569068908691406,1912.7870530981386,38.05116611613152,27.873506916902567,46.66862832665044,1.275240338556265,19.386134731071618,2943.184009647257,40.71259424046378,,3.409163000919219,2432.7469939471193,0.5232566801237898,0.0
1783,32.14969253540039,6035.180322546276,,,,,,,,,,,,
1784,,,,,,,,,,,,,,
1785,,,,,,,,,,,,,,
1786,,,,,,,,,,,,,,
1787,,,,,,,,,,,,,,
1788,,,,,,,,,,,,,,
1789,,,,,,,,,,,,,,
1794,29.288997650146484,2180.5128930428396,10.136654188597097,91.06377918030626,141.34362747103964,1.670334150773487,38.43987374445121,17379.949101660528,244.4954037556279,,4.201798018784966,2252.523974091958,0.585602801206229,0.0
1795,30.500967025756836,2706.8799364249344,9.336993258921161,115.96103078558698,161.26200210131267,1.7678071366512231,25.11668757518607,24974.574424130496,182.26652960374514,,5.036389993315446,2544.104803168599,0.49901222477754414,0.0
1796,,,,,,,,,,,,,,
1797,,,,,,,,,,,,,,
1800,,,,,,,,,,,,,,
1801,,,,,,,,,,,,,,
1802,,,,,,,,,,,,,,
1803,26.880733489990234,3300.420648834545,13.640705584545254,88.96423099536823,115.96135821239412,1.9231007324894858,inf,16782.364108822847,,,6.6604718660833955,3264.4636317111053,0.32738391948179046,41.67406357301395
1804,22.707630157470703,3800.3110346456237,10.3673158198651,108.80515996152674,133.70293506909567,2.3822554239388207,inf,22698.869777110303,,,8.879417223098214,3577.595502402491,0.29612249874591107,74.03994589724759
1830,24.540863037109375,3610.1559268760793,10.130925635050227,99.13850172878584,124.22758608666524,2.541671876641846,inf,19742.107954915125,,,7.888010266375663,2950.2539147776483,0.4416673726946722,11.869982971901672
1831,24.95159339904785,3390.3019669939476,14.820811590644043,66.35488012651247,85.09431526522602,2.4376902960756595,inf,10810.33864942009,,,7.35388998525771,2830.7775722189613,0.4842674435848111,0.0
1832,23.94100570678711,3325.41592068753,19.35607552056835,49.271441866949154,64.03308257855291,2.465576002473016,inf,6917.08166291729,,,7.471235978401499,2859.777986185387,0.45904793423871293,3.260538949202177
1833,32.59337615966797,2386.5003883346653,7.723278640382688,197.69184210332006,294.9535791233532,1.1052386398876757,15.802276503647043,55592.104875417135,209.74221058714036,,4.153138997284176,3394.577108332802,0.21939931168799057,142.371803418233
1834,34.142486572265625,3277.4017861771654,37.8320035507008,46.97736890986475,61.51742180230843,1.3039671695272694,12.588309071688496,6439.661356609454,34.8480143523399,,5.322099428563808,3853.878102323943,0.20401280662230992,35.456174043922545
1835,,,,,,,,,,,,,,
1836,,,,,,,,,,,,,,
1848,19.972963333129883,7948.2756333329025,27.4967848401459,56.80631168084944,51.01085468025989,3.5981512386932475,inf,8562.979102630135,,,19.859503541498068,5778.307244299823,0.1814296027652122,80.94790926428955
1849,,,,,,,,,,,,,,
1850,,,,,,,,,,,,,,
1852,,,,,,,,,,,,,,
1853,,,,,,,,,,,,,,
1854,,,,,,,,,,,,,,
1855,,,,,,,,,,,,,,
1862,28.315793991088867,2997.048465885444,25.71164984374023,39.947856220608955,54.51173859694693,2.063266586878291,68.02474563616131,5049.753894755384,166.86662185090043,,5.7790315215580925,2630.1211762540906,0.4531692275652592,2.900067193072186
1863,31.10198974609375,2415.122674459221,13.806090858081125,89.23608471072515,130.67092457319094,1.3861587260610395,21.375475490438003,16859.34726671086,125.6918915487202,,4.439089945239201,2835.5954781613923,0.35687030665533304,28.291533220843963
1864,,,,,,,,,,,,,,
1865,20.364044189453125,4497.109402544637,44.13284456426327,32.001025121129366,36.69085513575176,2.2516072776665053,inf,3620.5606898928972,,,11.484178223358619,5011.332905322096,0.20468878100371624,39.399973477579145
1866,20.58131980895996,4317.095482967686,49.72966659343117,32.1310694804196,37.631147564151476,1.9104511071913832,inf,3642.6527091971816,,,10.904087881590938,5615.146337978387,0.1280309815817483,54.598120678674185
1870,29.23470687866211,2819.85598428301,52.71584780583278,18.493033459499312,25.63705511556451,2.04532619190419,39.72521034483415,1590.5313323247572,45.82968331895579,,5.358883904283565,2404.240009302592,0.5545830955509709,0.0
1871,28.086219787597656,3029.3597194393196,45.20338961079867,22.821922585806377,30.718103247689836,2.0764076429724634,82.00740005806428,2180.511278996457,113.36003019262009,,5.934487580378151,2648.798281993927,0.4654463416471385,0.8951768968921597
1872,28.87757682800293,2826.2233154722767,18.72928683868349,55.557008580384704,76.7586140991253,1.920575492024383,47.21669265796656,8282.058158352746,163.09295508464362,,5.443875554012012,2591.7900209182408,0.45521892803156244,3.6194662136428595
1873,29.0004825592041,2589.1575481900754,21.22710222746088,49.20816499372114,70.34332934308077,1.7527323330247009,44.071097526714105,6903.761043715666,139.5048477524707,,5.016511541608048,2577.3152867830477,0.429627686165941,6.547386135924182
1874,,,,,,,,,,,,,,
1875,,,,,,,,,,,,,,
1876,,,,,,,,,,,,,,
1877,27.130102157592773,3208.408094349541,22.511090961370748,49.77366646551305,65.71606314775426,2.0247827368425737,688.3399313580402,7023.109594113268,2035.574567831061,,6.428094599967276,2986.232219729676,0.36948487588812007,16.268968054819478
1878,27.473432540893555,3229.767467378432,27.389432799541243,37.47320259364586,49.47370343097625,2.22511472711743,189.51640155940996,4587.871149413911,421.92352107252236,,6.375285439564669,2708.958671984192,0.5044671705346016,0.0
1879,,,,,,,,,,,,,,
1880,30.213930130004883,3203.5117413612625,4.742516126185405,236.1970855979164,310.17592878640573,2.0222179979126875,27.781310303343545,72600.8654127343,387.7692176809317,,5.85193080137749,2695.8471145998155,0.4626464577199325,10.370100015347395
1885,27.328149795532227,3395.405542512189,15.325500251712072,66.08817714544386,84.48268804013738,2.3704905186066507,272.2892584652089,10745.228505967361,1035.167781581846,,6.784125965118982,2675.2334176151785,0.532409413085145,0.0
1891,,,,,,,,,,,,,,
1892,,,,,,,,,,,,,,
1893,,,,,,,,,,,,,,
1894,32.022377014160156,2074.5358863729402,28.789992980245014,28.316884772371772,44.66644263745792,1.799363561711195,17.449364342737823,3013.6874254281543,35.073046416375114,,3.7207432953177446,1826.231018180727,0.7632447323122241,0.0
1895,30.22246551513672,2050.3418065387114,13.7820718442528,63.96599973842535,101.8963236585809,1.6445518391908098,27.2370241100923,10231.84102108474,124.89086808983413,,3.8584449583255167,2085.0769908878465,0.5490435220683011,0.0
1896,31.008665084838867,1851.174738748899,90.51052250764951,7.89423092201852,13.045651784317378,1.8319917734597122,21.722321354305322,443.60326605069054,12.752182815088892,,3.4530691720700775,1637.679865239954,1.0977877111865415,0.0
1897,31.256309509277344,1793.4423263250799,37.63505520950728,19.767524061809418,33.11204207208542,1.704620016136031,20.433615985128,1757.7552746278536,30.4469438482978,,3.329199248130523,1690.76972929926,0.8882352037748881,0.0
1898,32.33251190185547,1644.2428520803046,22.485919243928816,32.40743318111439,56.722767639434764,1.595495868219162,16.32296375284831,3689.750047878185,41.66476560628789,,2.9596411367903457,1607.1587356753798,0.980617606503407,0.0
1899,,,,,,,,,,,,,,
1900,,,,,,,,,,,,,,
1901,,,,,,,,,,,,,,
1902,,,,,,,,,,,,,,
1903,,,,,,,,,,,,,,
1904,,,,,,,,,,,,,,
1905,,,,,,,,,,,,,,
1906,25.994823455810547,3123.8004995927904,6.511060772804275,278.20328589810936,374.2096305088044,1.2194227356883132,inf,92805.42810769139,,,6.47759201175626,5038.000464838112,0.13280565825872392,366.7605860495776
1919,37.421356201171875,4452.658120717093,47.09874967220862,33.911007844447575,33.71782222051369,1.9713070615487034,8.069610338855112,3949.490210107834,12.244035905745116,,7.545844529826202,2983.1669601796148,0.4344210878976623,3.0821828857438414
1921,32.131553649902344,2561.2523345150516,53.775320235592744,27.68432853005532,39.950412462821795,1.2165231273613646,17.239767773310533,2913.2716810192373,30.993112498815837,,4.505299166488535,3356.0791184800355,0.2706312463874262,15.547636254272875
1922,,,,,,,,,,,,,,
1923,36.497230529785156,3099.2074336086785,47.85955404246008,45.77549416763218,60.39856807900801,1.0003084979441248,9.376155809805352,6194.119186979888,25.483787324906178,,4.846839615464663,4430.888061174105,0.14615625531185503,41.49407784728339
1924,32.8279914855957,2954.481670081965,24.59526784382578,53.411902305839924,72.51850473610413,1.5902913609171876,15.276466336832929,7807.051866463378,49.85219233793493,,5.045701352124304,2922.838986027785,0.37836083803913184,13.329352138366046
1925,28.06675910949707,2508.919581299616,9.96022359523974,132.80421076538065,193.955944923239,1.341191554616442,82.90301851190993,30608.902889306668,723.578998160982,,4.980565130182016,3374.038215006506,0.2684667247768458,85.41022748324205
1926,26.78253746032715,3264.6596275585807,12.11647030956064,87.69066849571958,114.75959579637524,2.172668197558754,inf,16423.286418892752,,,6.6202289897076705,2865.508682487306,0.4378059006441989,10.633619457538456
1927,29.147520065307617,2875.644885078795,7.758867800085032,135.54830967842307,185.71620354857566,1.9334270819681063,41.29099310157758,31562.48252043823,345.0782915808936,,5.490548238096467,2597.8737981881104,0.45452657164958776,9.005669382244745
1928,27.272979736328125,3413.3032997374044,14.635891724490866,69.6993793388306,89.38170917105099,2.3659838945266585,328.405199576219,11637.866254551784,1320.903811745215,,6.793129848023487,2708.4452340055072,0.5008582381543629,0.0
1930,,,,,,,,,,,,,,
1944,21.6895751953125,7912.276836964485,21.858886848771125,93.01952232737209,83.07505550446504,2.7515938446856136,inf,17942.83870705633,,,18.413425958199536,6921.3287426886745,0.12327006980220978,156.17578179103825
1948,,,,,,,,,,,,,,
1949,,,,,,,,,,,,,,
1950,32.86130142211914,2469.358944484326,31.506953217929105,25.127361805656825,36.480876804941374,2.205545005277605,14.994533073821284,2519.128581772806,24.61561712161619,,4.3099706535901605,1737.2170186168041,0.9980413781825902,0.0
1951,34.48155975341797,3460.06030184222,58.88837000467415,29.117093569020096,36.915693211810805,1.4268920370966176,11.98497988999178,3142.331715700059,19.909522834589637,,5.599385889115606,3675.061989048118,0.2832932232128519,14.463445617995347
1952,34.23706817626953,2845.809584484511,14.866264393815232,90.23120634822408,124.04208839248668,1.5001414938116904,12.269358825619578,17142.14408809671,68.4862601384988,,4.712624911988713,2865.4374060019995,0.33673004538844914,31.30829599637916
1953,,,,,,,,,,,,,,
1954,,,,,,,,,,,,,,
1956,30.594287872314453,2126.2911977524486,9.459529854335278,138.41902381468302,214.31036055543876,1.148265745138514,24.279530740434968,32570.443243341855,234.15097441947646,,3.9982527226260918,3044.8843279893167,0.2650188806683363,82.70858489132544
1957,29.334964752197266,1743.5333212723945,12.82286726813627,78.69719538524903,135.149080815381,1.2217176605173998,37.45412881806572,13962.683010282766,227.78509871261042,,3.3909946856186735,2443.9987787296477,0.41135468129467306,14.154305346406938
1959,35.88404083251953,4273.750547112061,32.888337570359546,39.44241241418098,44.743781167998556,2.329639816312471,10.072482396681412,4954.218998058442,20.28064266790338,,6.717616367690086,2676.834942693128,0.49508478723410493,0.0
1960,38.67696762084961,4983.834002749478,35.216797649484704,44.32348269985361,44.488832667019885,2.2576927139354637,7.488347703228593,5901.750045193687,14.99165315646298,,7.689891465472565,2943.579315283922,0.4180731049827987,5.577920371222941
1968,27.179458618164062,3026.3857394630427,18.912662345436328,53.66478573521057,72.39823984837116,2.1084689765626736,496.8538365069667,7862.56221998404,1618.7104451256644,,6.099630539922328,2688.718101427512,0.4639322184659146,2.399707066379181
1969,25.97991371154785,2307.7157353585644,16.02372447098576,55.11037727339064,83.34701341422314,1.8478659407413598,inf,8182.388045534664,,,4.954399129053281,2409.8452750937304,0.5213201886381599,0.0
1970,26.074716567993164,2576.2332884107554,19.09983182622119,45.807121223094704,66.55971726770844,2.082129068355396,inf,6200.539726681932,,,5.429990408272607,2399.997918216486,0.5896343562421246,0.0
1972,30.361974716186523,2496.7991810135704,11.18228880021391,87.60383866640323,126.37461629826743,1.8022489213035648,26.097913369128424,16398.89936412325,148.41512046940628,,4.682237041265611,2306.3970580284454,0.5730257894129658,0.0
1984,33.326175689697266,2775.3429540158395,7.074570813738212,184.95451693946112,254.15371826936928,1.4998112929694385,13.923746972662258,50306.882927879604,159.2447429404794,,4.767828934758866,2841.2173179257406,0.37163135466147906,48.231522011642845
1985,29.82111167907715,2865.3418112313534,27.449182721405194,36.507383205348376,50.1667997578508,2.021861099650491,31.458074511125556,4411.650022175923,71.01679161452336,,5.352118831188492,2426.0023302269,0.5267621849400596,0.0
1986,,,,,,,,,,,,,,
1987,,,,,,,,,,,,,,
1988,,,,,,,,,,,,,,
1989,,,,,,,,,,,,,,
1990,,,,,,,,,,,,,,
1991,,,,,,,,,,,,,,
1994,,,,,,,,,,,,,,
1995,,,,,,,,,,,,,,
1996,,,,,,,,,,,,,,
1997,22.635677337646484,3347.5894896840837,40.81571445719742,22.433073470556586,29.25973357677217,2.5852408882430895,inf,2125.0206942010077,,,7.875107102374231,2906.380383825516,0.47954415678490114,0.03381991088172175
2000,31.832416534423828,2381.3502506524924,14.74121588387055,94.41763051386022,140.82992333063257,1.209823106565827,18.26904734075484,18348.88342763055,115.77728413449906,,4.238241668686521,3157.9010991467935,0.26280749414747595,55.71008236834056
2001,,,,,,,,,,,,,,
2007,23.657609939575195,8952.032717228165,10.703023092862162,132.2913566587365,111.17399527155668,4.470630022073404,inf,30431.76916266676,,,19.170715153045737,4441.342486254145,0.3174154414073646,77.51788733041043
2008,,,,,,,,,,,,,,
2009,,,,,,,,,,,,,,
2012,,,,,,,,,,,,,,
2013,,,,,,,,,,,,,,
2014,,,,,,,,,,,,,,
2020,27.481517791748047,2498.101740359699,9.978619626181231,117.16866593914162,172.7220729957513,1.5108215498583895,184.40797475794517,25365.721706577395,1433.3097454713209,,5.020170649639081,3053.160266862479,0.325700190279638,53.93133389416813
2021,27.893707275390625,2626.4120478703494,4.564914200930413,212.69149850459002,304.0269221876821,1.9127804036010474,99.0334185760268,62037.629139935714,1354.8971449527235,,5.236185862153256,2492.6923824407777,0.4949643792345262,0.0
2023,,,,,,,,,,,,,,
2024,22.255186080932617,6807.488489657259,18.3162085748172,67.38318390932122,64.07297875157326,3.9001814248069797,inf,11062.601986535863,,,15.653944009153026,4070.4708095337587,0.3630433383848445,28.961824024165054
2025,,,,,,,,,,,,,,
2032,29.258834838867188,1788.6019492625996,20.20845007642277,53.39278280694721,90.00496040270677,1.1721498583918664,38.58718857823672,7802.860284973374,156.28672710161888,,3.507253975573458,2610.6934129159145,0.3955725824900506,11.910533069368434
2033,30.774137496948242,1936.04447429946,30.235130943481327,37.535792984599404,61.32763911833624,1.2062654328257685,23.215840130357666,4599.370427683813,64.06976994046035,,3.5962996319040554,2635.634971421022,0.40133293362041716,7.4626755162000915
2034,31.468088150024414,1805.4967753099559,11.543018629473655,112.22588067241735,191.34204845543996,0.9855287555535188,19.702410785033038,23777.682783716136,169.64548376034486,,3.2619476394717304,2961.6942542313095,0.25847196307446796,68.29764618634533
2035,29.82928466796875,1970.289640517835,36.675065832751415,30.944052530897988,49.7747475043194,1.2276285623928018,30.838264680963604,3442.6730528791986,69.07350770848504,,3.79051589211449,2700.4383413989085,0.38548140941659637,7.646566816751904
2036,29.248994827270508,1971.4090543282277,9.5745549640715,141.22262667543052,227.8658011044028,1.0309530018139643,38.86431676778982,33564.982340719056,398.51319036004656,,3.8480519369819075,3281.77808846609,0.22495732050102804,108.11064788948086
2037,28.784488677978516,1612.4268343574665,12.462868661241538,76.63940988055471,139.22850696184094,1.1936990521554467,49.48478508142236,13418.631412908273,310.0361734896307,,3.1364549050472035,2376.793449475477,0.43494618848937944,9.170717639905787
2038,,,,,,,,,,,,,,
2039,,,,,,,,,,,,,,
2040,,,,,,,,,,,,,,
2041,,,,,,,,,,,,,,
2044,,,,,,,,,,,,,,
2045,,,,,,,,,,,,,,
2046,,,,,,,,,,,,,,
2047,,,,,,,,,,,,,,
2048,,,,,,,,,,,,,,
2049,,,,,,,,,,,,,,
2051,,,,,,,,,,,,,,
2052,38.95798110961914,3488.2996149080473,38.15863123515906,37.262905046774925,43.97657377016457,1.734719595577765,7.246376196608655,4549.305064069327,14.340185881943627,,5.438387721075419,2640.156680309784,0.5344955081628401,0.0
2058,34.461299896240234,2720.030432538564,45.41554680845791,24.484921733854826,30.971089867287112,1.7296391130624398,11.204020256059154,2423.1375957083455,15.615032320139095,,4.978681731031676,2223.205801099103,0.5111835607775906,0.0
2059,33.97623825073242,2590.6357426424574,48.10662931594562,21.05950233095056,28.22458296166798,1.8081661016358392,12.210119275993215,1932.8678017642803,15.508148601470932,,4.643178657968871,2090.466594647115,0.6409821472882228,0.0
2064,,,,,,,,,,,,,,
2065,,,,,,,,,,,,,,
2066,,,,,,,,,,,,,,
2067,,,,,,,,,,,,,,
2068,,,,,,,,,,,,,,
2069,,,,,,,,,,,,,,
2070,,,,,,,,,,,,,,
2071,,,,,,,,,,,,,,
2083,21.765748977661133,3629.401695212734,11.457905105658787,97.4726089633569,122.86659732906848,2.2979058364699747,inf,19246.59384209927,,,8.806387697103588,3692.6533968392805,0.26460221545346774,82.99830030209762
2084,21.38347053527832,3492.1846052221886,9.95902514379429,104.52976364972913,133.41932964240144,2.3720585160342726,inf,21374.20391252965,,,8.676200394890882,3487.0243891128584,0.29940506247694326,73.60403036733206
2085,20.482324600219727,3269.628261846048,9.744929142321945,97.71450226039458,128.62225923101772,2.42798316461997,inf,19318.28335530779,,,8.482257363738935,3319.473194703871,0.32656511739367144,59.669309669841475
2086,21.076208114624023,3187.6428925499886,30.413752902740057,28.872832579900713,38.34014076737198,2.566819077141505,inf,3102.873601530219,,,8.078405963556472,2972.0159195674737,0.4519906871781069,2.893951293973461
2088,,,,,,,,,,,,,,
2089,,,,,,,,,,,,,,
2090,,,,,,,,,,,,,,
2091,,,,,,,,,,,,,,
2094,,,,,,,,,,,,,,
2100,,,,,,,,,,,,,,
2101,,,,,,,,,,,,,,
2102,,,,,,,,,,,,,,
2103,,,,,,,,,,,,,,
2111,26.64959716796875,2347.2200783076173,14.542380301627523,87.78144204846234,131.66078365104474,1.300171388755191,inf,16448.794021088994,,,4.920565324190561,3402.617778255397,0.2443055768693373,67.05351930221944
2120,21.358993530273438,2947.4448308154565,13.562716048764955,62.737880284901614,86.5317680207019,2.4493687716883428,inf,9938.589600496527,,,7.3843282445681435,2841.474684586102,0.4722134407878554,1.70625356674662
2121,21.178234100341797,2802.923597449653,17.631020472503725,47.24353799294933,66.75777710234888,2.3794489876774976,inf,6494.468524521852,,,7.085981118743306,2802.6992824578915,0.4573300423367535,3.799265453386953
2122,21.604026794433594,2987.1996098940845,19.92166166734786,42.781104155357205,58.75513220289135,2.4784016905598296,inf,5596.390098865515,,,7.385035541743126,2819.223039507819,0.4934101609208088,0.0
2123,20.66629409790039,3024.0567296670533,5.546315245406181,144.97124692801594,198.6958642689793,2.65942967903027,inf,34910.237808369995,,,7.767698917419116,2781.27057216004,0.5552137069005592,0.0
2134,,,,,,,,,,,,,,
2135,,,,,,,,,,,,,,
2138,21.103134155273438,7094.896795569793,36.33258025093494,30.829410166970113,28.914261386093568,4.478882068003016,inf,3423.559021248739,,,17.0432375342628,3901.281413927618,0.3555156493845935,14.966771150629327
2140,36.83970642089844,11917.319539309723,49.058262178724874,36.546476479625206,26.33871983064153,4.700087189725456,9.415116008517655,4418.738122914731,11.159194622460053,,17.261571844095336,3741.103795564975,0.42012430850530935,4.914641996216787
2142,,,,,,,,,,,,,,
2154,32.05780792236328,2133.599658301795,30.59616835193844,37.66470309940813,59.12624344621443,1.3091709051202325,17.419011991019197,4623.084358673534,46.34643346080881,,3.787797311070874,2592.568277218715,0.4415867217554884,3.4612676971079184
2155,31.865283966064453,2286.929033848451,24.666361730482777,58.22186190872057,88.21132961845204,1.1260210369731827,18.09850110183317,8885.034745106848,71.84217808321753,,4.085102396512552,3246.8765119919026,0.24016275648512678,38.522493682996426
2156,30.79665184020996,2051.7545735915987,57.15926718950735,20.708469662254195,33.10686547126692,1.225676202435554,23.174659615593278,1884.742417636964,34.525815220613204,,3.7810729652598716,2758.57173875507,0.3250307025431077,8.547550778340916
2157,29.989906311035156,2523.6607980528192,27.4416511799307,56.61507387087326,83.32614385951106,1.1486128373669369,29.771239413921776,8519.774756059556,111.63251602261762,,4.665680320514276,3753.006613606522,0.19249486906423538,50.15514032064607
2158,29.63543701171875,2073.3896330009534,13.849174470236468,89.6099017959244,142.2783170564207,1.1813702691388095,33.341973358025754,16965.395862891302,213.4727935523964,,3.962739861846986,2991.8474444751037,0.27876101782652346,51.39999109729962
2159,,,,,,,,,,,,,,
2162,43.21369552612305,12179.158559175135,114.61961285508686,23.48154919793804,16.654144063303796,3.1997540934431186,5.745450500872675,2275.7267523026944,4.305850215755152,,15.526921823960045,4903.240133202982,0.19063027311106087,15.81963233024923
2165,,,,,,,,,,,,,,
2166,35.14851379394531,5665.328869942162,26.26376447218293,62.646578330867534,57.81506109060289,2.4347579760323326,10.57190844330808,9916.902166310752,27.504698962235274,,9.679669253505168,3329.9956453428076,0.3222172140722049,22.90845982977531
2167,35.95945358276367,6415.154616422746,25.66236455296112,79.66319983390626,71.81820912498458,2.218899914153083,9.837176237092446,14220.557272494536,31.791977108767544,,10.337547918555234,4147.217224251514,0.21754970470495888,52.80952273336555
2169,,,,,,,,,,,,,,
2170,,,,,,,,,,,,,,
2171,,,,,,,,,,,,,,
2172,,,,,,,,,,,,,,
2173,27.579784393310547,2524.957281139739,7.498658139019295,130.71063619011434,188.50357008527948,1.8215644999985243,151.70861546440466,29887.967914816178,1286.8927032480801,,5.142084009810973,2527.060194027466,0.46752297947153104,4.408814672512824
2176,,,,,,,,,,,,,,
2177,28.546289443969727,2931.861643614022,7.183267064120157,147.53843893948908,201.83702429398636,1.9561460489531515,57.607360823375075,35841.63160574788,523.2284228708997,,5.659183045329084,2680.7224494467787,0.45600423626454395,9.447688789323353
2178,,,,,,,,,,,,,,
2179,22.265209197998047,9059.865191865965,78.91316198327884,25.03035348153536,21.063309120291184,3.2433238027727644,inf,2504.5544039515366,,,20.39714314059746,6589.209138492487,0.12240827604236777,41.3328911998688
2181,,,,,,,,,,,,,,
2182,,,,,,,,,,,,,,
2183,,,,,,,,,,,,,,
2185,36.433074951171875,3595.9761178890903,92.00801405809659,13.97283010757182,18.05597684610529,1.9778427766221116,9.732260674172098,1044.6157356125982,7.9076463026900585,,5.338960866106345,2684.906680014289,0.48469298838135316,0.0
2187,,,,,,,,,,,,,,
2188,,,,,,,,,,,,,,
2191,,,,,,,,,,,,,,
2192,,,,,,,,,,,,,,
2193,,,,,,,,,,,,,,
2196,,,,,,,,,,,,,,
2197,,,,,,,,,,,,,,
2198,,,,,,,,,,,,,,
2206,32.02703857421875,2276.9563901680044,24.3663722246053,67.45955352402996,102.09666526386401,0.9795021151721128,17.48489093554539,11081.41423174307,80.33170756596964,,4.06216811982909,3692.5953424704057,0.18192987076491618,58.2467540688762
2207,32.16469192504883,2299.842128911852,11.26385092058319,133.11366552594507,201.13476461668589,1.0846097166589297,17.052991107812094,30715.950546611657,154.34772086161001,,4.073517279010583,3361.880146363147,0.22368773100430298,94.71717566978496
2208,28.025907516479492,3522.382952400194,8.195233614009782,123.27720220263822,155.70569999036235,2.46534365014067,87.41517656329243,27375.001384644464,612.4968565455854,,6.832887638331327,2616.7042260072712,0.5010005082808439,0.0
2211,21.171085357666016,3448.261966514557,11.722922622758238,80.10737649331516,103.14783743329484,2.5964313655249733,inf,14339.656858382448,,,8.627921928773647,3180.1415519290754,0.3624222570510725,35.55498175572546
2214,22.273080825805664,8775.28673904001,29.610503983409796,49.566549810055996,42.29322715549116,4.227774638428531,inf,6979.318705984904,,,19.791144678295204,4888.627733102392,0.2291852129468841,51.0166167367083
2215,,,,,,,,,,,,,,
2216,32.594024658203125,2296.3271154954205,29.123817605490213,42.72229657713657,64.52229583919464,1.3050160806769087,15.736680840268766,5584.854736616208,45.691504951626335,,4.024524738816652,2755.079281823389,0.38893443622767276,9.44516565615124
2217,31.84935188293457,2547.7052399608774,55.7961561478391,31.441858791133598,45.72108661779951,1.0268847128079996,18.292545533978195,3526.0812473783017,37.63597764685763,,4.494438867023729,3997.5312924085233,0.1701419505541659,28.990013005961664
2218,34.30246353149414,3023.0326095933947,25.241252735759645,63.69501989606478,86.57116836020714,1.3295707466799362,12.29155913568745,10166.89204399496,47.88425859052681,,4.904541346833599,3465.7088024831824,0.2379231774793384,40.636208242946914
2219,31.25783920288086,2854.807914755918,26.787448244951936,42.89205896297323,59.75529189368561,1.7569267491509624,20.9960854861336,5618.17596105593,56.458224758191015,,5.050096014302074,2683.9698925497687,0.4661624745499525,1.454781813983067
2220,,,,,,,,,,,,,,
2221,23.37042999267578,8559.808051935159,54.97234718935769,40.838925284036755,35.088048828441046,2.6960655233592066,inf,5219.650841624969,,,18.548094903255066,7122.489485624292,0.13567248377398983,60.68183201431886
2225,33.95072937011719,1884.9963283351074,21.990853043237564,38.97362484822068,59.0557194775679,1.5551870600145932,12.003582539674776,4866.157891189845,31.899609143498953,,3.505442042360758,1733.3969293709458,0.8066897585337952,0.0
2231,,,,,,,,,,,,,,
2232,28.324533462524414,2405.13341697836,16.746259753619555,73.0892140769379,108.19671749012572,1.3894824294513273,66.48125707266301,12497.119815577642,323.6874205445704,,4.77079333586309,3082.5302605708275,0.3032206041848317,37.77143492797619
2233,29.579044342041016,2851.8661853565136,4.721988324447817,223.9725764168239,306.90213656569915,1.9067527929848027,34.30651663546397,67038.18758955406,473.7934464097766,,5.394479554265633,2571.754528922023,0.483082853200768,0.0
2235,,,,,,,,,,,,,,
2236,,,,,,,,,,,,,,
2238,,,,,,,,,,,,,,
2239,,,,,,,,,,,,,,
2240,,,,,,,,,,,,,,
2241,,,,,,,,,,,,,,
2242,,,,,,,,,,,,,,
2243,,,,,,,,,,,,,,
2245,25.2088565826416,2397.261009907919,8.957288881304871,118.0836435032266,178.51875358848554,1.602632694197602,inf,25663.424819531665,,,5.195442532725713,3000.488401243009,0.35764887308476634,45.82730407408834
2246,28.14088249206543,2399.0097818819963,9.618127870567845,119.16999313775518,177.54755538390665,1.4799926548515134,77.40829363624957,26018.386881978186,618.4643985700077,,4.762584074675425,2912.477291100544,0.351549492831725,43.665180662206026
2257,39.02892303466797,2651.592119608702,60.023044928539406,17.55709042163469,24.06084514501739,1.7791851819896478,7.255252816572432,1471.3256777553145,7.855538152837524,,4.076981939134119,1967.5668702223456,0.7040090791883089,0.0
2258,35.40563201904297,2707.576241886003,24.12262475136046,42.83890422640077,59.515991540318424,1.852690106040205,10.487161570502138,5607.735562650543,28.086921869038097,,4.41704377941351,2126.179331257824,0.5942457218557317,0.0
2259,35.00216293334961,2284.0601811789397,19.77263702849736,48.8831652607286,73.20302874851002,1.6709699179414579,10.949193026216989,6835.4793359520445,36.06813413420164,,3.801504247211798,1997.1146077658889,0.6311116911943716,0.0
2260,33.99710464477539,2107.1305977734323,28.766994915310562,30.12011359287985,47.50368678220085,1.7195917535335483,12.594805535762884,3306.0917645131967,26.92348637641242,,3.5565757002496534,1848.7104031404797,0.7236943491905672,0.0
2261,,,,,,,,,,,,,,
2263,32.09616470336914,4368.53965244102,100.07064189246728,16.26710542320417,18.491233013969214,1.8975984523463976,17.642628419010222,1312.1860533446156,14.680527888365699,,7.476953203837895,3733.309431315574,0.31618300268210736,7.028129509465201
2264,,,,,,,,,,,,,,
2265,,,,,,,,,,,,,,
2266,31.329551696777344,3154.8286907309343,24.57134395892061,33.90478993796606,44.76452917766432,2.6777548497317967,20.604804014173773,3948.403994896893,41.506395772164154,,5.590251605080798,1937.917907307051,0.9903655449843966,0.0
2267,31.97557830810547,2421.521717565084,7.94747304320006,188.70562734152222,280.8699025300062,1.141719597410771,17.80806961258407,51845.04701829942,225.07878493503233,,4.2657624002708365,3401.1995587048955,0.2286589532937441,132.58296731266697
2268,,,,,,,,,,,,,,
2270,,,,,,,,,,,,,,
2271,21.988658905029297,3876.853811623255,30.15226639705628,37.00444926160347,45.25797039326514,2.456917199950784,inf,4502.056210881496,,,9.290137662533759,3659.3950965176405,0.2843764099991449,27.94908805107399
2272,,,,,,,,,,,,,,
2273,,,,,,,,,,,,,,
2277,31.810792922973633,1734.107367468305,23.78886013366031,28.719899712849976,48.83902307488168,1.7947519488327646,18.065127543595814,3078.2534454972647,39.70274314285604,,3.174197861990522,1526.91490016468,1.1830398980447498,0.0
2278,31.4000244140625,1757.3638604774303,15.76466670734858,41.3509964330756,69.98922368226117,1.9062327233795862,19.770021967908114,5318.130185290497,62.26598203718122,,3.248072743799974,1475.6287273265066,1.3070282233706052,0.0
2279,32.402122497558594,1849.6212655651084,31.92600740562942,26.222826304407846,43.43253927322674,1.5622254329210892,16.146802976287912,2685.6489443591977,31.55834944821056,,3.3108694673146357,1846.7102662029724,0.9166531821732589,0.0
2280,33.483055114746094,1673.4248747654299,16.197658448108836,39.042528930702524,67.91057040298222,1.8711174314775858,13.454995013324199,4879.068403159844,41.118137375585746,,2.9126911997945255,1354.0915835950173,1.4642237606407082,0.0
2281,,,,,,,,,,,,,,
2282,,,,,,,,,,,,,,
2283,,,,,,,,,,,,,,
2284,,,,,,,,,,,,,,
2285,32.692779541015625,2166.7390117032937,31.68170721064386,37.434611131579544,58.93583900280954,1.2918429004359369,15.575600358409199,4580.785803701391,41.30824837928882,,3.740085921912399,2637.85939114383,0.39403405227607147,7.8234228192273285
2286,28.811779022216797,2910.9972399203743,24.1394636269661,40.656213857097455,55.51833457952408,2.0973564584460442,49.01711855891314,5184.661342298632,122.46069547250724,,5.601574950286408,2453.945279325562,0.6123412441664665,0.0
2287,,,,,,,,,,,,,,
2288,,,,,,,,,,,,,,
2290,,,,,,,,,,,,,,
2296,27.690677642822266,2092.5290111621275,5.4263362463265885,217.87663493066654,342.6060194479157,1.2515238473999177,126.81393861887864,64319.992371406515,1955.1248424326845,,4.277271150449765,3024.095824587382,0.3080191455096172,110.86593186971012
2298,42.01519012451172,4960.075424663113,56.3152899405852,27.89923874782481,29.63562531087869,2.2323105149443343,6.034259635325667,2947.2605144158565,8.047307591148193,,6.768147524352799,2853.444152381127,0.5158207668698496,0.0
2299,40.867942810058594,3673.22509813376,46.60997834030119,24.786802957370494,30.273076473420073,2.248190610993074,6.483014810172471,2468.0887202896843,8.831736140699975,,5.181853628437284,2133.3792748183223,0.7652787760399528,0.0
2300,,,,,,,,,,,,,,
2302,,,,,,,,,,,,,,
2312,,,,,,,,,,,,,,
2313,,,,,,,,,,,,,,
2314,,,,,,,,,,,,,,
2315,,,,,,,,,,,,,,
2316,,,,,,,,,,,,,,
2317,26.513687133789062,3001.8839340616546,6.549187615169482,159.50987478032752,214.74395234602218,2.031907309762695,inf,40291.30711357374,,,6.228941836274973,2821.778659384299,0.4043848495897422,35.39044428158451
2318,26.896970748901367,2850.7443292712765,8.94250568231862,117.13957981895295,161.1803391567716,1.9243336958841937,inf,25356.277057256528,,,5.860656022555728,2785.7347255282434,0.4037788162471891,25.802021684421042
2319,,,,,,,,,,,,,,
2320,,,,,,,,,,,,,,
2321,,,,,,,,,,,,,,
2326,,,,,,,,,,,,,,
2327,,,,,,,,,,,,,,
2328,,,,,,,,,,,,,,
2339,,,,,,,,,,,,,,
2340,,,,,,,,,,,,,,
2341,,,,,,,,,,,,,,
2345,,,,,,,,,,,,,,
2346,,,,,,,,,,,,,,
2364,32.84139633178711,2049.5548432291234,10.891687248857004,76.09972695411723,119.85917777378866,1.7485026116904692,14.944974497860668,13277.143325563378,80.60815598237188,,3.6213942622490656,1807.6014483888268,0.8710313918016664,0.0
2372,,,,,,,,,,,,,,
2376,,,,,,,,,,,,,,
2377,,,,,,,,,,,,,,
2378,,,,,,,,,,,,,,
2379,,,,,,,,,,,,,,
2380,,,,,,,,,,,,,,
2384,26.5379638671875,7828.14569153916,20.88696738262303,78.1890461333737,69.31911832248319,3.3893982310646606,inf,13827.665595864513,,,15.261751231578664,4565.215637631893,0.24276947046047795,63.127828249590124
2385,32.37575912475586,2448.3880104118475,22.867437346842536,45.06986801027146,66.04793728269136,1.6798150279090038,16.391755106888553,6051.449661402085,48.718872596385495,,4.308425061991381,2298.3385914028677,0.4908990802839262,0.0
2387,,,,,,,,,,,,,,
2396,30.876070022583008,2800.1519043889098,25.052513903362797,57.44728536661959,79.75341152938059,1.3757697972234282,22.887608440686677,8708.317654571212,82.14141847020342,,5.074871778619401,3373.8558597943625,0.3441179663667154,20.64420016859327
2397,,,,,,,,,,,,,,
2398,,,,,,,,,,,,,,
2399,,,,,,,,,,,,,,
2400,,,,,,,,,,,,,,
2406,31.39004898071289,2068.671837796358,29.065596880520275,38.698716895310454,61.87240333187111,1.3004713614385375,20.095007983774885,4814.762221001264,55.94968975181803,,3.7317228085015675,2582.8743682512327,0.3998877268892383,7.75399071203242
2408,26.441646575927734,2230.9619480416222,17.520860594499116,69.8754541425065,106.97232879992869,1.2885375746047318,inf,11681.993518466978,,,4.734196316121772,3277.8466883683536,0.26217515600201013,48.818760000687405
2415,,,,,,,,,,,,,,
2419,,,,,,,,,,,,,,
2420,,,,,,,,,,,,,,
2426,20.373552322387695,3063.0707368846915,18.265050997845993,46.84792868911974,63.780853255315854,2.531224965778117,inf,6413.064185782959,,,7.978322869873708,3000.034135960294,0.40542205589315256,13.298145935826472
2430,,,,,,,,,,,,,,
2433,30.492446899414062,1152.6985696720783,19.892524149868596,29.93659410900438,63.634982755628805,1.3687006496496088,25.141369984704465,3275.922200970703,71.99417904432985,,2.1506949898172354,1397.6148344300316,1.3455441391476908,0.0
2442,30.80886459350586,2373.550311818871,13.826268869044526,65.11937432498304,99.465028034937,1.8640957952086765,23.462740485145197,10509.821122455269,105.01749630591382,,4.25506471279853,2130.4318862924374,0.6519426697243081,0.0
2446,30.81952667236328,1500.8744739192075,16.567481754755658,56.47491275202945,104.76449490114422,1.1342722415255402,22.936205060126234,8488.155921292344,108.13049721329368,,2.785128733971325,2169.6218988516425,0.5429458842419035,0.0
2447,29.96149253845215,1927.7092471572098,8.166487050933114,166.72806601996916,272.83645118310926,1.0011117126866722,29.568254903971177,43056.93034844263,363.02839810546783,,3.670702451650204,3238.4707185128473,0.22691945685958206,123.89708869376854
2449,20.9678955078125,3032.4378940409074,25.12932786969975,31.640334676978735,43.092902681223265,2.6968387255412325,inf,3559.5213206025446,,,7.720096766411725,2704.8442543525935,0.5806716869984638,0.0
2451,20.77718734741211,3326.965423353987,16.982161045503943,76.93620652084576,101.68330730708603,1.8005681579081996,inf,13496.655070144054,,,8.405967293326238,4525.661969400617,0.21587104960845932,87.7781081810711
2453,,,,,,,,,,,,,,
2454,,,,,,,,,,,,,,
2455,,,,,,,,,,,,,,
2456,,,,,,,,,,,,,,
2457,27.013145446777344,3332.659365861764,32.93221549050279,34.31681584733797,44.59607107278492,2.085201341917163,6824.85877268415,4020.596330435179,13696.28490997539,,6.682665714743836,3029.5057825170443,0.35763585454494773,12.586635194239578
2458,21.62108612060547,3581.198943715491,48.59749823855319,19.763467776352915,25.064604583115486,2.6365522792903073,inf,1757.2142667083053,,,8.749926767420598,3194.753957876255,0.39279150733189816,6.270980378049348
2459,21.990589141845703,3773.526267144893,12.111625058891379,90.43534527234588,111.39719986193886,2.436081202896824,inf,17200.350514029644,,,9.099655475331447,3578.955582391499,0.3036699914026265,60.46164992591448
2462,32.524654388427734,1442.8237534785294,12.266381242841975,51.23711382104087,95.31020431856741,1.6232939466997953,15.716882338795992,7335.115938833835,67.40906701326882,,2.594946033533981,1375.3297267937644,1.3043235550534669,0.0
2464,,,,,,,,,,,,,,
2465,,,,,,,,,,,,,,
2466,,,,,,,,,,,,,,
2474,34.17512130737305,3427.776339713928,45.24343265310313,34.76452107234858,44.23500046321616,1.5410107926780332,12.486283101282444,4099.532859615178,24.854883244608462,,5.5967959985251525,3395.5683008265396,0.3140712882314398,14.342447394631057
2475,31.840715408325195,2381.8319377274765,26.427817877761758,51.757913358152386,76.90571423326426,1.2312834782165885,18.19906226961906,7447.236306190198,62.982534699931726,,4.253910231935039,3096.174313321143,0.28521607272111305,26.846997680852724
2476,32.2757568359375,2466.7598194081174,10.383255065447045,157.44958476897574,231.8414583079998,1.0669322079812815,16.783063084611523,39513.2065889328,175.0954419185172,,4.31581777382554,3673.64646250821,0.19253730351881765,129.72615099707573
2477,,,,,,,,,,,,,,
2481,,,,,,,,,,,,,,
2482,,,,,,,,,,,,,,
2483,28.011615753173828,2290.4292825663824,7.375916867120014,152.99430629151365,234.03734798191695,1.4351939917349315,87.45996342582758,37847.996844292575,921.1004052649263,,4.551555656199078,2884.9338149453492,0.3539947778323889,55.23839575274864
2484,29.663780212402344,2286.11531918723,20.044528386886714,55.896076653026995,85.31389896023336,1.4427994486981786,33.16433943169559,8357.992640334714,127.32205965113522,,4.324849521027284,2713.199888700734,0.41489672434324215,9.513812698406579
2485,,,,,,,,,,,,,,
2488,,,,,,,,,,,,,,
2489,,,,,,,,,,,,,,
2490,,,,,,,,,,,,,,
2491,30.84080696105957,4268.139358571925,16.695940881094867,107.42242507198519,124.25472425705368,1.6827428061969698,23.4732427169175,22267.549389283504,131.24975855442648,,7.527707201316271,4277.287458847224,0.24459792888813436,73.30848950717153
2492,,,,,,,,,,,,,,
2493,,,,,,,,,,,,,,
2500,,,,,,,,,,,,,,
2501,,,,,,,,,,,,,,
2502,25.57737922668457,5571.923021844096,,,,,,,,,,,,
2504,,,,,,,,,,,,,,
2505,,,,,,,,,,,,,,
2506,,,,,,,,,,,,,,
2507,33.14088439941406,2743.0355293464054,34.60394221862637,29.319699556861643,40.90882015287543,1.9117510665811168,14.419453137567618,3175.186718095906,26.544726679840604,,4.691326757792765,2225.8780397836176,0.6916898700251142,0.0
2508,33.670501708984375,2549.8722382761675,51.29703931058625,18.74720450469668,27.07427411966087,1.8748848767957478,13.263565633669915,1623.4345001394536,16.15956352965417,,4.309126880321353,2078.00891957911,0.6563854866853547,0.0
2509,31.87690544128418,2447.855144149323,9.78291404168502,102.61281557327318,150.28686819661095,1.724252540054067,18.05660930537135,20788.94269506914,122.11520682393193,,4.370656018230067,2268.976426085291,0.6613514233416212,0.0
2510,34.426856994628906,2271.176251089815,30.455387441959303,28.11802018160493,42.147239609960145,1.8753700386177814,11.779409634188449,2981.9963197243765,22.34113201422061,,3.8424385494936706,1793.318584278316,0.9356388871550548,0.0
2511,31.633541107177734,2034.1899171883574,23.766890796067443,28.45648668027757,44.851442713017846,2.126781377993931,18.79582418317665,3036.0010357209553,37.93589242180663,,3.7278134747514655,1522.4360812412997,1.2897265019659379,0.0
2524,27.6923770904541,3071.4371922288765,4.243623650325857,250.89585494064198,339.76695006280863,2.039840891217052,129.609243309087,79482.26327275841,1981.6621784584636,,6.016916686553718,2790.1028590216993,0.4243339083556919,39.29886832819599
2525,,,,,,,,,,,,,,
2527,,,,,,,,,,,,,,
2528,29.96691131591797,1158.2943840313578,45.04824877169225,10.968125214455716,22.36346265677934,1.6576530627155888,28.93375954877287,726.4882513921463,29.117657303514658,,2.2832511136614277,1151.8805381466036,1.7793543009139752,0.0
2529,,,,,,,,,,,,,,
2530,,,,,,,,,,,,,,
2531,,,,,,,,,,,,,,
2532,,,,,,,,,,,,,,
2534,,,,,,,,,,,,,,
2535,29.835622787475586,2324.3177264993697,6.636062335550463,147.3711620122332,220.05838568676717,1.680573579792154,30.914518216681085,35780.69380884235,306.1349537871148,,4.434081966411106,2337.5931897952687,0.5059712660706918,0.0
2536,,,,,,,,,,,,,,
2537,28.7723388671875,2876.3165534613304,8.554485821472655,130.06959647419814,178.3940520430592,1.8278980903721787,50.060923115506824,29668.369895293836,401.87569156160896,,5.5508115599762515,2783.041779745685,0.3972051401777712,29.38517135276935
2538,25.24753761291504,4036.0892708548754,17.03357878773382,75.34276946243477,89.61600298983457,2.223813088258782,inf,13079.53684813596,,,8.556045723172215,3678.5616168075785,0.2886266798557653,48.49606927009608
2539,,,,,,,,,,,,,,
2540,,,,,,,,,,,,,,
2541,,,,,,,,,,,,,,
2545,23.128551483154297,7016.226294992293,26.448295278555733,48.37566518692707,45.26656332479877,3.8776084703727562,inf,6729.308216791473,,,15.571159264290237,4066.4117227933843,0.3350010371546178,25.304802955311917
2550,35.305049896240234,5230.376326032816,58.131463347483965,25.67787501418973,24.5496494553619,2.4776936251864026,10.346692800898703,2602.3674402468446,11.430345657797089,,8.943170367324884,3001.4731869125903,0.43505561626298567,2.4766826537977003
2551,33.384525299072266,5141.888547164476,28.51949631497689,52.38224865805286,50.7110442694237,2.433781984843329,13.470364543831677,7582.391463271365,30.739331371838563,,9.197395879898552,3162.188319121154,0.365665461356958,14.10222377980591
2552,,,,,,,,,,,,,,
2553,,,,,,,,,,,,,,
2554,,,,,,,,,,,,,,
2555,,,,,,,,,,,,,,
2557,29.218666076660156,4172.408887749874,9.348014004213278,135.93100362691644,158.56953292846296,2.3218490746036604,40.54868744069302,31696.242497846193,289.3403892749816,,7.750511948806316,3177.3657625629903,0.3522759997180934,48.71256743493866
2567,34.824188232421875,3125.1727292911396,45.052067657841896,22.408554161107944,29.553163144522184,2.1889228983948548,11.388369244733802,2121.5376806014337,15.14530504078546,,5.071671973481772,2131.149859699525,0.6946477038569101,0.0
2568,32.97770690917969,3434.9595837059173,30.524382782191186,54.981243858789966,70.17064218412125,1.4472554102165935,15.010294183336642,8153.645713611504,47.39768919977904,,5.764446729816296,3747.7081713667158,0.2688904867223939,30.883775049391634
2569,31.058208465576172,3433.8365778731595,55.49045941521196,25.777629738414927,32.99152406677866,1.6974747502200986,22.12178719118199,2617.5468744008936,32.842416353311634,,6.0637847300666285,3375.1803776253855,0.375855401444644,7.001449144102865
2570,31.997621536254883,3299.267618093034,54.526694673972045,16.074735702140156,20.88747986814541,2.6616413407859563,17.921727142281615,1288.9787487903254,16.845287169906108,,5.69996078994659,2008.0829417466132,0.9126911829065125,0.0
2571,,,,,,,,,,,,,,
2572,,,,,,,,,,,,,,
2573,26.292766571044922,3042.887030463951,10.940378229019785,92.47476807951803,124.3320625209073,2.126744135359891,inf,17785.45056832002,,,6.328585085604235,2762.68985663516,0.4305997785396096,13.347171873907712
2574,22.532047271728516,3000.2491859410775,5.541692630654961,170.6315634058738,232.8980450309575,2.2435746521934243,inf,44577.8430348244,,,7.15537996594926,2998.5077066827394,0.3805865369924028,59.2793084310621
2575,23.292953491210938,3109.3371921323314,5.71875271986304,171.1077270850492,230.40018354717313,2.246890373183266,inf,44764.571248973254,,,7.155408903966952,3014.3350562737364,0.37886050517016906,58.812659464281126
2580,,,,,,,,,,,,,,
2581,,,,,,,,,,,,,,
2585,31.36252212524414,2513.277285065638,13.219596775409464,93.17496999448998,135.5751932189157,1.4428059951353,20.25764006760046,17987.83470291923,123.58950598458813,,4.523195618625642,2835.706908877439,0.40559218517772383,17.32580537226484
2586,33.1407585144043,2535.4077796730603,20.187572545060537,63.75882384688913,92.12369026208995,1.3928630686429457,14.383399234038269,10182.172288116282,59.62733171786355,,4.3554371051825465,2816.7351035649363,0.41529031936697736,9.745357106497337
2587,31.21479606628418,2339.8341667472396,29.810595590398933,38.07380595004324,56.90419958981916,1.4577167209243371,20.859254080127375,4698.610380608873,53.41406208616429,,4.267004795990408,2610.718777355019,0.5210253569981111,0.0
2588,,,,,,,,,,,,,,
2589,31.570768356323242,2507.6948133154997,9.601850829446862,139.69557163116983,204.1291291658582,1.3219714928382011,19.371114480359118,33022.04420010805,177.93939284315334,,4.47241310915822,3075.236592783575,0.2923523931592437,70.323587064357
2590,,,,,,,,,,,,,,
2591,33.433631896972656,2709.3836835874727,8.027622461848303,144.20098290414919,199.66402816081245,1.6550089744765781,13.657542711565956,34632.37908595385,122.71139966563216,,4.661882305359373,2500.1122996205013,0.4761249041224432,1.2596879921247572
2592,32.15179443359375,2881.050069625414,6.87432061222024,167.75283720615366,229.93765192790502,1.7665915573303588,17.244720492144868,43454.50497198891,178.43447421525678,,5.027773766462235,2609.158576077998,0.4371585550227228,17.333869454120897
2593,30.91486167907715,2751.541653877448,6.083995376091733,182.66751971042785,255.16993911639298,1.7506965934097973,22.6279657479391,49376.69229172655,259.8289489003251,,4.993930774133979,2598.5301629402784,0.4393270672682835,18.496096065833317
2601,27.75875473022461,2597.6030324294547,7.442460011225374,156.66658659898215,227.3708213961839,1.5753058786300682,117.29284878537715,39218.82405503157,1200.103711750332,,5.151830605588863,3023.5532687190657,0.3387454120541232,64.9722360603521
2602,26.679237365722656,3333.502496178854,29.657706380638217,48.24164651375827,62.297373004629556,1.6475025805172883,inf,6701.363545159662,,,6.80373211128968,3866.060101237953,0.23643420660872813,38.86770050557166
2605,,,,,,,,,,,,,,
2606,,,,,,,,,,,,,,
2608,32.91977310180664,1900.0410165748622,21.136407487272383,56.297196635835924,95.87191745056,1.1290938347166117,15.090684459903771,8448.121470274114,65.10477846655543,,3.2180447357393644,2649.751648128284,0.34840663210231576,18.55810399021142
2614,,,,,,,,,,,,,,
2615,,,,,,,,,,,,,,
2616,,,,,,,,,,,,,,
2617,30.456148147583008,1505.8476259807858,11.070337986687177,60.006564509735625,110.69458896672272,1.602899845459372,25.287262871573073,9296.685526834379,125.96234263480122,,2.835599870054694,1553.471971123804,1.0262012099325015,0.0
2618,35.0914192199707,1842.8954063069384,17.61087968895291,43.042683725132704,71.56430480709396,1.719116456203815,10.812459366944646,5647.796091440521,34.82037620326552,,3.068740255398788,1560.3531575647473,1.0203712915010004,0.0
2619,30.598712921142578,2200.2980181359276,5.9622754192283045,225.72905531744524,346.1835325433446,1.1560244296460986,24.355267064521044,67828.34051033069,379.41265747946113,,4.105549996877818,3142.928422620403,0.25649759451466086,141.79627125139191
2627,31.92912483215332,2522.0011653377655,17.36697688652327,60.24503720457491,86.26079663377807,1.7044520256630047,17.78726528097915,9352.159628747306,69.04546528831217,,4.531247911317993,2351.0235593615357,0.5401572049183573,0.0
2628,29.915225982666016,2416.4438231847257,10.371515095332098,90.47127077879418,133.6941027945389,1.8209952420825095,30.226436708616546,17210.600809405787,181.84933513954823,,4.557407048670007,2248.9854710049353,0.5778062836165977,0.0
2629,19.785627365112305,6334.5364665536135,27.074737615313,54.41059998921577,53.84682389813011,3.0405494527731123,inf,8027.037059602066,,,16.233265797303805,5448.260808294684,0.2162201798479043,66.17216704750314
2630,,,,,,,,,,,,,,
2633,,,,,,,,,,,,,,
2634,,,,,,,,,,,,,,
2635,35.34339141845703,5634.317770465664,35.573191689282325,54.95472939817082,55.44210811726683,2.03797303307489,10.848962745191088,8147.748335611273,27.067021446558787,,8.787941594752601,4136.708172212114,0.23630664029993076,34.69489561106665
2636,,,,,,,,,,,,,,
2637,,,,,,,,,,,,,,
2638,34.76224136352539,3061.1867781410897,26.04125198974188,56.54465701903707,75.12224098447423,1.4700137494689898,11.458994251696137,8503.884576389431,38.73713974270299,,4.99054522868283,3107.912288750924,0.30748922993575484,23.82421125510077
2639,34.56865692138672,2815.4264988507284,19.03679914442359,73.68167633626567,101.16023925379112,1.4193051230021276,11.690176394441743,12649.380093054935,53.216146844133654,,4.65397068238941,2959.799919920286,0.33360369471008045,25.860435684876904
2643,31.40234375,2760.894354719314,44.94247533025675,26.014759416619192,36.45675722140113,1.6697751299837447,20.182863356604095,2653.7482240535537,33.111078724099286,,4.916748241940106,2703.076730304403,0.5279959801359829,0.0
2644,31.9700927734375,2402.5064807687686,26.788223498111552,36.6029334708968,54.46442130154777,1.732565905701145,17.784677582615746,4428.981175200699,43.58844776572993,,4.250839665251396,2218.6863005525292,0.7055925616027277,0.0
2645,30.206510543823242,2017.5128735915362,17.375869199660922,73.4488305673302,121.68563997433792,1.117814895745177,27.864433966439826,12589.466422380918,152.58156658780092,,3.681882124199736,3074.218371266754,0.3557708262600172,24.606056727695798
2655,26.709522247314453,3207.524225314793,12.767573335243268,99.62296188210503,131.79826007243994,1.7831469566032496,inf,19886.99525003179,,,6.507626782539588,3443.035113128187,0.29245246053556345,59.176093474444976
2656,26.95705223083496,3113.203092568656,12.082118332641448,86.1725047137871,115.22757158889361,2.1143683733043033,inf,15998.640157900447,,,6.289192976201477,2787.5511671737636,0.4529944296789188,6.584206923288074
2657,,,,,,,,,,,,,,
2658,,,,,,,,,,,,,,
2659,,,,,,,,,,,,,,
2660,,,,,,,,,,,,,,
2661,24.858760833740234,3200.6216429307683,25.41931072351312,48.10863637975815,64.00126078693734,1.8506850755922353,inf,6673.66751965583,,,6.911826840495994,3548.350871065454,0.3169405470726219,26.161906054249577
2662,27.493574142456055,3301.6716762017045,43.23020600379124,31.429516220811593,41.07307342521708,1.7182798016839396,181.86592763096334,3524.005194812048,336.1406669609298,,6.507610771521941,3585.3243637688056,0.25632260924146527,22.32985805536406
2663,,,,,,,,,,,,,,
2667,34.836631774902344,2895.731240432495,70.11147077171638,15.628912752981751,21.219115287991936,1.8686390023907165,11.31146417911966,1235.7287354754508,10.8008668121729,,4.740774990711547,2300.4396696476665,0.5457127035476796,0.0
2668,36.51605224609375,3492.1214094708666,44.90535137906123,30.982685268037258,39.39572816605216,1.7748317207585846,9.479922351764916,3449.122178407437,16.806079980243563,,5.336404754105168,2849.3472878206235,0.4130991529042532,4.58773908990188
2669,36.194454193115234,3099.9445048136154,22.92362725894465,71.12801640607677,93.72576805962227,1.344357844740984,9.67545964388049,11997.507822772284,40.80779489036602,,4.888826605183987,3319.1964111312327,0.26010023453552444,38.2078782421465
2672,,,,,,,,,,,,,,
2674,35.176456451416016,2737.5709376725945,20.007010097412348,79.3332893258582,109.8363153239922,1.2195868447126992,10.791615161069478,14132.311055889257,53.33900605588809,,4.482116287879807,3288.03195573273,0.27306908783707495,40.38744179157676
2675,30.253427505493164,2797.304042945827,7.477763271666235,148.85395098236594,207.69315847180616,1.777021148501508,27.33213920490186,36322.0661791936,255.45142436657164,,5.140600932999722,2664.7118603631257,0.4374968611205866,16.142776386156978
2676,29.587032318115234,2932.196284223301,26.03661264357906,45.50666096642936,61.92958298681792,1.7499215875476355,34.338188774005616,6139.633560851767,95.694737008356,,5.50626010824381,2892.047684392399,0.35344127227021177,15.761686896960029
2682,,,,,,,,,,,,,,
2683,22.616546630859375,7321.7178887412765,47.85993118688743,25.715302152657095,23.668013958551924,4.206629778816564,inf,2608.0591874745924,,,16.517951370837704,4006.2300397774925,0.3995252517116332,7.338707579958281
2687,,,,,,,,,,,,,,
2688,19.365808486938477,3611.2176157702525,9.718821033192794,92.71618942191304,117.45199332208529,2.833802006297714,inf,17855.143988059222,,,9.774532648234409,3336.3355560211558,0.3811095926500062,37.39943117024062
2689,20.904834747314453,3240.7962765467523,17.47240714560581,74.29265619139846,98.90993941396607,1.7653796100135064,inf,12807.04173109623,,,8.187902099273112,4455.265706964967,0.22311388097212637,81.1431244218416
2691,30.35199546813965,1526.0418959953574,16.16428747118231,63.05609703270284,116.80118837508851,1.0586875546328307,26.233268506993415,10014.300620706188,137.88346214608265,,2.851612472229445,2405.7478811977007,0.38158878876747043,16.131108882006835
2694,21.685409545898438,762.6761884357762,41.06267322246999,9.658953170084809,22.456100586866608,1.3597150676282876,inf,600.3784376780255,,,2.196471650399151,1195.6452733534663,1.230410631825005,0.0
2695,58.32334518432617,1495.897765430231,75.55386380530224,12.754790845652451,21.15326990125468,1.0976323422650662,2.754099922832029,911.0453750655495,2.621619855121077,,1.872365156238874,1260.6644022769858,1.107592011027277,0.0
2703,28.35809326171875,2063.552116895803,15.956956701415205,55.38865602733874,87.49634088152824,1.6509333856416484,64.40903309917033,8244.441424007015,253.59996221525893,,4.136650697505705,2208.7559935281542,0.6061070139124307,0.0
2704,28.28939437866211,2182.8151907651322,18.146396563337998,64.8921453669734,99.28607720970213,1.310748712336009,67.69102902265233,10454.859341627114,302.434953027626,,4.402390838422514,2942.862973872466,0.31924465816042474,29.915745088985705
2705,,,,,,,,,,,,,,
2706,,,,,,,,,,,,,,
2710,,,,,,,,,,,,,,
2711,32.93968963623047,1901.055412660661,76.18960115521463,22.662624064912265,38.3437455449301,0.778527366767055,14.986840462178101,2157.7209962388447,25.859321874189888,,3.2381367919406197,3829.2582651092075,0.16205855089125934,21.05613155581413
2718,,,,,,,,,,,,,,
2722,29.440351486206055,3022.7453548041503,9.09455178086319,149.43290344208046,202.60460739839306,1.5727475953507752,36.64027164019244,36534.17862380775,334.0569532784249,,5.6369623504913084,3354.174628316203,0.27136889286184923,91.50254442085532
2723,27.646833419799805,2531.963244177831,14.349903665955347,94.18078503104604,137.63462716932247,1.3247413954428406,137.1259090630069,18279.88481562997,849.2973016113618,,5.07005305605576,3505.8569784339097,0.251953433156695,67.30755835841408
2725,33.136417388916016,2249.1756219999766,18.40312278089661,45.736155145881035,70.19683551752495,1.889544802509046,14.397600886630718,6186.1361525754055,45.47997095786045,,3.8622739126360965,1842.662642417178,0.7712390924820303,0.0
2726,32.1302375793457,2243.563038839074,37.316811730562684,19.990111385663983,30.326445796382213,2.1266867896586437,17.085228255996288,1787.5278491717474,23.316041188093017,,4.01109959353555,1666.2075404912862,1.0510240892371354,0.0
2727,33.74123001098633,1837.4315468623688,44.96633077093211,24.193734551055517,42.8413939042531,1.1942790349464802,13.428758560941764,2380.040584290045,25.88880308194877,,2.9777730306345025,2400.7147006242712,0.4104555029306429,4.018889189444202
2730,,,,,,,,,,,,,,
2736,27.612070083618164,3276.3328606517143,31.578352345904328,32.89482237530735,42.87421091956938,2.2302626327668937,146.1140075233506,3773.2998135616044,281.90352495868564,,6.474079471727487,2720.102796587553,0.5153813825280897,0.0
2737,,,,,,,,,,,,,,
2738,,,,,,,,,,,,,,
2739,,,,,,,,,,,,,,
2740,,,,,,,,,,,,,,
2752,,,,,,,,,,,,,,
2754,,,,,,,,,,,,,,
2755,,,,,,,,,,,,,,
2756,,,,,,,,,,,,,,
2757,,,,,,,,,,,,,,
2758,40.60434341430664,4950.126993411059,38.6986636589509,58.53422747555224,58.65823179256684,1.5452383701421912,6.425033989126356,8956.634090471682,16.95965098541824,,7.370662087418436,4089.957130105251,0.20970215740036524,35.83131165386905
2759,35.30512237548828,5558.678740566906,44.626279507275534,35.78592347734484,33.433025741864725,2.4612383138089378,10.3902116871915,4281.523568771813,15.631929666058367,,9.434802380206497,3224.726382396275,0.34108364173114797,11.347419861890824
2760,,,,,,,,,,,,,,
2761,,,,,,,,,,,,,,
2763,22.779481887817383,6436.227322957034,31.070441890305236,38.132647812683125,37.096544386189734,3.8412447927646025,inf,4709.506918519268,,,14.552792479507241,3810.84489400114,0.4177129137666698,8.234350026446517
2767,,,,,,,,,,,,,,
2771,,,,,,,,,,,,,,
2772,28.282995223999023,3639.264611096052,9.442036914007502,139.42691610440747,173.36612087332801,1.9547279412462084,69.92711551107658,32926.83050211531,545.5346742007412,,6.996094611443843,3382.548946018835,0.31323724773028394,68.84626187538738
2773,,,,,,,,,,,,,,
2774,,,,,,,,,,,,,,
2775,,,,,,,,,,,,,,
2777,28.118682861328125,2529.9730950555063,4.293397499256737,228.93038699539676,328.8590709134386,1.8201046678139807,78.4988846476844,69276.37577737778,1161.6781622840406,,5.076223617028392,2485.2354721783568,0.4805530343130723,0.0
2778,26.696151733398438,2491.188363674382,9.056149178740325,104.83080641852504,153.1880017573829,1.8554919489837083,inf,21466.606017596027,,,5.194656469441215,2531.7693338288495,0.4793293358398718,0.19537375035772622
2780,,,,,,,,,,,,,,
2781,,,,,,,,,,,,,,
2782,,,,,,,,,,,,,,
2783,27.356761932373047,2584.2586309544954,6.348453523919123,167.21145829102343,244.31305306985567,1.721420610969606,250.04336882074728,43244.317510208726,2748.9986476410922,,5.173208124535377,2796.588513655487,0.40096438351876273,37.897184369235696
2784,28.739208221435547,2233.9352348015796,7.442239567246304,147.28760243629992,225.43213345961263,1.441072204622503,50.530718105938185,35750.26659656266,512.6061414540565,,4.388195972239867,2718.576095608155,0.4034861052927309,30.377427865010947
2785,28.5006103515625,2597.7459247167017,17.074655145437816,58.77277411162798,84.26617500067994,1.8304317619597223,58.902120429970296,9011.441773870887,223.35553746283506,,5.0902132514561975,2522.4526748076732,0.47300293175685204,1.080705563333361
2786,,,,,,,,,,,,,,
2791,30.294795989990234,2211.957597611756,13.192033520123147,93.43861073489822,143.47148720729038,1.2688891412178143,26.657441774021873,18064.234176562062,172.10622674073002,,4.148755927358452,2911.021392394527,0.3048782291382854,44.80138649534071
2795,,,,,,,,,,,,,,
2805,,,,,,,,,,,,,,
2806,,,,,,,,,,,,,,
2808,34.03593444824219,1929.8145503791752,21.956340378405077,35.07600849388002,52.12401394856219,1.7718642975345191,11.806610624299642,4154.753338993888,27.693357158980668,,3.6087023357960044,1547.3087613061336,1.1048376614781297,0.0
2811,28.482458114624023,2268.7196912842155,9.162879453143074,98.78822604334569,149.04508055036666,1.7722650899907242,59.05538434709102,19637.57134446925,396.08615326252686,,4.52320419934061,2254.913131288136,0.577270911338778,0.0
2812,27.976478576660156,2123.1917093415314,10.852430754749967,110.96141647209893,173.09333153344448,1.246737998750459,89.6621114450798,23376.95731042914,698.396111205833,,4.302279316809105,3049.9517126714704,0.30720972735711766,56.204156143037586
2814,,,,,,,,,,,,,,
2815,34.348670959472656,5541.509213650241,,,,,,,,,,,,
2819,27.296981811523438,2593.006778756777,6.412944971784127,168.51796751318219,244.78743814362088,1.6966213526634355,299.662463056201,43752.14144507937,3300.9122987700694,,5.222860384559352,2846.0624892700894,0.37870977397832806,49.59694659310356
2820,27.68486213684082,2637.3572763049456,21.60189378277008,61.67454645003566,88.99773717086222,1.3997683775097969,130.08638999705866,9686.992026676171,520.9827455909028,,5.233724486839779,3466.99159742491,0.2651259056208444,41.21512948499768
2822,,,,,,,,,,,,,,
2825,,,,,,,,,,,,,,
2826,,,,,,,,,,,,,,
2828,31.099102020263672,1761.0361139994682,30.76301421700705,35.2724950912331,60.32603367672569,1.1475938086248698,21.358016352388884,4189.712940971713,57.97999861840214,,3.245746735929703,2493.8722506525924,0.4325863456265384,4.107928103570833
2829,29.586200714111328,1375.0207788552061,33.30971722086954,22.737106176577246,44.21138281983208,1.2837726753712921,33.92404874158439,2168.3669561224874,67.49230975707736,,2.6390657620335447,1825.8033408992771,0.8033282303240409,0.0
2830,29.68343734741211,1862.2878559228388,31.294454263665116,38.00375627173234,64.12056007559603,1.1072301592924072,32.8785740242098,4685.649315844681,94.8686661413674,,3.5289988705778224,2874.5469235927626,0.2934281891274313,20.03699819494231
2833,34.473453521728516,5554.3151078316705,6.4296650600094365,308.2886485585023,313.4262997881847,1.981388476758509,12.107141742704144,108259.56970251445,170.7613486842075,,8.848881991007298,4288.03830758112,0.20612779814821278,229.87796312658165
2834,,,,,,,,,,,,,,
2835,32.41144943237305,2953.3909790445887,56.298574155449245,26.118814200016097,35.40465623813325,1.420218267231689,16.431487920218416,2669.685973024723,26.17880315833674,,5.110678379917406,3305.6086242924534,0.29695118828528966,12.533330281938522
2836,,,,,,,,,,,,,,
2839,31.364694595336914,1770.4770677949275,40.70414201213364,21.680421343314965,36.61224244378346,1.4186294949376015,19.946203479292354,2018.9779360790458,32.86238569276,,3.2708879248501415,2001.2916026467196,0.7646931214180327,0.0
2840,,,,,,,,,,,,,,
2845,20.826820373535156,4373.795523521822,31.33113718225539,32.146955943588196,37.2672321330344,3.070629830942699,inf,3645.3545810035494,,,10.963118803748117,3492.1873912733713,0.3592687841986712,15.030970262390923
2846,,,,,,,,,,,,,,
2849,34.9409065246582,3853.2485592673056,27.209139576485885,52.49266574439403,63.212370179879485,1.9076495314179698,11.310820701112519,7606.378595512959,32.17427033386358,,6.1495780581781405,3030.069470910918,0.35504621617260795,15.585552410389282
2850,20.39310646057129,3434.079376072156,5.7192851381806245,229.00005614195777,298.44792889919097,1.854035278373773,inf,69308.00194039181,,,8.816704971518854,4623.190094464215,0.20685933599693085,277.6903155014645
2851,38.73859786987305,3469.531308935326,47.08521161216055,44.550851332863694,49.08606050584133,1.1695405361295084,7.084762231725585,5947.220036260792,15.649338040919167,,5.837217260797484,3757.0166614111527,0.17561547352582035,31.528299663152648
2856,,,,,,,,,,,,,,
2857,33.709495544433594,2849.1987452800845,52.726810495285775,17.760384660799648,24.355819278238148,2.1514134420729043,13.215181743297007,1496.954317304612,14.483996022096633,,4.792013356777941,2025.7778125730786,0.8205046202317946,0.0
2858,32.96516799926758,3308.5115944713916,26.848602979029973,36.878421598418136,47.63108250251867,2.362781954596379,14.983120322346052,4479.076531285156,32.1148008098473,,5.592196483119489,2203.1764186849628,0.6981881690031896,0.0
2859,31.677305221557617,3289.3932961363175,20.82781332191971,44.07298470061273,57.21200812503261,2.5338719621632246,19.118902307306513,5851.789424205635,49.222385736629626,,5.748554971203845,2119.0382331763776,0.8109267173661232,0.0
2860,34.807254791259766,3879.0745296177643,52.206789086147936,32.04492866219803,38.43099613325463,1.6395581851790637,11.498216678505507,3628.0140421500355,19.884956431993608,,6.216280115777221,3559.5093785724957,0.3164146912801375,12.824182262343676
2861,,,,,,,,,,,,,,
2866,36.163360595703125,2471.671613976472,62.447346972910914,14.378680788619292,18.9815400114487,1.946447692690837,9.109198889771033,1090.4570363060716,7.780798043929482,,4.360650097835408,1716.3831145226854,0.9532234886174419,0.0
2867,37.40568923950195,2831.346618079916,19.84119605289795,61.07890448031609,71.04745715769079,1.6520338986024627,7.7670494658322395,9546.99849267475,24.83231013744215,,5.1453090299217585,2176.2017147023594,0.5605243682315726,0.0
2868,20.868139266967773,3013.9920811823845,14.33721719395056,58.44206703075507,80.40224502849306,2.5435289007947666,inf,8935.489477622246,,,7.654171385023015,2874.971932478164,0.47667598391260285,0.6955277543240113
2869,,,,,,,,,,,,,,
2870,,,,,,,,,,,,,,
2875,30.235952377319336,1349.9935362136155,27.473630067419794,27.249996301238635,53.760840192795946,1.2750704982005103,27.2002125260734,2844.9829444351094,65.80378254709434,,2.5269654455464616,1774.9658912119523,0.7754242959023552,0.0
2878,29.522098541259766,1567.1117557201073,8.383470557795112,117.43372039521583,210.0244285232216,1.1255591097490594,34.42477965197899,25451.842407619522,325.35201030501213,,3.0691943754919726,2353.3795253696126,0.4099924115065094,21.277527503660384
2879,35.95964813232422,1052.185673593634,135.75256868403426,3.634953553845828,7.865569044099541,1.5077539136501814,9.679008285842936,138.60480769160685,3.4258908577819116,,1.7442296866281592,984.9564281494862,2.6732864713021556,0.0
2883,,,,,,,,,,,,,,
2886,32.00225830078125,2355.2222703310294,44.222127453899276,31.29369221436124,46.88801545061207,1.2034289718861384,17.640214417593196,3501.186182556986,37.22015907738988,,4.175994889445138,3123.162287121019,0.3292555423385646,12.131834671080224
2887,,,,,,,,,,,,,,
2888,40.77886962890625,6002.231785340074,50.753714351934924,43.08489636856034,42.152350913713555,1.9409076900805788,6.613065881107497,5656.106453101237,12.544032313617727,,8.283971284399271,4100.388175996289,0.25126316155583167,22.337703603089928
2891,,,,,,,,,,,,,,
2892,,,,,,,,,,,,,,
2895,,,,,,,,,,,,,,
2900,19.096656799316406,4523.731825623447,18.766211372480015,65.54812249882774,75.20815172076752,2.6004289550419006,inf,10613.787312981065,,,12.242385651539713,4652.318125414335,0.20528801856736428,85.78279832098
2904,29.186908721923828,1542.5866560266388,7.00450193256086,135.11132981239368,243.31852000630954,1.1525653112109921,39.67605163027906,31409.97916952489,434.4263173068042,,3.0556966114312076,2284.6646861995955,0.432030603591735,16.727054589698696
2905,22.137889862060547,3582.2572088458555,3.312222476281594,320.27361656584617,403.9879642156553,2.3878173509974387,inf,114633.54988989327,,,8.603275991068237,3439.849185085463,0.3067805494987858,208.27380709640906
2907,,,,,,,,,,,,,,
2910,,,,,,,,,,,,,,
2911,,,,,,,,,,,,,,
2912,34.0241813659668,1500.2157233851788,14.457659150582883,48.930106516207836,89.40459615484208,1.4995625026925345,12.38484446442941,6845.3276036833395,49.826790800227926,,2.588487411981664,1488.8667422047456,1.0851044213997347,0.0
2913,32.55744934082031,1535.2137678396743,21.070144679793327,29.32241444504709,53.24670195873872,1.7570600854606935,15.686551068620794,3175.627742897608,37.58656992801236,,2.739544097184697,1356.1471821055095,1.401738724096949,0.0
2914,,,,,,,,,,,,,,
2915,,,,,,,,,,,,,,
2916,27.1177978515625,7767.130730524813,4.463258049182023,481.11171429568833,428.5046303576988,2.5576887239979094,781.56171415192,211056.57819992196,15070.626604097904,,14.832424645663458,5886.005287245673,0.132929867454676,624.7690042830303
2918,,,,,,,,,,,,,,
2922,21.467769622802734,3470.5121919486173,48.422495161870124,18.21583966548678,23.32022567847041,2.782160735596301,inf,1554.9047424493585,,,8.5910186846194,2943.3325492225654,0.45797130683038767,1.411173649646482
2923,21.335779190063477,3453.3673167999,16.45613160038781,62.450248243619285,80.18855024705296,2.3761062452669477,inf,9870.320371472304,,,8.594632265704849,3450.506489756176,0.30120398244696567,43.5809128912259
2924,21.141483306884766,3488.8595698371523,40.2230448411068,21.745135229183585,27.862819116153688,2.8205346231822275,inf,2028.0243486859845,,,8.73277554399379,2967.5165536196373,0.4536768009023378,2.0514745700034065
2927,,,,,,,,,,,,,,
2929,22.722368240356445,2987.8413343134393,9.271792218016556,95.8742499825844,130.6282225211381,2.3767136654331202,inf,18775.130526238816,,,7.096483656993041,2790.313220625993,0.45419926105174613,8.1998791934756
2930,22.80154037475586,3350.5768971638904,12.350490315586256,84.45391050110078,109.67050045720713,2.2714366486360826,inf,15522.42753906583,,,7.858848875524692,3280.619502717822,0.3223262832417488,47.956496918768856
2933,,,,,,,,,,,,,,
2938,,,,,,,,,,,,,,
2939,28.899396896362305,2290.5786338757534,9.667053612610852,113.64979348424444,174.4158723923768,1.474237416469048,46.674372311171105,24231.64913799505,366.3338114258777,,4.409087523423669,2734.6506807127407,0.40679581780637025,22.462964354460972
2943,21.036479949951172,6489.152625442083,68.78725805931765,19.994410972458518,19.512701327675618,3.3362330341620274,inf,1788.104587658045,,,15.711677178280626,4791.417627877453,0.22741258106110954,21.71067244153891
2947,,,,,,,,,,,,,,
2950,22.51563835144043,5258.079499399848,46.92113118647689,23.495404921093986,24.96340596548845,3.3725682142666957,inf,2277.7413015103643,,,12.177358723800612,3558.864567780849,0.39172408006521303,7.328565170652877
2952,,,,,,,,,,,,,,
2954,,,,,,,,,,,,,,
2955,,,,,,,,,,,,,,
2956,,,,,,,,,,,,,,
2957,,,,,,,,,,,,,,
2958,22.683656692504883,7697.6439654614505,40.262334635141734,36.32230750486617,32.70222732648691,3.721949165980564,inf,4378.145010421646,,,17.26536829233269,4755.23401025194,0.26827281088529,29.810343119158148
2972,29.42917823791504,2002.0324999499044,67.79358121960333,10.44099789999025,16.664062268488035,1.9999794846660681,35.917416998732556,674.7501787555804,26.933853302555846,,3.8984701790267176,1705.271057276723,1.0060246479330541,0.0
2976,32.24892044067383,3100.648446945704,19.672108948669333,77.70397814876208,103.72280335488055,1.4343110891708652,17.025703197649005,13699.189587741976,79.4679149136739,,5.341543383663356,3469.4770191237194,0.2986462306097236,37.25123081561692
2977,30.202260971069336,2805.572222773914,20.464487541721322,80.40409972745609,111.6126760787858,1.205667038162785,27.710520922243795,14419.40320452687,139.1780428050966,,5.182590585622888,3936.9219659214023,0.2350557234202265,57.75477951802099
2981,31.153223037719727,1562.4444807104653,35.11387670003378,28.368153217661185,52.60357750980117,1.1091231054693893,21.335044289831515,3021.875666320222,50.50348451888368,,2.8153852007702946,2313.4437466413638,0.4765025283587405,0.24046751412542372
2982,30.19623565673828,1546.767892376248,40.373135493539756,23.584351538796177,44.54246020774655,1.1486659084170385,27.924515384506996,2290.6878122009543,55.972197690075426,,2.828865434707685,2291.9044422433435,0.505716925321826,0.0
2984,,,,,,,,,,,,,,
2985,,,,,,,,,,,,,,
2986,26.92098045349121,7664.7500989681475,72.21410035033385,21.47097924764714,19.154638715929682,3.4954986969248933,inf,1989.7924283096067,,,14.809616234142903,4266.608155888078,0.26616392681822754,15.086601208588153
2988,,,,,,,,,,,,,,
2989,,,,,,,,,,,,,,
2990,,,,,,,,,,,,,,
2991,,,,,,,,,,,,,,
2997,29.0501651763916,2981.970537044657,47.31660305914772,20.81530015436615,28.201838650522927,2.1408789609665737,43.42323567518285,1899.3456754837812,55.1076788787812,,5.671351694179844,2450.0513699736935,0.6066089503907941,0.0
3007,,,,,,,,,,,,,,
3015,,,,,,,,,,,,,,
3018,21.73041534423828,3837.2324604334694,25.07291099949946,47.11892965241102,57.71294515688424,2.296692944496089,inf,6468.791010062805,,,9.333276435074028,3910.2458381081806,0.24964986129971165,43.483017912437276
3019,21.527301788330078,3396.857320598563,6.195082431403256,164.13372179541568,212.96219652106856,2.362204000898069,inf,42055.879704634805,,,8.364108982435557,3389.2746140173595,0.3095263415603927,107.7641618756094
3020,40.53989028930664,3978.282520555973,24.264900384510298,54.863337166568954,64.64715088652589,2.113099222347504,6.652392334124218,8127.431670451748,19.35261949412234,,5.626892366001732,2480.4066850214926,0.6073008061354632,0.0
3021,,,,,,,,,,,,,,
3022,,,,,,,,,,,,,,
3025,,,,,,,,,,,,,,
3026,,,,,,,,,,,,,,
3028,,,,,,,,,,,,,,
3029,30.86141586303711,2317.566632192545,11.756598542245788,130.5303503866066,196.68221814910692,1.0678839010418444,22.8086516021465,29826.15368880892,201.87252855451598,,4.255615505871235,3573.0687993533215,0.20004522539912575,107.71840568985984
3031,,,,,,,,,,,,,,
3032,20.81400489807129,4033.695351284196,36.0713687303377,42.83740365549909,51.566351628164156,1.8458751965617135,inf,5607.440921671547,,,10.14508981047664,5352.104908955925,0.13610739504364025,69.36539967920702
3039,31.90666961669922,2294.5239176479213,19.891241780467496,68.81420142587255,102.85033457664467,1.185325480988668,17.824066598219147,11416.871347642755,82.49450459144562,,4.143136956377167,3070.0411302289112,0.2747035646007329,37.5814209328535
3040,32.74534606933594,1906.215518230009,31.074409488158455,36.86586941654466,60.40973339634739,1.176602151165588,15.222989368758304,4476.789934008215,41.38275281679538,,3.3656410223126216,2509.6353525005948,0.42897544413129685,4.413128190025719
3041,31.095195770263672,2356.6279740358877,8.030552138003342,173.82257324357286,259.1107840532323,1.193780415531472,21.479069915051515,45834.15804691663,250.44563908904362,,4.308383736334311,3223.6731958599894,0.24169152750276693,116.57644203935804
3042,34.4236946105957,2363.5861778593653,19.656323279674147,78.51093271966738,116.93399050340598,1.0829889381623787,11.876027308707682,13913.141465601566,62.49200690405763,,3.945263106855472,3257.164672187041,0.22853946520394647,51.36589675603762
3049,,,,,,,,,,,,,,
3050,,,,,,,,,,,,,,
3051,,,,,,,,,,,,,,
3052,,,,,,,,,,,,,,
3053,22.898868560791016,3265.0781320834167,8.55598465272342,117.04190416396001,154.2656083687196,2.305511032481156,inf,25324.569056286204,,,7.6126795159691,3140.474233914086,0.35112583491625093,53.11770092638307
3054,22.614151000976562,3037.4846056777305,4.926252349559319,194.1716673357567,263.6395412889938,2.2454147585934034,inf,54113.89386083749,,,7.212665945122552,3024.3737356037113,0.37578768165116333,70.71780146116049
3056,,,,,,,,,,,,,,
3060,33.1479606628418,2920.695713392006,24.856917157643963,52.10838588226555,71.01775296218686,1.5944702846218084,14.468055139676258,7523.00631822463,46.23699445887719,,4.95494816687669,2853.964857202999,0.3718632541060301,13.757331813685456
3061,,,,,,,,,,,,,,
3062,,,,,,,,,,,,,,
3063,26.308422088623047,3102.5220751711922,58.118051789651396,27.292357061942436,36.88455482284744,1.3830815576696667,inf,2851.6194113371093,,,6.353857008744168,4365.951488156163,0.16957356484728794,30.47162514266353
3067,,,,,,,,,,,,,,
3072,20.275468826293945,4291.589118167464,16.498775076142547,87.3939065353189,102.60187412297039,2.104603473110852,inf,16339.987689010533,,,11.002088918799304,5138.583324898552,0.1880903740506032,116.48844038311634
3074,33.06641387939453,2163.5434627089885,21.28858601198859,41.290011435805916,63.91555619331709,1.7404390000606644,14.472848995966189,5306.3696508442035,41.62680869755813,,3.762915218875954,1916.021116761312,0.7028807572467279,0.0
3075,,,,,,,,,,,,,,
3076,,,,,,,,,,,,,,
3079,20.085798263549805,7440.24107762586,10.959289902768212,146.21411178445007,134.55985901321623,3.2832224156522054,inf,35360.13636747888,,,18.647434835541766,5867.367658228014,0.18271397805692574,205.06507977860412
3084,,,,,,,,,,,,,,
3086,,,,,,,,,,,,,,
3087,,,,,,,,,,,,,,
3092,36.384674072265625,3283.3871423575147,58.84008770878137,20.496648010466387,25.8178050617179,1.925089569301796,9.392918818509031,1855.8986685874438,10.912704615756349,,5.239706649708067,2421.2834308288548,0.6418980256075674,0.0
3093,31.72317886352539,2085.388542644168,12.440307959976165,73.48250694397308,116.18965704306589,1.6130836508604183,18.60528300917516,12598.125842893112,97.27836534113592,,3.7528612411088607,2070.9864108194506,0.7788186116059622,0.0
3094,34.51308059692383,2365.499640155682,15.63553918129823,84.91991949795393,129.565936243734,1.2597531486025835,11.901079037476459,15651.081622568328,69.38885015105915,,3.844094706635622,2835.478598008945,0.4020343995567496,15.380256172846476
3095,36.54532241821289,2427.2615234559935,16.859614250904453,62.707537982081305,79.09055073001488,1.6234323286582821,8.478789035800364,9931.38048146823,30.17664424642782,,4.482167802858884,1941.094271714787,0.6916077058287112,0.0
3099,,,,,,,,,,,,,,
3103,29.660593032836914,1658.4768204734746,34.2937242137562,34.69996882095905,62.64075625821987,0.9854864848237154,33.343921577952024,4088.119879503875,93.99098089159607,,3.1147960351762016,2894.120014561521,0.2748504129045964,20.532037003991487
3111,,,,,,,,,,,,,,
3112,24.724796295166016,4554.5959707619,13.922622887550041,78.83089569877508,88.87419646993406,2.934386653893929,inf,13998.280360774987,,,9.778794043992496,3220.7253932837602,0.4406008031306236,9.697241597755298
3113,,,,,,,,,,,,,,
3114,,,,,,,,,,,,,,
3115,,,,,,,,,,,,,,
3120,,,,,,,,,,,,,,
3121,,,,,,,,,,,,,,
3122,23.255464553833008,4630.356076665337,47.897208968551205,24.334800095787152,27.344088052203645,2.8090624973391995,inf,2400.886723952683,,,10.47962909842631,3633.549349415893,0.3057560838082341,15.315075036992946
3125,28.679309844970703,6209.401800891401,62.7782968420402,28.07384316288878,27.199651531299097,2.4912847345251636,53.96894758656423,2974.971432335753,66.05714555394715,,11.579578063008482,4516.315491577262,0.20711436435734124,24.684466152841647
3126,44.30249786376953,3996.0897152535636,58.58399361348259,24.463099842516137,25.697022562841106,1.9716497610248904,4.910184574246438,2419.898929323795,5.677970570645629,,5.887071551714111,2330.0215189573573,0.5846154226812071,0.0
3127,37.84880065917969,3318.286055534696,121.82285686816745,10.445851173372018,11.95011642064985,1.8438526435471645,7.725278184638055,675.2206980918643,4.154308815974908,,5.607169527326312,2344.8566901467134,0.6942355413121127,0.0
3133,,,,,,,,,,,,,,
3134,25.323442459106445,3651.8364913674222,,,,,,,,,,,,
3136,,,,,,,,,,,,,,
3145,28.61550521850586,2538.5702530630847,16.338822020025606,83.16989353985991,119.38798849318347,1.3209528045903143,54.391967841627235,15169.77760920663,292.2186433859009,,5.007428144139717,3383.1250302376957,0.2670264993422984,52.62262954029187
3148,,,,,,,,,,,,,,
3159,,,,,,,,,,,,,,
3165,,,,,,,,,,,,,,
3171,21.033382415771484,3215.67501252583,12.554949903563008,64.977729254564,86.63131654222069,2.7872610045081574,inf,10475.548959512196,,,8.096998892967793,2779.70467219696,0.5653255262389985,0.0
3172,20.769039154052734,3113.709206050546,18.451367580151054,42.45236043768678,57.05893404275957,2.810817502855438,inf,5532.007497406446,,,7.999493344708042,2689.0856812745624,0.6498486881638456,0.0
3175,24.207502365112305,9416.791561299186,16.816008384308248,99.22742900273727,81.62876631236952,3.9905550433850476,inf,19768.676928358585,,,19.65609778409959,5133.669167154649,0.2336881255525038,92.27333453297865
3176,33.65399169921875,8707.56107827276,116.68279447831718,12.62253591682306,10.486286352799404,4.180498720423119,13.768911033790978,896.9121730254365,6.497313473994817,,13.848778095473504,3297.067613856896,0.48816746305141573,0.0
3184,,,,,,,,,,,,,,
3186,29.306232452392578,2873.662318053742,44.26337493597644,21.954165844913682,30.161787234342587,2.0910252173847073,38.50315455844234,2057.336857331112,52.25957800392355,,5.446673279807614,2391.817924711599,0.6327980682940072,0.0
3187,,,,,,,,,,,,,,
3188,27.565282821655273,2714.8787761998965,18.520404614588806,56.74758195734356,80.26011429624796,1.8265754378269388,157.1004572562487,8549.703164389219,567.4005294920703,,5.439439028267927,2737.1353630781496,0.3978732688547932,13.235961534288117
3189,34.405574798583984,3115.990909948678,37.267474236342096,43.565698560384796,57.534585272692304,1.3570834123822437,12.027510586099478,5751.048351857193,31.13990250453674,,5.111109075707247,3463.6306945978936,0.2628985680307202,24.1577263040495
3196,,,,,,,,,,,,,,
3199,,,,,,,,,,,,,,
3201,31.807552337646484,2259.544807892753,27.79762075630698,39.612564175906826,59.24760252976031,1.4509932057442192,18.118382480832864,4986.311770029837,48.30618256679511,,4.1199534403005424,2466.748660736676,0.426786679357258,5.063334807341076
3202,22.613555908203125,3681.1902471949647,17.40272580303875,64.01103726476384,79.80268797040775,2.3366901220038465,inf,10242.649057747429,,,8.647802612882982,3543.948277359008,0.28797261171487165,45.909375715125094
3203,22.260387420654297,3693.176849915407,10.057343479666153,107.53606310397052,134.12863091088798,2.4146138723186032,inf,22302.892702151785,,,8.788000387596647,3496.681588880449,0.2999817956668674,72.82200770312265
3204,21.51226806640625,3041.748968463841,10.69933546236836,99.1749991920053,135.36719354638734,2.026979523998221,inf,19753.010931428573,,,7.528790129180072,3530.074628155538,0.37688335092722924,37.57940197031045
3206,,,,,,,,,,,,,,
3207,,,,,,,,,,,,,,
3208,,,,,,,,,,,,,,
3209,,,,,,,,,,,,,,
3210,33.097049713134766,3121.8793820780847,70.98069226229103,15.795630433562424,21.680520599947705,1.968901214853026,14.928963332716998,1255.5541325221461,14.565046368187568,,5.093567218775696,2531.5371054553334,0.6664039482427926,0.0
3211,22.116853713989258,6749.658567837361,16.874525073752228,70.85624578993081,67.58212509110514,3.991692792945582,inf,11928.812242860293,,,15.63191105903797,3964.05786797708,0.3864093398394398,24.142375453510613
3212,19.07608985900879,6359.818961716925,59.179822215081515,18.97626382292894,18.769623729967545,4.004473182762008,inf,1653.278660239313,,,16.855838170491253,4305.306844189068,0.33530172098088534,11.946193242462572
3213,21.99237823486328,7463.791577588282,27.318194681797422,44.514542193615995,40.760738408741794,4.340008685837618,inf,5939.951002214238,,,17.214458858812296,4075.4012320573706,0.3240556921268874,26.606066298317458
3214,32.323978424072266,2565.5668628515327,25.07845327351472,49.512507701157006,71.92814498540201,1.461008252717513,16.689851350002897,6967.907554437298,54.02115214595172,,4.455318851284659,2796.2840221490756,0.4141806329997379,7.926486533322642
3215,,,,,,,,,,,,,,
3216,,,,,,,,,,,,,,
3217,32.51256561279297,2464.181878375084,25.96470771374004,51.1321401963243,75.26069901233228,1.312442702735118,16.055678782814613,7312.585419591071,54.37627237404451,,4.287284102015484,2962.379690847604,0.3036060113560956,23.35399641439903
3218,,,,,,,,,,,,,,
3219,30.084516525268555,2339.2491562142272,7.3781386705739,148.76420597867454,224.30613044566698,1.507010303602832,28.632599309717254,36289.22292009324,289.0110400093778,,4.372239957362695,2623.147615235847,0.3885257269565586,35.66585381288018
3220,,,,,,,,,,,,,,
3221,30.764799118041992,1168.7779234231803,19.646179337197097,26.75334587530902,55.49465134861376,1.5723918841660196,23.09248096206316,2767.5606820540816,57.66791308938881,,2.2015102737125707,1211.4757855559878,1.5883141751496157,0.0
3222,30.73587417602539,1465.9671917556193,13.626754815337089,60.67375784674929,112.68834304365373,1.2537643517436479,23.30782655052872,9452.16592176654,118.19341592675822,,2.756006785257405,1910.322905318828,0.7276161099984265,0.0
3223,38.3111686706543,2372.7297642736085,54.67897773817653,25.933643489557177,39.619205816733825,1.1831760160321678,7.946493241348535,2641.346032097056,14.167518806262235,,3.514180071888055,2772.1408847617295,0.31902705845826823,9.366321499535934
3224,,,,,,,,,,,,,,
3226,21.61597442626953,6884.122615583098,34.83388053476826,53.499966391150195,50.66583704551982,2.612030429222409,inf,7826.3679036802305,,,16.24980884496245,6324.515337350208,0.1475624059156889,80.89390403951097
3233,,,,,,,,,,,,,,
3234,32.837989807128906,1753.0971476132152,28.628563283298707,25.960268580119436,44.28064293156004,1.6679470147286894,14.96724234283698,2645.414730997722,29.82416012339807,,3.092947107148654,1622.435009909027,1.0869126094478367,0.0
3236,,,,,,,,,,,,,,
3237,,,,,,,,,,,,,,
3239,32.9716911315918,3351.3240577044685,51.31747931926793,17.29722687438565,22.265988849515637,2.6696825856542445,14.99320983687411,1438.7810803323805,15.02273893708292,,5.646127683994481,1978.2725110091956,1.0120199630538738,0.0
3240,33.416107177734375,3647.600464264528,50.294950515964835,25.219649767243304,31.09925389573738,2.0334281346291316,13.953839782282541,2533.019728492225,19.52793027943405,,6.076473868912841,2792.6119545995225,0.5493332410208861,0.0
3242,20.064035415649414,4253.7359704253295,13.78045527149715,83.48565006263385,97.89784207361059,2.6144487499146667,inf,15256.248195775755,,,11.077128450102647,4128.16037144711,0.2487858791482061,83.89856130794593
3246,,,,,,,,,,,,,,
3247,,,,,,,,,,,,,,
3248,,,,,,,,,,,,,,
3252,,,,,,,,,,,,,,
3258,21.57821273803711,3003.5162592052766,16.314936582352605,56.76237320377176,77.44774651321373,2.2933432143130954,inf,8553.046099951387,,,7.46234737715473,3060.1458530345235,0.37200790403033207,22.44237059619177
3259,19.720746994018555,3016.242692655188,15.708279765235886,53.13761614602758,72.92608989421362,2.5551746503669515,inf,7746.991804388514,,,8.103018531346677,3019.8446119483815,0.40845593281665155,14.904894742057431
3260,,,,,,,,,,,,,,
3261,,,,,,,,,,,,,,
3262,,,,,,,,,,,,,,
3263,,,,,,,,,,,,,,
3264,,,,,,,,,,,,,,
3265,27.285470962524414,2996.8668246035845,6.647371623073073,182.61847367787507,248.75858532561946,1.7456524361508523,313.1936020706876,49356.80724350325,3505.931882286266,,5.989891645934783,3213.0482971311894,0.3161224681909903,91.09589947240607
3266,32.33836364746094,2115.7746490469344,62.42344384281646,18.895439882859133,30.034885646684685,1.2683808605515978,16.584410063296772,1642.7274175140806,22.414988689598037,,3.696277030927266,2645.538651133244,0.4125067387562563,3.0924063020188277
3267,32.357784271240234,2169.3511352999694,17.357136694391524,84.83459155814182,133.30972531796417,1.041750694452052,16.534259346893336,15627.498127148563,99.18799073416494,,3.783924190853194,3302.822357127924,0.22341979913163268,60.46441435896004
3268,,,,,,,,,,,,,,
3270,,,,,,,,,,,,,,
3271,,,,,,,,,,,,,,
3272,,,,,,,,,,,,,,
3273,,,,,,,,,,,,,,
3274,29.2020263671875,2822.5286100424087,15.484752720692484,69.85971441007253,97.41747770186312,1.844982599777503,40.4609247917688,11678.046615372878,177.3720557414504,,5.335472255603618,2680.2616595447344,0.4630454373625257,3.0844315312126236
3275,27.656238555908203,2615.4297362708307,16.20310968309123,66.88248405193391,96.12538767493702,1.7065432242671126,135.12571447863368,10939.528086971704,584.505526010018,,5.237921227353548,2809.603979323069,0.37247868487350555,20.65060262304125
3277,31.80373764038086,2616.5248725341294,12.775832965884689,94.5176498598611,133.56434532825736,1.5321727356352246,18.30513471967786,18378.04740775035,110.02110007406972,,4.693005764863292,2731.131794650497,0.38752974080856933,21.69187679508037
3279,,,,,,,,,,,,,,
3282,,,,,,,,,,,,,,
3284,27.69188117980957,8135.384524023472,14.18291399733444,103.53845484827579,89.76968490865475,3.9173821329315435,132.78592576381823,21070.8722938747,536.4067822254892,,15.29533548915156,3939.753875198511,0.3289055779856515,47.83952545478527
3285,37.18665313720703,3087.6946833868856,37.16294502062637,30.64534622924469,38.35958292600349,1.917099689982056,8.479135331477114,3392.94480034331,14.636524269987111,,5.018336663066156,2197.102219749348,0.6542073973862568,0.0
3286,,,,,,,,,,,,,,
3287,,,,,,,,,,,,,,
3288,,,,,,,,,,,,,,
3290,30.2686824798584,3079.004237328217,26.813174573636463,38.00599350574899,50.91335010220247,2.136460969330937,27.317815631247186,4686.063079483271,62.58786800674982,,5.614786535001605,2448.6238035688616,0.5811448286695917,0.0
3291,26.953590393066406,2748.627549825178,20.13790318445389,50.400428750566626,71.25539315922609,1.9149278604459896,inf,7156.181420643629,,,5.589911390731782,2707.587965857189,0.45219609625403784,3.9521476058455502
3292,26.950708389282227,2008.4218851701892,14.07684861675349,76.20881809463792,121.92930555293918,1.3238210447050676,inf,13305.70330330019,,,4.222776020316026,2808.360163659948,0.3586361854252148,27.055783153529767
3294,,,,,,,,,,,,,,
3295,,,,,,,,,,,,,,
3296,,,,,,,,,,,,,,
3299,,,,,,,,,,,,,,
3301,31.2967529296875,3650.746303720649,90.31940469751582,15.52776135562459,19.386322187379882,1.8406734245883714,20.96538416093259,1223.7515851969592,18.28987614567136,,6.365453600335741,3297.478943692809,0.4167359420437837,2.4909258917978336
3302,34.09151840209961,3177.1256056993384,46.9180895776656,19.471041418708342,25.471422731035425,2.45917755412974,12.558890118545,1718.358464602025,14.395175965893747,,5.252317756971061,1964.8950863797706,0.8526103194778879,0.0
3303,32.45010757446289,3497.656537485355,25.331144279581135,50.083314781217155,62.63396030554002,1.9494598223737971,16.352637991501943,7088.74890627003,46.09037154827693,,6.02192849168615,2855.4884519223,0.47815658500448016,0.21666814028311457
3304,,,,,,,,,,,,,,
3305,26.69902229309082,3583.6573876640573,27.39123581213281,39.933119399227465,49.97796246960183,2.3166830508931344,inf,5046.959860308187,,,7.27384493422091,2961.8392977678122,0.4102899277440043,8.159764946263811
3306,,,,,,,,,,,,,,
3308,37.568355560302734,4627.326134889447,80.44322118554284,23.36780795058574,23.889351430878264,1.7406348901403528,8.175377711277562,2259.211852052432,8.788701205119551,,7.45664203011644,3594.6184086645803,0.24631457793384048,12.675007211767708
3309,31.436235427856445,2131.7100269269013,47.44901639285723,22.627245516087434,35.56063334402224,1.4039583590654903,19.86151264904773,2152.6703517989604,31.782958603670078,,3.848726256081564,2459.084775377254,0.48035736024583503,0.0
3311,,,,,,,,,,,,,,
3312,,,,,,,,,,,,,,
3313,31.281057357788086,2518.6647366741236,43.29892737073633,23.833277684380654,34.519889757182156,1.7258158490161581,20.600863295044505,2327.049680616124,32.00127884314725,,4.55953358619753,2376.5393790657286,0.5511825288228407,0.0
3314,,,,,,,,,,,,,,
3315,,,,,,,,,,,,,,
3316,,,,,,,,,,,,,,
3318,,,,,,,,,,,,,,
3320,24.0632266998291,3581.922730221462,14.321558940873478,69.75726869530736,88.11438018948654,2.5352538605842776,inf,11652.368143888614,,,7.939603602160344,2996.2691408442006,0.4068629044138846,16.597188100988838
3321,20.55347442626953,3211.0460711739547,13.07450954477022,74.36498065175377,99.60710956830374,2.3352730272207665,inf,12825.74790927858,,,8.233409121673288,3394.4045333497293,0.3067046172815246,52.09153575240851
3322,35.16946792602539,2676.66754462937,45.86137749884159,23.257535543197402,31.45472183414011,1.7744699401632311,10.588955051419282,2243.238942453481,14.988268604547283,,4.537756127936645,2166.6170418939632,0.5654946291156743,0.0
3330,39.53673553466797,5954.885269771915,46.47225773972884,32.32375516938676,29.183936942029725,2.8031272928954807,6.915086787529332,3675.4685299627313,9.08142555401635,,9.173872319386781,2754.201535455731,0.48853194705753916,0.0
3331,,,,,,,,,,,,,,
3332,,,,,,,,,,,,,,
3333,,,,,,,,,,,,,,
3334,,,,,,,,,,,,,,
3336,,,,,,,,,,,,,,
3337,,,,,,,,,,,,,,
3339,30.044946670532227,4666.4862368372,11.27086987126911,115.98389048081712,128.8304081201597,2.52417745516078,29.669571705194787,24981.959740878814,172.0054364188764,,8.392684088110657,3199.6256165522154,0.40572320713122284,22.887219127860806
3340,35.85029602050781,5051.178583038626,37.79580278223456,51.90319305128653,54.8660533068548,1.8207070545581612,10.185783834221313,7478.613857984955,25.148419146921892,,7.843688127002158,4081.5585592516586,0.27377598128643876,26.433055675728458
3342,32.032875061035156,2115.590683858589,55.70609666058928,18.133026405288902,28.11505617031163,1.4809610131124364,17.339626523241417,1544.313388571447,21.937705815292098,,3.821422681258504,2252.5743508126166,0.6633136424628433,0.0
3343,31.281414031982422,2303.1253687124126,10.206288424814003,89.1070379269507,134.517050847816,1.7906996012678253,20.55997711886239,16822.7893351243,124.45503693875754,,4.183212002848627,2090.4164749152587,0.7520945290072854,0.0
3346,27.556718826293945,3040.6372035125205,22.09610054895874,46.188504294596854,62.49401580403546,2.1066872690059886,160.6458528545834,6278.137801428733,451.7732010216191,,6.019126191999941,2677.5325378807343,0.47492250046431145,0.6426150123705144
3357,,,,,,,,,,,,,,
3359,25.889862060546875,7534.384966463082,39.75966080342935,43.113284960800605,38.87592169046935,3.107985782072642,inf,5661.697577604224,,,15.063099874300377,4897.0312698913185,0.19987093688354507,43.688281911637844
3360,24.68225860595703,7934.590214517853,12.953841555931655,116.36601864473849,102.69959278351564,3.7220718141123146,inf,25105.522190337324,,,16.51430121022209,4514.155188393868,0.26474382542834946,89.67650124313418
3361,22.91745376586914,7365.908011552926,29.49293624077119,42.69641510690724,39.05462518104665,4.136203225760677,inf,5579.780488407925,,,16.46331232158676,4040.70255171908,0.346208468371104,20.65022616602923
3367,33.3568229675293,3461.167178707824,20.689007633518134,83.17796481275339,105.55287788797216,1.4221965775242549,14.103061116522223,15171.98590321982,66.98784095454953,,5.7608991498969475,3799.984540085339,0.2435270192538901,52.84534722038513
3368,,,,,,,,,,,,,,
3369,33.30312728881836,3265.173267838402,48.092506623155096,19.641694608585137,25.726941536347137,2.4441894581862544,14.243110764438377,1740.9986209391934,16.48942550695902,,5.428796794884098,2091.854987955347,0.9177509075983722,0.0
3370,,,,,,,,,,,,,,
3372,31.387432098388672,4207.291145149592,111.55844534273501,12.8384171713365,14.860346084045268,2.077177604603634,20.47735116994742,920.0198994608909,13.693523637147653,,7.351574271473528,3349.6625851560248,0.42044985114479716,1.9242163557992265
3373,,,,,,,,,,,,,,
3374,,,,,,,,,,,,,,
3375,,,,,,,,,,,,,,
3376,30.309707641601562,2356.8913253088435,6.950446416882198,141.62131759300271,211.50384730349805,1.6931024180396486,26.59800931468239,33707.22046142857,253.15115853013214,,4.401041311146973,2328.867592187002,0.5557938998750587,0.0
3377,,,,,,,,,,,,,,
3378,,,,,,,,,,,,,,
3379,,,,,,,,,,,,,,
3380,,,,,,,,,,,,,,
3381,,,,,,,,,,,,,,
3382,,,,,,,,,,,,,,
3385,,,,,,,,,,,,,,
3386,30.797565460205078,2600.4554133670636,14.001982445570631,71.34231384064394,101.640206407302,1.8407622297521629,23.212125075216264,12051.768524179715,106.16783327086912,,4.776581047278914,2332.279557538579,0.569308226243648,0.0
3393,,,,,,,,,,,,,,
3394,,,,,,,,,,,,,,
3395,34.49629592895508,3144.459839738985,44.87525324046154,21.637766041361548,28.453017352912287,2.289874714373465,11.884434433867435,2013.0224886160693,15.21666086293703,,5.144653142218703,2066.9728313372684,0.7007816071487473,0.0
3396,,,,,,,,,,,,,,
3397,,,,,,,,,,,,,,
3398,,,,,,,,,,,,,,
3399,,,,,,,,,,,,,,
3403,35.13465881347656,5200.660004273744,41.5301231447664,33.782933895851784,33.064488929722444,2.621095726700301,10.68690017461011,3927.1368974306943,15.901060163240018,,8.747935366446924,2866.5755449737558,0.4929543777065086,0.0
3408,,,,,,,,,,,,,,
3411,,,,,,,,,,,,,,
3412,33.2585334777832,2964.6379520530945,7.73314895259256,187.12683533255276,252.72125562704696,1.4486524917729173,14.200141726687294,51195.77303329886,161.4904941262696,,5.0229026811567525,3176.137536996484,0.29205857552166115,90.34321481189933
3413,,,,,,,,,,,,,,
3419,33.66444396972656,3571.384773935744,60.86280558015588,26.725796790490808,31.331328422402738,1.552526475164952,12.97486280771326,2763.2869661752825,18.293385953883718,,6.283324436046211,3435.736450273943,0.2597669415383504,14.922684579135971
3420,34.45436096191406,3364.4487354936828,82.2118549857169,18.83848636560325,21.698631956253866,1.536096376773707,11.29582010912567,1635.3058991982484,11.029672943638618,,6.081805248081066,3119.432482045472,0.28697539622336105,8.60499355194428
3423,32.608768463134766,2433.687068047338,11.174770321786701,136.25916040696612,201.29585387782532,1.130174286867858,15.758131675334774,31811.09060077987,142.74209569975739,,4.233908353704966,3383.7000922876664,0.22274059240502447,96.52995643092521
3424,28.672073364257812,3186.5672711616066,9.585793830577723,111.00388498916517,147.388180135587,2.117589771720363,53.63487875282918,23390.379269097684,355.731622702756,,6.054338255711934,2698.7820281516388,0.4715776253915846,2.480965955659977
3425,31.620553970336914,2958.986168183959,54.18115114820577,22.787440260026354,30.956088463766672,1.6946661945364019,19.270610660609883,2175.5712465680826,26.844422776229013,,5.218363626084073,2842.541500495356,0.47998598430851275,0.0007659581695225405
3426,24.79998016357422,1200.250408874456,61.86527583170047,8.12341512924225,15.976490923920975,1.6887729486831133,inf,463.06074575401715,,,2.8694410456313246,1380.7031648598181,1.2442840155534385,0.0
3427,23.50949478149414,1052.051037244081,58.00741328187445,6.999123676729338,14.679125154288913,1.8322918247796256,inf,370.3356297227323,,,2.6490056866421745,1171.8083782620888,1.5138128943430371,0.0
3428,31.300922393798828,2822.4027244356403,25.85060121043466,48.55755311734294,67.42732471690127,1.5899246510806933,20.67978149419554,6767.29621340807,62.74720538476598,,5.031569579647068,2913.608071247176,0.34148059331130637,17.644002456046053
3429,31.67153549194336,2324.6837195655094,6.807737361624319,145.56017637965334,218.72602864038024,1.6588362242835624,18.846739301461813,35123.18210455496,185.50225981031923,,4.175518772614255,2252.564843408191,0.5576786249485294,0.0
3430,31.759218215942383,2290.5948162490554,17.543990652497268,67.72536340302237,101.89115268267031,1.3631810631069394,18.435153072847555,11146.974605969299,84.5270548413259,,4.129523397796921,2684.7536682602363,0.3803891758502168,16.800833635777167
3431,33.8742561340332,2625.523485465664,10.830935148582798,103.78402393503767,145.37654566821053,1.651598382613221,12.755771146915299,21145.879523121042,83.44754760027483,,4.484200573941171,2394.1883973931,0.485784542997727,0.0
3432,29.465017318725586,2172.6616246212334,8.555440408070686,119.48470123583024,182.60164048868998,1.5028734877893597,35.34498426210635,26121.520234266784,290.4323449188397,,4.23662489979561,2456.4942067222923,0.4712494937436705,2.6292283797655434
3438,32.009788513183594,2581.1985771032073,25.36672507489744,31.751691726426326,45.58836859420092,2.2660795301216825,17.645706095804705,3578.3292607314033,36.199752912021744,,4.561222499402465,1820.643267741346,0.9652566573560742,0.0
3442,,,,,,,,,,,,,,
3443,26.226547241210938,3202.116991453787,16.900565347757908,82.44267299580433,109.52651979452123,1.6250581287442494,inf,14971.251015530666,,,6.585554666223657,3843.3413410277644,0.2184041330398236,74.0118046520678
3444,,,,,,,,,,,,,,
3448,,,,,,,,,,,,,,
3449,32.25564956665039,1788.3049942104014,35.89302093434913,21.783852170224424,36.708878396283055,1.6172676451737507,16.59942517802692,2033.4430668331152,27.42058261387752,,3.2127358284185825,1732.1142829821463,0.9037009349449021,0.0
3452,23.8030948638916,3089.738839349964,27.399514390135472,53.329576477111104,72.41643216882701,1.4951879002795547,inf,7789.008857498006,,,6.929989508754945,4423.468695932149,0.17140329225164663,64.96959831594381
3453,27.269317626953125,3058.480991319895,7.165326077912243,147.19401704574665,197.45506234309858,2.050523123678098,331.003115926309,35716.19884993765,2941.1208400945156,,6.14795733780378,2784.8922331510544,0.4119683588212286,28.594962870238795
3454,31.758895874023438,1901.3767937643327,17.98105676018012,39.3012525337197,63.527703801119614,1.902530324241082,18.21293189171884,4927.646933877568,52.06615841551857,,3.5018069527796487,1577.4442922762212,1.1285352791269745,0.0
3458,23.883399963378906,9087.035842708288,45.988903524813225,35.55715502298389,29.744745017324544,3.92940852365168,inf,4240.533548649177,,,19.230530214287164,5092.03725466842,0.2462910859833453,31.41056089517383
3462,,,,,,,,,,,,,,
3467,,,,,,,,,,,,,,
3470,,,,,,,,,,,,,,
3471,,,,,,,,,,,,,,
3472,30.85704803466797,2395.787348378501,9.216282695333627,114.56132084395156,170.20365993117102,1.604499069287887,22.867072702436058,24523.7575559562,175.14267596400558,,4.388827596320365,2462.1673620493284,0.4733297742357107,1.8627208622865437
3473,34.095645904541016,2754.174280161783,38.24260601215408,21.256776664321073,30.00320636133317,2.3956950282891496,12.584442982173995,1960.0904382564945,16.99081378814688,,4.531865920686772,1752.8416303203544,1.0754761456302866,0.0
3475,,,,,,,,,,,,,,
3476,29.4478816986084,1259.8438723895404,15.588538747857134,38.34519427457231,75.86259514822937,1.4903400790797754,35.30246465561817,4748.937012276428,120.51614627567268,,2.493376900689296,1425.4662594424278,1.1552424656152027,0.0
3477,30.823108673095703,1375.7057749777398,9.391814080298277,59.65778469189839,113.29035144426977,1.7361768193131983,22.65267797689196,9215.749880119252,115.48484321201823,,2.6044925151298655,1284.2440671108807,1.4947265043095355,0.0
3478,30.86516761779785,1829.3501013617406,7.472379309186813,179.74997486127717,305.61389269439854,0.9630616371821894,22.81903787992593,48198.47009055048,313.8216747311294,,3.3503982756010866,3131.4622680792195,0.2340518470475251,126.43837805058675
3479,,,,,,,,,,,,,,
3480,,,,,,,,,,,,,,
3483,30.908981323242188,3748.7315477919205,37.92899321516086,40.2251300805514,49.330618355782164,1.7374030159307987,22.980387756990257,5102.419732770695,51.01365321485889,,6.640796290802614,3618.1019065340092,0.2978306350658223,20.25104916908224
3484,,,,,,,,,,,,,,
3490,23.097183227539062,7864.560116030605,25.042918197791945,48.036165159629675,42.78456296593926,4.62281138735585,inf,6658.593304023439,,,17.34184359845519,3845.1512193754465,0.39678681933110704,13.942113958836934
3491,,,,,,,,,,,,,,
3492,,,,,,,,,,,,,,
3493,,,,,,,,,,,,,,
3496,34.48968505859375,5018.597839642549,76.90720894180414,19.433656702971117,19.004280303481767,2.3743559163619126,11.478187292195718,1713.411926623924,9.816060990453742,,8.74110238465678,3070.603561817872,0.3755374646242604,4.61079743624816
3497,30.52625846862793,3540.4727681643035,41.08355618428071,23.44675844099824,29.454858538870447,2.5989350269882774,25.40540006604799,2270.6709792469783,33.6740609280984,,6.371417409238082,2304.2379518056996,0.6865228297004234,0.0
3498,,,,,,,,,,,,,,
3499,,,,,,,,,,,,,,
3500,36.637481689453125,2731.3714353483215,28.08259110220204,36.25268096604195,50.173742563736425,1.8970922935859975,9.159956527329854,4365.562290357886,20.68151853137693,,4.323622699909634,2034.2725686879605,0.6570173916847771,0.0
3503,31.49004364013672,1797.1688733037618,53.387320780162746,12.464948141920784,20.73864454273682,1.909612670814544,19.308491846202664,880.1682730450608,18.019437707462817,,3.332949864390715,1497.4008868028404,1.2876063135131273,0.0
3504,32.231712341308594,1930.1099524663566,23.32895022288302,46.98907517958992,75.97389701144408,1.2450160735777354,16.644501710352497,6442.068551092214,56.90464464371065,,3.4809822741022063,2425.561690086752,0.5253257508290627,0.0
3505,32.12347412109375,2170.0366504008866,41.173354583646564,33.404145076256256,52.312628360507325,1.1156692349878372,17.25612191434657,3861.273259715171,40.622089169196826,,3.8221665079271108,3099.2643319913554,0.3131564327916267,14.47370723285504
3508,,,,,,,,,,,,,,
3509,,,,,,,,,,,,,,
3510,,,,,,,,,,,,,,
3511,31.07805633544922,2842.133763630845,26.384458234833435,55.562215310743646,77.00595229234307,1.3708873911597945,21.827338535429085,8283.222461158417,75.63757454676332,,5.0914462924917325,3427.753574680677,0.24372001563536388,37.34219463259322
3512,31.228166580200195,2929.107579910614,45.444584895940494,26.965719428900037,36.9320376982829,1.6901535913261574,21.092341797417838,2800.5801926373224,35.05424230832867,,5.207842236280495,2858.1772469394655,0.4027190804600496,5.285057559430369
3513,27.777402877807617,2602.0762586962783,11.451206442369577,85.19732961736167,123.88035914304152,1.8859396686828405,114.65907382315804,15727.835916991115,639.1803259899598,,5.143380007752822,2532.296170919966,0.4626094385814977,4.04290771919625
3514,28.175294876098633,2482.0244269034615,8.20036207436576,112.66566698701251,166.13489004063103,1.8996186860379152,75.43021030095191,23917.58817969133,563.9215362340644,,4.889009434061251,2353.988727596603,0.5469757729258621,0.0
3517,,,,,,,,,,,,,,
3518,,,,,,,,,,,,,,
3519,,,,,,,,,,,,,,
3520,36.27836990356445,5306.4097624430715,39.942719052453846,66.13717222454066,61.964702935304366,1.4203734234910914,9.200670343829618,10757.179831587064,25.655256209748014,,8.978002147347404,5149.719775537051,0.12172805981058724,64.00131448805001
3521,25.345443725585938,3880.0079903952383,16.844593411306754,74.82678693208985,91.77868597458745,2.176707093499012,inf,12945.404974811661,,,8.105840762873214,3622.4925596969138,0.28100125288380884,50.51032048532148
3526,,,,,,,,,,,,,,
3531,,,,,,,,,,,,,,
3535,,,,,,,,,,,,,,
3536,,,,,,,,,,,,,,
3540,22.45357894897461,3530.3487808994682,5.364691280892997,192.33162818728402,244.52953454996668,2.4193971947798167,inf,53346.51556702958,,,8.360363109513234,3302.2437035902444,0.3348200982436839,101.44921209700077
3541,,,,,,,,,,,,,,
3542,,,,,,,,,,,,,,
3543,,,,,,,,,,,,,,
3544,24.037872314453125,7671.534149736325,31.935401714234626,37.18549193991855,33.472001301812604,4.567949668223861,inf,4535.135763584144,,,16.321558520455532,3651.715479626353,0.4213247708353964,7.216614392034631
3547,,,,,,,,,,,,,,
3548,,,,,,,,,,,,,,
3551,31.2076416015625,3670.818311415377,26.661707193044855,55.08069020425114,67.96925630773691,1.7675046433896893,21.299479871089325,8175.777355797819,65.1469412960799,,6.474502809497992,3444.083785166586,0.274078707461294,31.56526245949198
3553,46.984046936035156,5690.235998144282,77.26099538347141,27.084276138522256,26.94499412050112,1.9228160957800362,4.58255409889127,2819.069904304338,5.556460196317661,,7.085585821942926,3485.2144543839177,0.34040696339821624,7.1215035692075235
3557,,,,,,,,,,,,,,
3558,,,,,,,,,,,,,,
3559,29.21607780456543,1641.8358696228345,12.829454196508038,84.32155925171526,151.12880185755284,1.0731685388958767,39.74921259216287,15485.953072103042,270.3262893225627,,3.16467794704017,2648.8432878888916,0.33035925238742736,35.180240794011304
3563,,,,,,,,,,,,,,
3564,,,,,,,,,,,,,,
3565,,,,,,,,,,,,,,
3566,,,,,,,,,,,,,,
3567,,,,,,,,,,,,,,
3568,20.860130310058594,4221.0857259727045,40.7596231149146,35.62989660489009,42.056125537004284,2.055249034189008,inf,4253.552904047542,,,10.561519342156414,5028.356963994689,0.16260563150326734,51.56304340750324
3569,,,,,,,,,,,,,,
3570,24.70049285888672,3824.997275532677,3.9574035259826412,282.8546430110327,347.532244876026,2.41625343215529,inf,95142.58867087451,,,8.230451336770722,3285.427886337091,0.33336825890510485,138.33006483743964
3572,,,,,,,,,,,,,,
3573,,,,,,,,,,,,,,
3576,,,,,,,,,,,,,,
3581,27.74303436279297,1755.9676096411931,32.033041516827645,23.54541504208847,42.39914995117376,1.6462545033134441,121.14752896760989,2285.017450501082,231.14485111103366,,3.415603564324013,1979.277865797066,0.7116423523044623,0.0
3583,31.559032440185547,1940.636476630871,13.644196191459853,50.85656386900154,82.49133465394013,1.9775807373187142,19.158788650246553,7253.548448286464,71.11953207502191,,3.545540812465197,1569.9288759492936,1.1523568296756022,0.0
3584,31.158443450927734,1911.000513756322,47.309373717172996,14.513306464109656,23.8045681926243,1.96803238701343,21.041895660087146,1105.8075342101215,22.54019580641834,,3.519579274320735,1574.4653804852999,1.1538519574637862,0.0
3585,32.190914154052734,2547.644270615077,13.119193683625104,82.13716752262478,116.79536100468161,1.6717715230960297,16.87450295220847,14888.110347788035,88.68886488349892,,4.552528497045044,2401.1954752174133,0.5072169899239223,0.0
3586,,,,,,,,,,,,,,
3589,31.18694305419922,2343.601645487381,29.86382207908915,33.16145095526779,49.32076802722141,1.6733619226200454,20.9488576550349,3819.2693046702816,46.49461869776659,,4.294798588661791,2274.45775807325,0.6747455772825655,0.0
3590,32.935977935791016,2426.0512577193554,21.621888623222674,63.11961471795144,93.04596877254222,1.2569760689021534,14.860676346149981,10029.43584275245,62.22267122592277,,4.198965746861193,2999.633148924466,0.3414648393896982,21.72026491802678
3591,31.638072967529297,2717.9300337580607,54.65160949674787,36.34885637267788,51.100570993081284,0.9674523123750907,19.108066553749445,4382.946028236542,43.9394900161678,,4.830387135226207,4549.905409134833,0.1324440045188275,39.521350405304375
3592,,,,,,,,,,,,,,
3593,,,,,,,,,,,,,,
3595,,,,,,,,,,,,,,
3599,,,,,,,,,,,,,,
3601,21.584566116333008,3236.7100734546248,18.24166495647002,47.66092293980118,62.945847982625175,2.632460593407035,inf,6580.723866673321,,,8.00081484672892,2880.0335104032065,0.5060468851893086,0.0
3602,20.350177764892578,3486.705622073143,20.22707158406463,55.48341907280983,71.30651008811682,2.1968684752890626,inf,8265.608279319285,,,9.027179643510419,3955.0974574355496,0.3321380675130036,32.88154959413548
3608,29.67215919494629,1859.854469365889,29.967420352095285,35.78729777717994,60.16339214599855,1.2262688551526533,32.93691266073654,4281.770208500009,89.17183766188785,,3.5406661568612177,2586.698949263699,0.4149345758913133,6.063216223781331
3609,30.246213912963867,1949.7699304914752,59.46221194733406,24.760725104082955,40.234312254723314,0.9364054902763734,26.95636334832166,2464.194781811012,48.805683309366856,,3.6860234856419143,3469.293692544522,0.19360629843975868,21.29016730344077
3611,33.67192077636719,3014.8141252841797,37.670135674426696,26.664118293179015,35.72595542027998,2.1223701642803063,13.327355225384167,2753.7267077454158,21.425962439353963,,5.050191847054802,2181.2352231136656,0.7184456686586723,0.0
3612,31.855871200561523,3102.373981339666,33.13835874595996,47.761236840005864,63.75507484888116,1.3860298757480998,18.403227480215484,6601.510874236384,52.79846154579561,,5.401788321255057,3632.522525246957,0.29391757245745526,23.84012229764613
3613,,,,,,,,,,,,,,
3616,,,,,,,,,,,,,,
3617,,,,,,,,,,,,,,
3620,28.521503448486328,1373.8658283360387,23.5823748939325,26.268416546912245,49.54173512009278,1.5682232569495251,56.63934282959921,2692.655774241557,126.27050939280585,,2.8122765964397183,1517.1051234208169,1.1169759190299329,0.0
3622,35.481632232666016,3788.2300037993523,47.028557000522454,21.85319562454907,26.405505666679325,2.6064220130574047,10.563617925837303,2043.1602270614153,12.552195285059948,,5.996060481637909,2145.0614024319643,0.7905496320791329,0.0
3623,,,,,,,,,,,,,,
3624,30.919952392578125,2799.673575989006,57.01716478098169,15.47543609611192,21.467823152340777,2.243592018545254,22.62071654934075,1217.5711246364326,21.8527894107214,,5.071854742299175,2064.8379596976292,0.6987211824773039,0.0
3625,38.637447357177734,3013.405802263516,47.369345860274166,23.645050693937062,31.45788372414897,1.9024137903201768,7.644245584177639,2299.5368305919856,10.821230493565475,,4.515123131395116,2150.803713478996,0.6048072467457059,0.0
3626,,,,,,,,,,,,,,
3630,26.39286994934082,7452.925277856719,20.878231236341026,74.15372514616173,67.03804500805654,3.403965055516334,inf,12771.13380259174,,,14.677978210802815,4337.379187948929,0.2661898549079706,53.039894779084776
3631,,,,,,,,,,,,,,
3632,39.99387741088867,5489.897984221186,28.506725884732955,69.79581053595344,65.67919206810893,1.9510687894171497,6.678599801309286,11662.02661574725,19.7390267593302,,8.370620662009065,3614.7364071175407,0.2729855592865389,31.176376084407217
3633,33.48197937011719,2074.803235305661,15.824455896312879,52.17821147404824,83.13965202994414,1.776822085748416,13.61044742601541,7538.132702274629,50.92055383368465,,3.5405647637895363,1788.1554187521156,0.7803697122175305,0.0
3634,36.54878234863281,2237.443914478041,19.556768887861047,47.72372913054888,73.38425776965387,1.6951404384997808,9.27369966428636,6593.735983469525,30.624460498905425,,3.529448417929469,1874.780676009523,0.7560167743642753,0.0
3635,,,,,,,,,,,,,,
3636,,,,,,,,,,,,,,
3637,,,,,,,,,,,,,,
3640,,,,,,,,,,,,,,
3641,,,,,,,,,,,,,,
3642,,,,,,,,,,,,,,
3643,30.832075119018555,1757.9527416947221,6.025260572285785,109.11548339018326,183.32532128824445,1.890732039887416,22.601272353009183,22796.048227915475,186.45234820373366,,3.326900195216159,1506.6364873135028,1.2486387910044028,0.0
3644,30.716510772705078,1983.1535075716931,21.51499996103867,40.61898899890068,65.79143702361593,1.6046151019474126,23.620323544797632,5177.542353063976,69.93067630387435,,3.677740605331016,2036.8603030826523,0.7809029123027809,0.0
3645,31.79064178466797,2213.2750191765385,15.195553877177607,58.17686120098196,88.6061892111974,1.7703272873808125,18.263306162110165,8874.735634877146,72.82088826398824,,4.006178658836413,1990.1743041705447,0.8652306903128069,0.0
3646,31.93888282775879,1965.7263516066544,12.91342414045404,66.53011770684006,106.59737453612087,1.617887629527035,17.629421745232392,10853.19068433342,84.5662532684297,,3.5739791265534797,1916.6295545843109,0.8969483980905525,0.0
3650,,,,,,,,,,,,,,
3651,,,,,,,,,,,,,,
3652,22.512710571289062,3523.7185663301093,14.350006737494377,63.998777497439754,81.30487331655502,2.7130789619919495,inf,10239.70660078665,,,8.338149515591983,2929.0675769883815,0.5155897359902653,0.0
3660,29.312923431396484,1569.2368314089156,6.692346446676048,142.52464356415052,255.76055450745545,1.1633358619363388,37.62321240280097,34030.23443799091,433.01401499214677,,3.0808027551341146,2300.1795938393284,0.4213202118042357,21.693376903916285
3664,27.26939582824707,2179.8328200867054,13.493952887090037,91.34442262180936,141.24173951496178,1.250509411891355,325.7925888906563,17460.35414539684,2070.6980389199593,,4.502829350275108,3204.3323675836587,0.2875209439776413,53.67829379904264
3667,,,,,,,,,,,,,,
3668,,,,,,,,,,,,,,
3669,,,,,,,,,,,,,,
3670,33.03892517089844,2991.7098296143436,13.455373514943759,113.8788759459416,154.57447024752682,1.3805925983388416,14.79533357697917,24304.951191868946,102.91413824086504,,5.049966913205489,3401.522033910101,0.24698712395694136,71.46007748073428
3671,34.46360778808594,2778.9148783228006,23.698477787564713,63.80571813246358,89.04599033808122,1.299511700265611,11.920546983927798,10193.407756068927,47.766461019996505,,4.560816683704725,3217.264846194636,0.2829186106203601,31.532187547790425
3672,29.77277183532715,2529.698043508734,21.29724125761523,46.506587629001494,66.94570252072691,1.8059921638314202,31.71758584251885,6343.102186046594,95.55102299199989,,4.8077203951569185,2379.7239892181515,0.5087685168912128,0.0
3674,,,,,,,,,,,,,,
3679,,,,,,,,,,,,,,
3680,22.921443939208984,3579.473129904722,10.338251017599948,101.0708444949353,127.29696680616762,2.4223179170817883,inf,20322.111850628473,,,8.333568195997488,3274.777169981189,0.33996652472122263,50.18036117502056
3686,21.554088592529297,6273.655203104301,61.79963026844577,28.973168032184088,28.637070178086535,2.4775577514843135,inf,3119.0617539204886,,,14.903870842762894,6080.357166914632,0.17265342950670431,39.38033946637337
3688,,,,,,,,,,,,,,
3689,,,,,,,,,,,,,,
3690,26.79357147216797,3220.9220914595244,7.931071642496901,159.2072105719317,210.4721524521801,1.8037262100645832,inf,40176.6845863684,,,6.507021318506903,3410.670059558498,0.2985838955124417,90.86666872317055
3693,,,,,,,,,,,,,,
3700,,,,,,,,,,,,,,
3701,32.40401077270508,2888.267366694919,67.96665894041159,21.847755566442192,30.49823364498403,1.3753703117751275,16.626381764546117,2042.3973487991882,22.81838740766232,,4.908679349206219,3373.7848566139855,0.31736834235849626,9.275895188751242
3702,26.884599685668945,3092.332952777379,13.743319829553105,81.59663068287315,109.06396699051166,1.949877694215752,inf,14741.38656135521,,,6.286290804286204,3003.4454131702614,0.37198433620389604,26.154191099978906
3703,,,,,,,,,,,,,,
3706,,,,,,,,,,,,,,
3707,,,,,,,,,,,,,,
3710,25.86680793762207,3854.544414760467,21.207235079028045,65.10820634306774,79.11851335072595,1.9739596673261124,inf,10507.117584662357,,,8.001370871185028,3865.774212432353,0.2500211074802706,50.72675473363297
3711,21.27585220336914,3454.810000215563,10.42240395747445,82.28830860164476,105.82845695356593,2.8484141380265213,inf,14929.222793597379,,,8.6059055280576,2890.251150982907,0.5321929218665893,0.0
3714,,,,,,,,,,,,,,
3716,,,,,,,,,,,,,,
3717,,,,,,,,,,,,,,
3718,38.29767608642578,5561.640166907685,34.570551149080984,57.50734231158351,58.95055111744793,1.9781457552679182,8.079279768540971,8721.97708900477,21.432509774439183,,8.020629427367757,3947.98930009618,0.2518960571633632,31.471563626636108
3719,,,,,,,,,,,,,,
3723,22.795507431030273,3737.4553495650694,16.715955923367744,71.59896679479597,88.43381112415697,2.20812188698824,inf,12116.861076432104,,,8.728797471648333,3775.06321248907,0.2521302573567788,62.15996364506631
3724,,,,,,,,,,,,,,
3725,27.491430282592773,1449.3928123404598,94.46087781168552,6.414669583252437,11.629426132577331,1.6913942014575822,174.06927560588835,324.93121322705997,91.09466021744657,,3.1082390836386855,1523.846728461707,1.0511186838043007,0.0
3727,27.866483688354492,2991.105184024142,27.595862154415556,38.876355037844945,52.862915907945045,1.971456419537476,103.02714359548649,4847.951932614958,245.08418526557915,,5.879438600040728,2780.619365626694,0.4359632676718335,4.7332953359384
3728,27.851171493530273,3047.9181211416676,9.505058810883055,110.46526177195047,149.08801460435345,2.0526162547721825,104.99601605338971,23220.340545709078,704.4141408645012,,5.982598030549105,2725.778614779792,0.46252964668988045,5.267117259045218
3729,,,,,,,,,,,,,,
3730,34.4011116027832,2164.9083068353384,79.04073831733288,14.011412866710186,19.183656212532828,1.3822658873771696,11.071335213334034,1048.9454204600486,9.5574909845839,,4.109803577131161,2173.7177402597895,0.6825035775771169,0.0
3731,28.830976486206055,2439.2695547849517,21.952709199704532,46.493424270624686,69.32376896623262,1.6899160843615635,48.48996352705295,6340.409321777281,151.26781629287092,,4.693248621749566,2549.7970007523495,0.49621233468325665,0.0
3732,,,,,,,,,,,,,,
3733,,,,,,,,,,,,,,
3734,36.91958236694336,5105.625548990201,24.236525324251126,69.6143780728123,73.27477369227638,2.1397579937671702,9.102759213551911,11616.583460270342,30.0151179606735,,7.721508618089369,3424.7444308470804,0.3335777893961055,23.50767790451351
3735,32.34437561035156,1695.4279308219436,59.224862458829165,18.668972088761773,33.67938075221487,1.0842760587550038,16.7164429195214,1613.2831776858452,25.33497506591524,,2.9148941671436464,2502.0335088752863,0.3719519398504804,5.057563604871357
3740,,,,,,,,,,,,,,
3744,30.380319595336914,1485.0054216980213,12.653239761412328,72.26563859671953,135.96214112384547,1.1483637087440295,26.042707664975136,12286.488057948965,159.33700326565804,,2.767189432778773,2158.8251939501138,0.5412837267685839,0.0
3751,,,,,,,,,,,,,,
3752,,,,,,,,,,,,,,
3753,,,,,,,,,,,,,,
3754,,,,,,,,,,,,,,
3755,,,,,,,,,,,,,,
3759,22.949743270874023,7116.09869645152,35.861022719057615,37.748800117386395,35.15587591780267,3.717073444870365,inf,4638.576497801679,,,15.872044974271736,4339.888404661965,0.30509585712959336,24.53606556497805
3760,30.036216735839844,2824.217235581231,28.188482537349373,37.45467087821517,51.97417182423152,1.8914959634913273,29.273850368458397,4584.468293330225,68.46678580531949,,5.2276737250788905,2543.073934464035,0.5172864685085015,0.0
3763,,,,,,,,,,,,,,
3764,21.0798282623291,3816.046055524895,11.832263344128465,106.89226349539953,132.41353981234303,2.1334600218518087,inf,22102.907491301172,,,9.473373072646487,4330.288127552617,0.23656735601213133,109.04829363799597
3765,21.964418411254883,8270.924338260218,16.307809348611706,96.44792756778253,84.27237469305531,3.7183522079787132,inf,18943.897965607397,,,19.01356557071535,5291.077160807249,0.22561495808828128,102.01107489332223
3767,30.610023498535156,2139.0564135063414,23.994459066043856,54.15680779124112,84.0698033861562,1.1639738393340282,24.251551336238336,7970.940767065937,91.74704186910736,,3.997870633957214,3030.1332645239236,0.2664239710480084,32.20048688729674
3769,33.49697494506836,3141.6663408565696,54.234273186884764,16.489531666903297,21.578067809122913,2.4840647717385185,13.661187697089767,1339.1908620212396,13.265191551643142,,5.302822602576587,1947.6591042955158,0.8578550508945747,0.0
3775,32.715633392333984,9781.708219581333,9.87451126576192,205.38800694549238,163.00684399063064,3.4104290263959243,16.134499577111736,58869.80761627086,118.3515234944917,,15.754014012653446,4688.518055405512,0.24262051548217506,137.24069647388478
3777,33.948272705078125,2020.2287067076147,25.811745631414396,58.72830468027473,97.79848504102364,0.9423683667897315,12.92664021399827,9001.216174881843,56.8892623319732,,3.302341381227949,3300.651367020012,0.21845016459796146,41.608368310666876
3778,30.866374969482422,2493.5849900014396,8.187928805141349,152.33620210942553,221.3371424925317,1.4136177686518203,22.782245208340328,37604.0552129021,226.91506742901993,,4.5771787943767555,2904.1291790557048,0.34933065881084113,52.104651763437
3779,,,,,,,,,,,,,,
3780,29.766124725341797,1294.8675567747969,36.030297642509545,15.03076037489236,29.625964028172227,1.6906805280647637,31.42201671059756,1165.470868136598,41.89083915423554,,2.5125939396678416,1286.228169376249,1.5381705131946295,0.0
3781,27.789573669433594,939.907399219115,43.36430554612562,10.36231545505184,23.67344792970198,1.4790432224841414,109.25464555029879,667.1372791970815,116.38953731308699,,1.9666533109836322,1128.3113488197876,1.6825840193965094,0.0
3783,,,,,,,,,,,,,,
3786,,,,,,,,,,,,,,
3787,,,,,,,,,,,,,,
3788,26.066783905029297,2178.758668311907,11.453188922112675,108.27841406951808,167.20849966386092,1.2422980956855825,inf,22534.235299786542,,,4.699979184051891,3358.565288800181,0.24664154863142157,83.03934347611772
3789,26.454116821289062,3012.508170014405,3.271049204409747,316.21200568851293,428.13736530210247,2.0594336458062545,inf,112459.85726262305,,,6.217507417233868,2811.7083058342664,0.40414770940477446,70.83608082749022
3790,23.133588790893555,157.5412685933179,209.8722801969335,0.5659759173431896,2.574979388937011,0.9378347209960671,inf,8.515828836090286,,,0.479790570514313,314.9648865363759,8.430723000182331,0.0
3791,,,,,,,,,,,,,,
3792,,,,,,,,,,,,,,
3796,27.071434020996094,1991.0924503622487,7.853815561190273,138.85373375302925,223.57609023544933,1.2910354495103875,1225.2858555538803,32723.996623997486,12327.507945249034,,4.160602887398083,2846.3608771620566,0.3405481662937357,57.15195036920757
3797,,,,,,,,,,,,,,
3798,28.496837615966797,2635.956554942201,4.925634765261665,199.7494632543291,283.9190922793703,1.8944163067696145,59.00415568810548,56462.28205090614,753.8582845654898,,5.172822195013669,2471.4627268446247,0.49684069289879956,0.0
3804,,,,,,,,,,,,,,
3807,,,,,,,,,,,,,,
3808,24.6966552734375,3901.018288398142,28.685781998673523,35.500330973122914,42.92231624255634,2.7087186181823024,inf,4230.372387310642,,,8.447756206878047,2978.7456636155234,0.48282552239059906,0.0
3811,,,,,,,,,,,,,,
3816,21.425649642944336,7944.200611437498,36.68823274198764,40.9081759143082,36.38842620187227,3.742814450300129,inf,5232.932923557888,,,18.742006690194692,5162.8725736702245,0.21495845319638202,46.55096323883868
3822,36.7291374206543,4287.738171999588,73.44491336389324,19.87454623733853,22.345874365194277,2.07708521783157,9.16673584405328,1772.049415691082,9.217742737956197,,6.653882726199514,2940.0249391520642,0.4222505761462781,2.4851951046319374
3825,,,,,,,,,,,,,,
3826,,,,,,,,,,,,,,
3831,20.008821487426758,7133.490543630805,20.307430845985095,95.5644290769874,89.65216483010323,2.599176905290339,inf,18684.19537927703,,,17.97783271408725,7124.629613644747,0.11961978107543517,175.69740321451252
3832,,,,,,,,,,,,,,
3834,,,,,,,,,,,,,,
3835,,,,,,,,,,,,,,
3836,,,,,,,,,,,,,,
3837,24.20867347717285,7189.579522890537,46.01277414826148,35.07552923348465,32.49214857735105,3.149965834509842,inf,4154.668186691289,,,15.251590029891732,4919.432095753716,0.2027834012615277,37.42291412826662
3840,,,,,,,,,,,,,,
3841,,,,,,,,,,,,,,
3842,32.530303955078125,2493.180038846337,17.88423749148729,64.49724991349174,96.10226319139076,1.5283647678310923,16.170683654150352,10359.571483825519,69.9317683432145,,4.257882632474478,2599.2896637669073,0.43133359469515203,7.564743189711263
3843,29.02863121032715,2703.10263695222,5.141237950864453,194.92514405644798,274.27395055824553,1.9072690871140277,43.60204694847178,54429.179989472716,538.1507551042552,,5.202812914150037,2478.616831352872,0.49714697155904436,0.0
3844,,,,,,,,,,,,,,
3845,31.8471736907959,2721.3316852883063,29.014598283164236,45.514234122680655,64.21154776211574,1.4571446943778228,18.329030391074557,6141.16624873881,52.96209346753897,,4.788071603280226,3013.980607674441,0.3084282785406116,20.609646283519986
3847,44.05927276611328,4090.022289366787,28.477831252669063,66.65921372492379,72.64918872832297,1.5235039271444237,5.1178333263423745,10884.795539624594,16.731289764249663,,5.765571661003501,3186.8314331351194,0.2825405459349277,26.04943566640426
3848,21.98354721069336,8055.150387902946,70.40156942506492,20.45541599629518,18.078553513386577,3.9551958954612565,inf,1850.3013672708882,,,18.535358748163752,4835.5156046157335,0.2312062465963157,21.01537816128549
3849,29.54099464416504,1602.0909458313058,22.585779007886014,47.2136318156053,87.28022177121164,1.0623550453376682,35.04152764176101,6488.302792804456,137.62945366987248,,3.0005006061661796,2612.6209706925188,0.3326648715221596,19.37595203334451
3853,,,,,,,,,,,,,,
3854,30.493465423583984,1483.4592186803643,60.70893097893801,12.725278577104957,23.31700776636791,1.35781539971987,24.81503981027734,907.8852146396246,26.03756141905345,,2.830307778119934,1790.0060965228097,0.9065722710047662,0.0
3855,30.753421783447266,1480.2782030835901,49.82870702379325,15.822921057537025,29.20200448479024,1.3275841753241617,23.179409868511442,1258.8094300921045,30.459835392077807,,2.785597163231534,1819.2355755710325,0.9342144760518087,0.0
3860,24.42120933532715,7660.815165437493,37.496996011424045,37.09330048203013,33.36135104221691,3.894646385968525,inf,4518.280741372793,,,16.08279083354965,4210.2431079054395,0.28895921829755444,25.164052063559684
3861,22.171865463256836,10437.237463013176,74.02798942339442,24.981033069769474,19.51438300935713,3.990839095669003,inf,2497.1555001503366,,,23.678195615967876,6180.884699512581,0.14933049431803186,36.923665235311304
3863,,,,,,,,,,,,,,
3864,,,,,,,,,,,,,,
3865,,,,,,,,,,,,,,
3866,38.35566329956055,3676.659015676976,61.27546094996717,22.87246536367144,25.947639977565853,1.8549781166978985,7.567906421185601,2187.758921686213,8.836619004037475,,5.8851475539807,2616.901465938786,0.5409174340699776,0.0
3867,37.445281982421875,3359.4606536780834,43.80149383155665,26.203508563485865,29.259006986947792,2.0696942500370654,7.937795556014648,2682.681809128194,10.451340703547807,,5.833305523207292,2112.3757738223544,0.7160416640711592,0.0
3868,32.641815185546875,2904.0101809686817,31.106683591826194,45.38299055213359,62.040063461949266,1.4545756542349666,15.762822522434488,6114.622664398816,44.00669293340755,,4.993520674655823,3153.664380001873,0.33129346888140004,17.155939443898227
3869,34.30546569824219,2925.9665285903693,11.306278296412367,121.20720865905209,166.44933320015684,1.5097541602575857,12.244560118990023,26688.408123293088,91.71444902108051,,4.775210250075569,2943.77225173846,0.3882440067855319,26.204224234642368
3870,,,,,,,,,,,,,,
3873,,,,,,,,,,,,,,
3874,,,,,,,,,,,,,,
3875,,,,,,,,,,,,,,
3876,,,,,,,,,,,,,,
3881,,,,,,,,,,,,,,
3882,,,,,,,,,,,,,,
3883,,,,,,,,,,,,,,
3884,,,,,,,,,,,,,,
3885,,,,,,,,,,,,,,
3886,,,,,,,,,,,,,,
3894,32.65354919433594,2527.3694869909814,7.771745075327938,162.4843364972119,233.46242981279704,1.4152191354788055,15.5544818788579,41423.543554314645,163.41242102627783,,4.430747042942911,2788.565418834845,0.34031081243316624,56.68809444528193
3895,,,,,,,,,,,,,,
3896,,,,,,,,,,,,,,
3897,,,,,,,,,,,,,,
3902,30.989913940429688,1495.6346933078348,31.504795196625476,27.742620882121685,52.30464007019616,1.2100028271415983,22.140249170820777,2922.477836480005,52.11169937749077,,2.722037561313543,2033.4062061278137,0.6087849570972559,0.0
3904,22.003393173217773,8278.28672111567,33.48880342049113,41.91340771751959,36.748365045770164,4.1703534492837875,inf,5426.995403276916,,,18.92484215791368,4724.325005683249,0.26820232027897045,35.62075729933261
3905,,,,,,,,,,,,,,
3906,,,,,,,,,,,,,,
3907,,,,,,,,,,,,,,
3908,,,,,,,,,,,,,,
3909,30.95672607421875,2222.76594577323,10.77348928539255,125.92035525423964,191.44661741867904,1.1585810273234776,22.10913403697699,28260.11378112725,190.4723516445943,,4.118966851970086,3128.519964096323,0.2656701465292767,74.35102434105556
3910,20.131364822387695,4506.84919577947,18.30977675092415,82.78393303252462,95.1386729826326,2.1024657212309132,inf,15064.304277925192,,,11.596686736895226,5448.632263780186,0.16694667671961186,122.08226469578547
3911,20.071577072143555,3893.0548460578434,34.30249909527026,33.94682777980518,41.633022286191455,2.364016838811911,inf,3955.7495862656115,,,10.128689305128601,4178.162480128789,0.25712573725118715,32.65541898325538
3913,,,,,,,,,,,,,,
3914,,,,,,,,,,,,,,
3915,,,,,,,,,,,,,,
3917,30.133285522460938,2340.3084060517926,13.47290160555586,82.30067318042495,123.00205580099043,1.4924286208877766,28.049173851237093,14932.587800520176,155.25477212496958,,4.405533756559803,2633.1160663869027,0.41895892406513957,12.849204384860522
3921,,,,,,,,,,,,,,
3922,36.92414855957031,2192.8202628819763,106.65729995451872,7.1310786764305645,11.452856563996626,2.0386479019809034,9.098374575610745,380.8577853146423,4.689107054099259,,3.3161188080387864,1543.6443233876282,1.2577443389615903,0.0
3923,31.138755798339844,1832.0689729748924,18.9897330694477,41.65843723689388,69.64595883914677,1.6375892847607743,21.1178913569136,5377.549992866454,66.184910649593,,3.382822114059798,1812.994914794824,0.7095513163206756,0.0
3924,,,,,,,,,,,,,,
3925,,,,,,,,,,,,,,
3926,,,,,,,,,,,,,,
3927,,,,,,,,,,,,,,
3933,26.472341537475586,2719.6784978170435,17.54868764391738,52.273272129407026,73.47464036179923,2.0964197365769417,inf,7558.742055012035,,,5.686963750449215,2472.5798083075642,0.5590114934671844,0.0
3934,26.87541389465332,3080.231155658765,15.550638953829543,63.12543671410688,84.19676609691207,2.218787331435361,inf,10030.82351004793,,,6.289243479000476,2623.8240325154125,0.4965117424717313,0.0
3935,,,,,,,,,,,,,,
3938,18.934680938720703,7285.071344455467,29.882338487298984,36.29036461947256,33.83268865375741,4.750210976913064,inf,4372.370879774066,,,19.277758378368322,4208.294438042923,0.36141924544668463,18.627313596378457
3939,,,,,,,,,,,,,,
3940,34.8967170715332,3171.0527212876364,60.81348231168904,28.3897320508207,37.91904745929648,1.2987551970120468,11.413901350209917,3025.3243019782035,19.47619201474521,,5.035245645879682,3679.6970222894943,0.2227462055496794,19.288983785379276
3941,,,,,,,,,,,,,,
3943,37.29212951660156,5439.8227975042355,53.689384248466446,28.236572905044866,27.616142541371886,2.5372855541582156,8.569663957091395,3000.875466858921,10.649747761681184,,8.504357552290656,2978.9446944451824,0.456859118053409,1.3539863692375809
3946,29.178293228149414,2380.4322765739903,11.038038837563576,83.81633245927114,123.90928952589627,1.8193667820185397,40.28062378071801,15346.981725550651,224.60145634479105,,4.625284792783146,2259.150681708934,0.5872140718703842,0.0
3947,27.17691993713379,2066.2265153490926,14.15574799275833,79.12334741771305,125.15191166519784,1.3044440546637726,494.92852607777706,14076.250089214447,2787.3563029322636,,4.299060973953533,2914.100128620235,0.3269357845843395,35.96419835113452
3949,29.950376510620117,2553.0143778909037,12.077351156506571,95.90831158239406,137.9234512120815,1.558512620389899,29.87129485140433,18785.136880074246,185.39784351357142,,4.808538025176615,2773.7462352450925,0.3824802957569594,24.653273005536835
3950,,,,,,,,,,,,,,
3951,,,,,,,,,,,,,,
3952,,,,,,,,,,,,,,
3954,,,,,,,,,,,,,,
3955,,,,,,,,,,,,,,
3956,20.507543563842773,3454.658684674871,13.038947297795813,61.87944301695846,79.47404265828573,3.0276190030761034,inf,9735.305612887913,,,8.925480807403131,2814.0878389022073,0.5717369724656807,0.0
3958,34.688682556152344,2675.6737058647386,41.24363790773549,49.69801404844704,71.11855770818042,0.9230434675055177,11.61429813607835,7007.103742655128,37.169645950381515,,4.339674694524647,4351.631679548118,0.14539451176213214,47.44081217872248
3962,21.862232208251953,8333.931479683277,12.04426794418901,106.04546284502017,92.34479383915509,4.613838908360079,inf,21840.77946355078,,,19.23574434217409,4316.722041633196,0.3251535999489313,63.42144391327346
3964,,,,,,,,,,,,,,
3965,,,,,,,,,,,,,,
3966,,,,,,,,,,,,,,
3967,,,,,,,,,,,,,,
3969,,,,,,,,,,,,,,
3970,23.957874298095703,7175.798804949753,40.47935285083424,34.91354366411444,32.291958815487554,3.5902754025242087,inf,4125.920850558194,,,15.410807952444998,4344.000987724634,0.28991206050397766,23.913450180186967
3971,,,,,,,,,,,,,,
3972,,,,,,,,,,,,,,
3973,,,,,,,,,,,,,,
3975,29.406047821044922,1915.631464762182,27.89743923701803,38.61565811066277,63.131902857051216,1.2573876283487524,36.30389132643787,4799.269705734773,103.13701832491289,,3.7254522165361865,2600.141407974108,0.4063976566498784,7.443027519837082
3977,,,,,,,,,,,,,,
3980,,,,,,,,,,,,,,
3984,34.105873107910156,2325.837035304776,16.294085575469875,53.379384091002,74.52313280641548,1.890865911885587,11.89928747916846,7799.923322042767,39.904748150030464,,4.209293453596245,1775.3995854488392,0.9365961554492404,0.0
3986,,,,,,,,,,,,,,
3987,33.216732025146484,3128.380142034933,21.01341628603689,46.93477073554768,61.75001575986494,2.2429167676187953,14.301088399364192,6430.904301006569,39.73915953197822,,5.302437049345476,2167.999649901321,0.7040731440734768,0.0
3988,30.677562713623047,2509.566426575102,27.777257107861445,61.62615258708942,89.99437848034216,1.0366431546340091,24.06347634961584,9675.592697005986,97.45099191720406,,4.593984016334468,4026.6699656365176,0.21262716793423597,48.48102749696574
3989,32.548683166503906,2575.343824052373,15.840617156633991,78.51750668527214,113.33492768832275,1.46413668499557,15.974685435539527,13914.888988365075,81.47204184062588,,4.464895278440107,2776.5383432575986,0.4160590580967889,12.091596013188354
3992,22.080232620239258,3642.5990657735215,13.740914731682778,75.92155085857667,94.91361097080576,2.4689691220960346,inf,13230.540971066537,,,8.775074129670735,3390.0699634895273,0.32278512060496484,44.398060493227085
3993,21.412580490112305,3322.9742596222163,16.217009385019463,61.91973580578569,81.26119812285341,2.33997984455946,inf,9744.815874517766,,,8.220647699730518,3364.900583802708,0.31287401578734453,39.972464735368646
3995,21.261600494384766,3364.200886917119,8.960994032680706,112.72079469813589,146.6946238684886,2.3550855787235747,inf,23935.144768181155,,,8.39763787681955,3403.3764046696238,0.3099816113604976,74.58730607698855
3996,21.312644958496094,3277.0040795553323,7.001156679024123,130.36531098153088,171.44331334523733,2.5388096616387026,inf,29769.604376540155,,,8.183013912642362,3063.5788680050596,0.3909969577728,42.64707700366418
3999,,,,,,,,,,,,,,
4003,,,,,,,,,,,,,,
4004,,,,,,,,,,,,,,
4005,28.093141555786133,2198.426763042904,6.596372471910222,184.2492556835641,285.429028375487,1.279045787911571,80.5745706551556,50019.415077062105,1034.9244636242888,,4.391524108585407,3084.9035084887105,0.305851452142523,94.3554220352373
4009,21.15781593322754,2965.1834731130034,17.621076544740585,47.80862886530776,66.08970433717617,2.4888449788515534,inf,6611.339029505325,,,7.456787273611391,2847.2864866584805,0.46950930570524624,1.7755150531832102
4010,20.99893569946289,2925.256987510161,16.71497765202268,48.93771645279617,67.77825640081129,2.5287129170329288,inf,6846.92461229697,,,7.445833651790967,2776.849889785527,0.5217152922013055,0.0
4014,,,,,,,,,,,,,,
4015,,,,,,,,,,,,,,
4016,20.92130470275879,6469.665725004626,31.234080560872034,72.42444765539832,70.63197352547185,2.022334200285089,inf,12327.010993081758,,,15.78115905439397,7912.20839702905,0.09073246034250239,143.1836095931549
4019,60.142242431640625,14709.204403404254,25.684227041967883,135.88640381897244,87.26604401488453,2.980105778547656,2.9260654716732537,31680.644175969424,11.49057712086624,,14.878533472410975,5005.868744276685,0.20332205063757974,68.05222292345715
4020,,,,,,,,,,,,,,
4021,,,,,,,,,,,,,,
4022,23.103601455688477,9156.615768495654,33.54110480938973,47.74409814470137,39.917076625428535,4.043178683305176,inf,6597.957852779086,,,19.929262377421125,5154.836562063717,0.23280930487440246,46.654293916569074
4027,30.106311798095703,2497.2232053177563,28.35525711453714,43.51112479995988,63.88706374045406,1.4312268139827224,28.53159260518361,5740.245425428509,82.0259853922815,,4.635957640954831,2956.9673539716227,0.3129211649150644,20.083307715085713
4030,31.351594924926758,3474.87329456518,27.303741078539066,34.606159381566634,43.91116109677627,2.600449444567264,20.6014928228162,4071.553081265431,40.70859615795431,,6.100845520029784,2207.385131594753,0.8081978006458251,0.0
4031,36.620765686035156,5977.429525940471,13.857628530434473,124.30170174466912,112.87640861819501,2.4537678781270436,9.020778019279911,27716.96077456457,45.82048615912219,,9.752036673055814,3385.104039093129,0.3218723325346843,44.243070720694696
4032,35.9078254699707,6050.82813437361,51.995474293436935,33.901044298954844,31.332204844931898,2.4272873863891404,9.869087296411864,3947.7497117885687,13.914911916166124,,9.805285958733606,3571.396043225257,0.29504025436797815,14.835830496936644
4033,27.382038116455078,2527.4697475105017,9.872689128713496,115.9603778436464,170.93628975519283,1.5610826042366484,233.19916982932753,24974.363487869956,1793.7990389077358,,5.066649161651319,3009.601608864771,0.3385365352916376,48.83184333867438
4034,28.364234924316406,2619.9470742913245,6.333728482642094,157.0734432704037,223.80525822694355,1.8621527995997675,64.71556097860841,39371.697705057966,651.7657276253534,,5.166574460071753,2508.8457239138343,0.48658645741423073,0.0
4035,,,,,,,,,,,,,,
4037,22.746490478515625,9325.068186771288,42.04248831190673,47.80397429315864,39.67357410680209,3.2808366064071093,inf,6610.373548809731,,,20.561358251124012,6572.083437813603,0.12639765508569292,76.10356965735205
4038,,,,,,,,,,,,,,
4039,,,,,,,,,,,,,,
4040,,,,,,,,,,,,,,
4043,,,,,,,,,,,,,,
4044,,,,,,,,,,,,,,
4047,35.67185974121094,2926.3974445157846,49.50366252678967,20.912402169347406,28.53973090193915,1.9988355152564945,10.290390971733363,1912.6516484515512,13.215824514405641,,4.644428868432893,2141.748944017173,0.6819572508411248,0.0
4049,19.447967529296875,3362.226211792635,22.662222637246753,35.3138154402222,46.000731459398864,2.9707409788655705,inf,4197.077224026591,,,9.134812278545049,2937.9081392608305,0.5619239709430643,0.0
4051,21.479145050048828,8263.018532638558,51.805210501228125,31.79330365858955,27.871679002322033,3.5474364837927714,inf,3585.3658922160957,,,19.34880418330757,5668.908572461356,0.16127886186497886,45.997469162003796
4052,,,,,,,,,,,,,,
4053,,,,,,,,,,,,,,
4058,,,,,,,,,,,,,,
4059,,,,,,,,,,,,,,
4060,36.57009506225586,3456.473856819196,99.91753069958041,12.724066286697829,16.023794781111107,1.9224305663300987,9.347604492667733,907.7554814102441,6.740284323847499,,5.3537567514279845,2578.548595213115,0.45274985960282205,0.7432424536706118
4061,29.62895965576172,2531.1977838289786,20.428287914671714,50.175747765251145,71.63981215445222,1.7461649241463082,33.30117232714262,7108.382284579301,107.3560378517793,,4.869973414675191,2462.4756796029806,0.4751486571966034,0.6107060785069736
4062,28.165292739868164,2533.728938067695,15.540979480010447,66.15670823087378,94.61333571490074,1.7425806166853706,75.20040539559146,10761.946466850717,320.1732540715377,,5.094836899241059,2590.2231521343024,0.430021083469413,8.915551575474716
4063,,,,,,,,,,,,,,
4064,,,,,,,,,,,,,,
4065,,,,,,,,,,,,,,
4066,,,,,,,,,,,,,,
4067,,,,,,,,,,,,,,
4069,34.67680358886719,2465.7380083006506,18.609784117955915,53.18180246332703,75.54456441194108,1.7616821102918203,11.31594465307204,7756.656770980353,38.46861493766824,,4.198053043673636,2044.6595707787683,0.6141816665032976,0.0
4070,,,,,,,,,,,,,,
4071,,,,,,,,,,,,,,
4073,,,,,,,,,,,,,,
4074,,,,,,,,,,,,,,
4075,22.267742156982422,4231.013005423124,24.315913010236468,44.87651879755995,52.66905227021043,2.7416980385776686,inf,6012.55048176319,,,9.993256612732171,3541.2663445961816,0.3256099549490512,25.686865892568534
4076,,,,,,,,,,,,,,
4077,,,,,,,,,,,,,,
4078,,,,,,,,,,,,,,
4079,31.051103591918945,1745.6690059436753,25.75827184707857,25.601218614181676,43.332214903801066,1.8718435308330983,21.428818398302692,2590.7228340385386,41.78511737864003,,3.2698926581677665,1504.945464007339,1.2143875198521423,0.0
4080,32.59885025024414,2020.199105328052,12.08315479736158,79.7200766295043,126.73069644861876,1.4829657807426202,15.608536975475527,14235.789476596019,89.01363426507139,,3.585739346546132,2117.114744161771,0.7418638582245041,0.0
4081,31.63287353515625,1664.1616511428986,13.405582165671007,46.65724255001804,82.21559404807375,1.881376715968722,18.918672942476594,6373.9492049219025,69.99344705551196,,3.015951833212035,1416.9849451501564,1.3513001234202142,0.0
4082,,,,,,,,,,,,,,
4083,,,,,,,,,,,,,,
4084,,,,,,,,,,,,,,
4085,32.963539123535156,2102.713395686139,26.655272876861478,43.3137439176273,68.93832032817602,1.2878231455017084,14.835939333969177,5701.230272186967,46.02441321785491,,3.6179147073360265,2543.183844342281,0.4046313193582728,7.81023121781651
4086,,,,,,,,,,,,,,
4087,42.557132720947266,4308.64802627505,64.2978936213987,22.878426681774474,25.732230956258043,2.0711097780467447,5.785088380648281,2188.614280503655,6.698845364094288,,5.89589721746961,2624.064625732633,0.5569823126628988,0.0
4091,,,,,,,,,,,,,,
4092,,,,,,,,,,,,,,
4094,,,,,,,,,,,,,,
4095,,,,,,,,,,,,,,
4096,31.94731330871582,3879.7152122242505,40.05413459865246,32.373128386333455,39.0705923817109,2.1156938681388717,18.177843467547063,3683.8929371867816,31.959860062458496,,6.664242700956317,2987.1095481092643,0.4547559437485082,1.9875488237846644
4099,,,,,,,,,,,,,,
4101,,,,,,,,,,,,,,
4102,,,,,,,,,,,,,,
4103,,,,,,,,,,,,,,
4104,,,,,,,,,,,,,,
4112,26.456056594848633,2752.8033745633293,7.948117143440844,125.9257779543763,175.9143669937621,1.9448284199681334,inf,28261.939313294897,,,5.760077850470926,2699.1603307925116,0.435838710366915,15.998799275052228
4113,32.60237503051758,1961.3700960712088,12.786930577857389,64.63896848145372,101.47148173242262,1.6779685905133328,15.356778454048817,10393.734564186467,70.1223778965994,,3.5775371945906227,1788.2394642663194,0.8682005343454388,0.0
4118,,,,,,,,,,,,,,
4119,28.57522201538086,2873.1959483272144,10.757111249077091,105.81464250268034,147.17823930682792,1.7848791583772525,56.7592250898395,21769.509767247615,375.91752659141287,,5.50502827913894,2887.1587323211957,0.3837958518849879,28.399072687895686
4120,,,,,,,,,,,,,,
4124,35.012996673583984,2235.6144828587385,27.036948873346258,34.565247361111496,52.37715479955797,1.6915489410184383,10.941353497457484,4064.3350213552912,25.788463463385707,,3.7157836425973825,1931.6652154551248,0.6657946801919087,0.0
4131,31.460121154785156,2742.2491833713184,52.630538228201225,15.629743857444081,21.964364713444212,2.357231553358058,19.915038765968713,1235.8273059904902,19.683952863215257,,4.878444632913865,1898.0359737242613,0.8511668226947492,0.0
4132,32.569271087646484,2651.25283125363,29.072792515869565,36.19989863019304,51.435131420449444,1.7813204109371754,15.904579318032484,4356.031656632741,36.81243573344833,,4.599595212156644,2346.432324911364,0.6513438861138631,0.0
4133,32.094886779785156,2767.750828482612,32.056656240076784,34.225971889628056,47.547672505055345,1.7837664129748423,17.370900765039803,4004.641832083331,37.16756553122675,,4.869872345263263,2476.948035443829,0.6399403767248446,0.0
4134,,,,,,,,,,,,,,
4135,,,,,,,,,,,,,,
4139,,,,,,,,,,,,,,
4142,,,,,,,,,,,,,,
4143,,,,,,,,,,,,,,
4145,23.418935775756836,3778.5575741619455,19.83664899040562,50.874738415644586,62.24756755815325,2.6475279178688083,inf,7257.4370829634645,,,8.636647416282354,3095.9956020194068,0.41536083393645723,10.888714224054537
4147,,,,,,,,,,,,,,
4148,,,,,,,,,,,,,,
4150,,,,,,,,,,,,,,
4154,29.036022186279297,1712.497791049251,54.92024920267499,18.428633963880966,32.13919460729316,1.1964357430400145,43.10838850486772,1582.2303532174205,62.34609993141344,,3.340379972010321,2483.3171447908726,0.4399647830229525,1.9267418907800327
4155,30.009057998657227,1667.2431154689564,17.80618825074659,61.32530581020542,109.90943676223044,1.0796257936003217,29.408454470860764,9604.827722612852,145.45200001230018,,3.1124433690875044,2620.8489028728704,0.34362482123686855,22.652175591592915
4156,22.0543270111084,2950.8334205218493,7.6878714037972955,104.06555351139077,143.4567010543252,2.608054046324707,inf,21231.979854599707,,,7.170532553282687,2591.4896014026976,0.6404016417155434,0.0
4157,,,,,,,,,,,,,,
4158,20.840118408203125,3269.096067376047,3.307099743489227,290.08665486609806,383.1088401133712,2.4095594267343414,inf,98814.71460517305,,,8.314702210499673,3295.4561644831465,0.3279626339102141,172.7967732476733
4160,32.64130401611328,1673.5782934628583,15.518520607680259,47.75352664163767,83.0538648149798,1.5968909848289548,15.454116931479144,6599.9123947737335,57.75858623078816,,2.979624778907932,1622.936216095387,0.9755986652402303,0.0
4161,,,,,,,,,,,,,,
4164,33.12725830078125,3056.156513232332,24.834269452335036,54.843555211241444,73.4031045114867,1.5866590200918236,14.554508066434892,8123.036330914757,48.075573452120835,,5.164099535458611,3010.5038587608524,0.3294243966943612,20.798029100561614
4165,,,,,,,,,,,,,,
4166,21.666563034057617,3549.9955169364007,18.43640910716036,56.69905897950375,71.8886946858942,2.4013785059920663,inf,8538.739656845768,,,8.696577334145525,3460.934664672071,0.3019528502084491,38.83265230830743
4167,23.390296936035156,3817.434179224005,7.202966436605695,151.71116193872274,186.01992150688278,2.470174499902908,inf,37372.85686219788,,,8.672568708382814,3370.2113650605597,0.3275408122427322,81.38471423126668
4168,,,,,,,,,,,,,,
4169,30.09908103942871,2271.4603392089984,27.091578494923407,40.13635180583103,60.9821392017813,1.4771274050279628,28.383523271358456,5085.537227110265,77.88995852269412,,4.273716936601995,2587.0721412959706,0.4297807759908804,5.133408572779575
4170,,,,,,,,,,,,,,
4171,,,,,,,,,,,,,,
4174,,,,,,,,,,,,,,
4176,,,,,,,,,,,,,,
4177,,,,,,,,,,,,,,
4178,,,,,,,,,,,,,,
4179,,,,,,,,,,,,,,
4180,,,,,,,,,,,,,,
4181,33.01404571533203,2786.8639408860913,52.40334100544474,15.958606185547604,22.126397132426696,2.3563881726168545,14.735987305845592,1275.0359563671,14.672443827039213,,4.774804890905825,1842.665745915873,0.9666995101138807,0.0
4182,36.29355239868164,3132.7977087883037,118.53883590825326,9.056879841455734,11.884745292175248,2.063374650384942,9.579256555162523,545.1272655224114,5.1231160910928,,4.92352584504942,2181.7201587497716,0.642569552986958,0.0
4186,24.172365188598633,3886.4791484278408,35.970857582998846,33.79243929103968,40.9451886297811,2.2608461510979834,inf,3928.794462783512,,,8.585094057761253,3628.451602413292,0.307674030984468,20.112158870385734
4187,,,,,,,,,,,,,,
4188,22.15372085571289,7939.003344747864,29.191591780785732,140.4032885185878,125.16499776798304,1.369669957443096,inf,33273.30305195887,,,18.109867443030865,13672.450590196466,0.03245097294397569,346.58783481810326
4189,21.790802001953125,8430.384894210807,39.76837486757981,40.18425980489198,34.98091175406271,3.7302555763279557,inf,5094.645327026976,,,19.4135415399848,5434.657237825517,0.18786884030705964,51.162695096304304
4190,,,,,,,,,,,,,,
4191,,,,,,,,,,,,,,
4192,,,,,,,,,,,,,,
4195,26.43376350402832,2252.838776019427,15.980233267947154,78.03211211432553,119.78202474169986,1.2774933204055363,inf,13786.056022543195,,,4.745849148806032,3354.018614512123,0.263136023776933,54.48514724158638
4196,,,,,,,,,,,,,,
4197,,,,,,,,,,,,,,
4198,,,,,,,,,,,,,,
4199,,,,,,,,,,,,,,
4200,,,,,,,,,,,,,,
4201,,,,,,,,,,,,,,
4203,,,,,,,,,,,,,,
4204,,,,,,,,,,,,,,
4206,,,,,,,,,,,,,,
4207,29.625452041625977,2768.3427751402414,16.08382360604617,61.56161469212464,86.24184438192911,1.9769949575267218,33.84041757412578,9660.397552318334,131.33070118112647,,5.191260028298726,2414.2872777776993,0.5433087204935524,0.0
4214,33.1956672668457,2866.0371036804613,36.459867063159834,24.81326039685219,34.04657664308455,2.2401025304498834,14.334959235789338,2472.041432349229,21.962532973355746,,4.8691523215596835,1987.786685030068,0.8221015359321832,0.0
4215,22.447608947753906,2894.2641634145552,3.653696493097948,250.26640001783886,347.45016161203773,2.2381446667615292,inf,79183.3397855333,,,6.934027714558608,2908.311066722752,0.4022895566357364,67.27736340090203
4216,20.10397720336914,3212.45882650502,17.08226385038275,47.36231875783799,62.98423280360876,2.8076579022057757,inf,6518.976721233058,,,8.472178185146763,2873.5252152597886,0.5348739715197135,0.0
4217,20.19351577758789,3228.62946719754,41.697495822546806,22.690051268683977,30.254179322574466,2.4130024192384933,inf,2161.6392200445343,,,8.434991559862592,3355.9316496082574,0.43099205408664765,4.21923777765875
4221,33.7216682434082,3035.8840415930044,31.334077430601177,42.34790806744612,56.75584857021921,1.6177868744129202,13.257645493389774,5511.603129641072,33.86020140092156,,5.059792245487775,2884.0009940593714,0.46056118111884603,1.8829657324376936
4222,,,,,,,,,,,,,,
4231,20.125478744506836,3518.069376319152,25.61775601886347,43.59510274714633,55.89384013538951,2.227463575252226,inf,5756.871743977486,,,9.186628074735072,3982.690602900619,0.3200288806437905,28.52281840620934
4232,,,,,,,,,,,,,,
4233,,,,,,,,,,,,,,
4234,,,,,,,,,,,,,,
4235,,,,,,,,,,,,,,
4236,30.6107234954834,1415.7223783482104,9.25729774348101,63.089466678916246,117.59910721765858,1.7140441761189569,23.924818225732672,10022.251109848465,126.6091768660918,,2.708554033054193,1343.764123280588,1.3682593938430123,0.0
4237,30.68706703186035,2279.3333281434193,8.896791208078037,163.5617766959756,248.25549841992918,1.107586426728776,23.871500052170752,41836.24762047096,266.6804014567357,,4.211200369656552,3403.503227905948,0.2177747843740032,124.8768462608393
4240,32.23639678955078,2517.7591843522137,29.10605588962312,36.22093828129913,51.952104860383734,1.6887141244260102,16.754665770710123,4359.829845520066,39.16980688592764,,4.481110208012553,2349.9550494710043,0.5410821750978215,0.0
4241,29.53290557861328,2291.9357777211767,5.2706647822299475,175.23024869533617,265.00188382166164,1.7547407966036581,34.718931868277195,46392.0551115508,414.0262057216221,,4.3880151207878635,2235.404330266417,0.5860342089854024,0.0
4242,,,,,,,,,,,,,,
4243,,,,,,,,,,,,,,
4244,,,,,,,,,,,,,,
4247,,,,,,,,,,,,,,
4248,35.076576232910156,4798.5214945945545,30.563249004391214,48.20855514871059,52.313577311880536,2.30286676175148,11.157625420736313,6694.469525662318,26.26628850291117,,7.589802901555777,3125.2265571816993,0.423056570125708,6.256748330461351
4249,31.29595947265625,2502.7943668382954,18.133750544062394,71.50149888737072,103.99364128476988,1.364920598412958,20.541245655078807,12092.127414856255,96.12715194884716,,4.524347420291696,2986.4048971354873,0.35755364286920654,22.549383600590925
4250,32.566062927246094,2637.3296342876256,28.249889408861986,46.70331174506532,67.83190077348272,1.4134647665556752,16.09037567226928,6383.391956998767,49.11483447042434,,4.488285860131783,2974.479434143791,0.3569390268349098,14.494903969972263
4253,25.81411361694336,2744.482282361734,8.653031930680726,111.59315696920062,157.39248429384477,2.009738551373518,inf,23576.88046255793,,,5.828124159807255,2676.545259665095,0.44599651599310636,11.157390893563905
4254,,,,,,,,,,,,,,
4255,25.869516372680664,3060.256352488726,26.478422733129047,58.172152057190054,78.99353499720478,1.4048681548367323,inf,8873.658104404873,,,6.379408422236266,4301.411406966391,0.17135055643504346,65.38952204279519
4257,31.332738876342773,3101.374544634982,95.79881476001724,11.37893519215676,15.209334005043061,2.0117659824654726,20.633741439601962,767.6838981780718,14.122145939787194,,5.474510307226356,2540.9490377698176,0.6130803640146518,0.0
4258,33.88298416137695,3338.2430704831886,61.5076956519888,15.271557997695117,19.63202477082265,2.5129865011833648,12.991366687588602,1193.5895681050986,11.477107467791082,,5.508325742522999,2039.729910254692,0.7919513278048463,0.0
4259,,,,,,,,,,,,,,
4260,37.775543212890625,3615.0100854862258,84.90095837014452,18.365649864488983,22.860139511332097,1.639364862815807,8.363510319453187,1574.1258330983892,8.60359557182245,,5.387816673465145,3094.8888833812703,0.33163616330419243,6.152920925860463
4261,,,,,,,,,,,,,,
4262,30.130952835083008,2722.0077534147326,10.398115072790352,112.44881382369357,157.5722181897979,1.6461327758401612,28.248781827302444,23848.568376257503,200.30504461594643,,5.067821867348112,2794.486165567842,0.3853948958550368,27.936425355397557
4264,,,,,,,,,,,,,,
4265,,,,,,,,,,,,,,
4267,21.61336326599121,2947.6780580831446,16.214337729663075,49.01179055057097,67.32255629597175,2.622800556721772,inf,6862.476164560805,,,7.331884552757001,2617.931110893644,0.6545702543148675,0.0
4268,21.440187454223633,3328.5545050749256,16.2401188737354,82.35882526201935,107.6126759944087,1.7597109150917654,inf,14948.41721729891,,,8.253496757254718,4467.458106619159,0.23052719406623415,84.44877265259257
4269,26.367218017578125,2746.1152594926593,17.903503479253718,50.90047793791716,71.65279173755553,2.1308058397919893,inf,7262.9455119499835,,,5.727055397408828,2474.3630861193064,0.5652010518890448,0.0
4275,27.279541015625,2614.099066345834,15.001920310189185,65.75385383176555,94.45609024346443,1.873867927764881,317.0730372415343,10663.795635164413,1347.7265738755075,,5.305887439951938,2588.85607846248,0.4804242828733173,0.0
4276,,,,,,,,,,,,,,
4278,,,,,,,,,,,,,,
4282,,,,,,,,,,,,,,
4284,27.800233840942383,2844.2699832877224,12.098114001978004,92.38234403532508,129.31350351518694,1.7994888918354965,111.79970071365841,17758.79368921233,650.5744946054631,,5.5817091022157115,2909.4957253833145,0.3803691785065198,26.408721667780444
4285,31.12454605102539,2627.7479694762264,35.392341003338636,29.483941579463437,42.089164455090106,1.7806307935275651,21.46306568816533,3201.9040145633435,40.65131256568165,,4.746643534591501,2423.2490912521284,0.6136860425033694,0.0
4286,31.66986083984375,2568.2450191792277,40.23298424513227,36.36544022559779,52.25391619066995,1.2412245595569775,18.908345509187786,4385.945892448973,44.461579569359806,,4.589815269897608,3335.688949839333,0.276128470430808,20.025582614762463
4287,21.612579345703125,6006.475371373869,73.08954902647477,15.507358301902459,15.594662289291664,3.7472407747419854,inf,1221.3404135160401,,,14.296256063193614,3829.2014760650013,0.3703092871858268,6.373937591859101
4290,22.320764541625977,3102.8834713514993,21.35240703227881,61.456588627188644,83.21606525172074,1.6719957878923946,inf,9635.68668279987,,,7.400907701565583,4219.794598165769,0.23036434788638335,60.71733946682265
4291,,,,,,,,,,,,,,
4292,,,,,,,,,,,,,,
4294,,,,,,,,,,,,,,
4295,,,,,,,,,,,,,,
4296,,,,,,,,,,,,,,
4297,,,,,,,,,,,,,,
4298,31.989755630493164,4044.5591881590613,15.138309433914287,66.5952806506098,78.65923253295303,2.836843421765491,18.01594304527134,10869.139829402298,63.77041139842962,,6.944325751043991,2318.6739856834024,0.7664734204519844,0.0
4299,,,,,,,,,,,,,,
4305,21.457942962646484,3708.9765763033047,29.187254444996654,37.88437972588897,47.05568603829064,2.371841521572808,inf,4663.588977788725,,,9.15790212858972,3697.6680900485567,0.2728795092340287,31.16662075094542
4306,20.062942504882812,3737.3928970115703,25.821970717672396,36.69242046663505,45.83172885304347,2.789253663732683,inf,4445.2330841769635,,,9.748109399648051,3396.9208005375754,0.36791909050113303,16.37833166033803
4307,,,,,,,,,,,,,,
4310,26.27413558959961,3382.1472566177845,13.75552716203267,79.35815677276194,102.11650800469342,2.1908301242897785,inf,14138.956350117876,,,6.975918771928258,2998.186456052613,0.37668654074178826,24.87628805656384
4311,,,,,,,,,,,,,,
4312,,,,,,,,,,,,,,
4313,,,,,,,,,,,,,,
4314,27.4033145904541,2706.733866646926,17.16119152275,57.492740435103855,81.54450254510053,1.9398587618236571,220.35629254193532,8718.65536149411,808.5979916106642,,5.445432483454839,2585.5234260620587,0.5057619120397705,0.0
4317,30.728370666503906,2186.460966183908,18.94576405042479,57.121002237394265,87.71720840034763,1.4286267820028469,23.484694415759876,8634.232201721932,92.70053254285601,,4.071681556529568,2514.943719330925,0.4155434210805868,9.233922625939307
4318,27.923368453979492,2066.533274202806,11.587794721111687,96.70441688763414,153.2198213990289,1.3040081359181015,94.92950564627444,19019.516020665138,654.5286855279123,,4.186235166872991,2846.4697090097743,0.3412326568797298,38.5293077548531
4320,26.008413314819336,4470.960295588366,30.040191540596556,42.38055143200803,47.84541824388338,2.483227531515821,inf,5517.977184905951,,,9.228691313773375,3547.4750361950782,0.3113625978304567,22.980286693463082
4321,26.009601593017578,4125.58920869905,17.227926599088743,74.03592860264189,87.08867005971273,2.2871541903064556,inf,12740.714606371122,,,8.5078312314791,3555.730372591748,0.3109731217110429,40.26778083837683
4326,27.47945213317871,3016.9287483950775,13.519475533273482,76.20863389531019,102.94576116406054,2.070551489747841,185.94605437763033,13305.65506281732,861.4061146511525,,6.020854231385272,2701.48152359354,0.4563192346738882,4.991430579348846
4327,,,,,,,,,,,,,,
4328,,,,,,,,,,,,,,
4331,29.434062957763672,2885.203234641003,9.715610158119285,112.94748084226585,155.92420669275361,1.8591515085864403,36.62490360702019,24007.382893856717,256.98190680554364,,5.409823699881529,2700.767106987869,0.44690559194012786,9.754107610902075
4333,33.25522232055664,4334.733730926556,19.70989684706297,72.65701952393772,83.05286215544308,2.1403534520019463,14.397066113657704,12386.436016552945,53.80728963211862,,7.176572691377581,3185.366861866979,0.40114839904162364,13.869522706696163
4334,,,,,,,,,,,,,,
4335,29.02775001525879,2528.603571510036,7.8841655588609925,150.60713114667072,219.42856500503476,1.5057902399994312,43.65773724456352,36965.6459426694,431.0889585723645,,4.859912184930169,2939.36059033826,0.35140786878354363,53.82441390532727
4336,,,,,,,,,,,,,,
4339,30.3988094329834,1504.8325954614872,16.932898861400407,35.51627691937903,64.86045159623855,1.7693528256474889,25.560830948258086,4233.222988842557,74.60491673156085,,2.868227536780971,1400.4215416727236,1.3458893801781844,0.0
4340,29.798866271972656,1475.842300123564,60.42196963588614,12.587188171965696,23.32207248772247,1.3721492511638023,31.11829440013572,893.1472857359846,32.6584402962414,,2.8506840503164144,1808.2033628317192,0.9160761158562292,0.0
4341,30.23645782470703,1205.8954690249782,14.636016186355194,42.79923432231981,88.40009976763581,1.361243393015427,27.032080868083508,5599.948009696898,107.53373905494216,,2.2812062953910837,1476.1645255108056,1.1941585425587962,0.0
4344,38.63576889038086,4937.458191576511,45.18217088622154,48.04960026389894,51.53632832545305,1.6081685349390107,7.783960234317292,6661.386985092672,18.052052863862087,,7.169254184298322,4244.632826998707,0.22200066710972274,30.055352638355597
4350,,,,,,,,,,,,,,
4351,,,,,,,,,,,,,,
4352,,,,,,,,,,,,,,
4353,34.68883514404297,4153.755839082352,27.41912846619864,48.00858180319776,56.13270238978831,2.231276768598836,11.73321469071499,6652.858875086793,29.637767173922843,,6.617687325227932,2823.3166956266627,0.44926409079658797,3.35124542499826
4355,41.185665130615234,3591.8425942539166,44.72408982701166,46.480642035296725,51.175104513577836,1.221767783259469,5.937642855760869,6337.794789677345,13.673677216853752,,5.648090106397402,3571.8388965513536,0.1938693825331466,29.108225602504987
4359,28.474409103393555,2992.1403310345627,13.729423153170439,76.06852665810715,102.39033522081374,2.0258610983495404,60.20706238078469,13268.97887434191,277.4079584923045,,5.823951107456116,2638.6783478511043,0.4871774501321169,0.0
4360,35.93016815185547,3116.4630984512223,56.31117479681584,17.662432080747603,23.266630757387688,2.2156537806595735,9.972734423928493,1484.5873405521409,10.441436826736515,,4.93452037306352,2040.2674124094922,0.8299695486898218,0.0
4363,36.91774368286133,3144.8019193526666,35.29845787708602,34.928779154101356,39.33558592791924,1.8035955682192943,8.23933380594559,4128.621834607512,14.584456031066216,,5.664299374325578,2264.9357813031465,0.5921777803503855,0.0
4364,21.55316162109375,2900.827006094397,13.438339344377113,63.93599024355369,89.077183734188,2.3873485632405416,inf,10224.64150026428,,,7.190001405174197,2847.9705141210143,0.42731856367918514,11.967824872846585
4367,,,,,,,,,,,,,,
4375,23.15945053100586,7853.051330482571,35.28783748838128,42.3815011958861,37.807430137156075,3.712975280090053,inf,5518.162675818467,,,17.25798905642984,4770.5070925729915,0.22454752576022144,42.724349865163
4378,32.093833923339844,3755.1074092590134,27.595210837685396,45.08706407834817,55.16936262557697,2.1341340403907942,17.630566713453046,6054.913319170769,43.77002077390131,,6.440290426496668,2850.333634418608,0.4201335204905599,6.65575224092539
4380,,,,,,,,,,,,,,
4381,,,,,,,,,,,,,,
4383,,,,,,,,,,,,,,
4388,22.272750854492188,9120.152898144845,59.72711186598872,28.02153253875194,23.529429883800667,3.8532192645158814,inf,2966.660310028571,,,20.502651806339564,5585.041864257092,0.19414861014750515,34.03884434959255
4390,,,,,,,,,,,,,,
4392,,,,,,,,,,,,,,
4393,28.550312042236328,1249.071035221784,34.796791089091094,14.786213255909102,29.86029348507402,1.7166271556257793,56.250831500389744,1137.1439471591912,75.5849851821488,,2.501946819780624,1273.9248026184976,1.5600898674648132,0.0
4394,30.096328735351562,1317.6152992573107,33.36709859533272,21.776295098561974,43.09588765080267,1.2822455285903944,28.279274379541974,2032.3850210354626,54.84241941781334,,2.499173485603933,1721.0410488495388,0.869232367494522,0.0
4395,41.92072296142578,2394.9696032879924,25.183439814133834,44.11711775914844,66.80194875729,1.524273243055926,6.038653437973021,5860.581272835079,18.15272178869281,,3.3053052121878572,2010.5126613268578,0.5799788544833224,0.0
4396,32.31026077270508,1817.6711074126138,27.670939357876758,26.153735638738954,43.75723589907644,1.7759988244991012,16.438204247830544,2675.041907057632,32.36806714632847,,3.2574437742635447,1601.6672474214195,0.9367479165445011,0.0
4397,23.841672897338867,7081.35300116899,39.97673762708806,45.41429407346532,42.35505319117077,2.758044878796926,inf,6120.950218675821,,,15.251896267570315,5611.385421922561,0.1486298133394735,62.25834246754801
4400,21.455406188964844,3569.4444195984524,21.589960571636606,48.1856943245847,61.090952844967305,2.4261388683314107,inf,6689.708245887752,,,8.80260750881854,3481.968902592131,0.29976652439838297,33.826006866574666
4401,21.53877067565918,3708.7010938074923,11.797976414176318,87.05621770503637,108.87688019514717,2.5532863077999997,inf,16245.373008684743,,,9.06234213837686,3435.7554468844028,0.3218393249969835,52.75669090026169
4403,38.560569763183594,3067.0417618489973,32.969978598593265,35.11224530620251,48.58404467398816,1.873386664705365,7.908667520894144,4161.193377404808,17.290577526607812,,4.38717350670881,2288.7587845006924,0.7338614253361048,0.0
4404,21.03408432006836,3276.8406548787957,11.418922746156674,83.25795674082092,109.68045300861172,2.437190305962033,inf,15193.87742488104,,,8.271965751546723,3234.587245732377,0.3535431454028295,40.160289716184145
4408,,,,,,,,,,,,,,
4410,22.20650863647461,7483.348160980734,39.24232146768461,41.086063426864364,37.44295455642605,3.281948258542453,inf,5267.102791838979,,,17.160456748250592,5343.346459341757,0.22274980663224359,43.4058535691991
4411,30.66333770751953,2439.573997857992,10.081068774997227,96.81218735942959,141.9405895802828,1.767512068204293,24.01683132543931,19051.318805624865,153.4033439182377,,4.513388251149281,2283.4239548973133,0.5769065476491805,0.0
4417,26.679716110229492,3342.975784577119,25.509314492030413,57.20463267936327,74.53868713360505,1.6199001423570958,inf,8653.201114960268,,,6.752324113636667,3966.560263332884,0.23295908388946818,47.16814368946173
4418,,,,,,,,,,,,,,
4419,,,,,,,,,,,,,,
4420,,,,,,,,,,,,,,
4426,35.930076599121094,2935.2513388649504,61.45521000506272,19.02580568271302,26.33006773996468,1.7751233349688842,10.083904308122595,1659.7572749964254,11.94794475822853,,4.558391585047912,2425.2402501185375,0.6545128851525073,0.0
4427,32.66226577758789,2288.8546544955275,55.64236944436285,16.773777908254985,25.934853789979595,1.7340703537313136,15.742982921013478,1373.967083651048,18.37313821235837,,3.9174295721081944,2088.731350200102,0.6892046559941772,0.0
4428,33.69070053100586,3313.3977048239753,18.502920812742513,88.34251687368524,113.80031051930052,1.433337657109737,13.350118626728182,16606.750002264704,68.36614403360242,,5.504067383101725,3563.9440706534974,0.2934604290775522,42.00835805724955
4429,31.74102783203125,1811.224340943782,38.50309492278344,26.798483240233928,46.42132475359017,1.241227514112777,18.756601296572885,2774.567641443142,39.181782602781915,,3.190895228703588,2364.2939807680496,0.5554498104903668,0.0
4430,,,,,,,,,,,,,,
4431,,,,,,,,,,,,,,
4432,,,,,,,,,,,,,,
4433,33.02718734741211,2589.802759469182,16.53182538020129,89.03158028719162,125.91838516898432,1.244190268190028,14.563510285053448,16801.425042882664,82.5216163868621,,4.510747378874118,3210.964871900799,0.28326380673933044,45.02213801177118
4434,28.782968521118164,2982.8403319792233,25.916529781366094,40.29521659304547,54.946765063480434,2.01968976763384,50.116123426232036,5115.760890268384,123.91734869071018,,5.683585475244062,2629.7130946485167,0.4492196172124278,3.307275139519034
4437,,,,,,,,,,,,,,
4438,,,,,,,,,,,,,,
4440,21.248716354370117,2831.366938669386,16.671182769590136,50.437020083592905,71.14970564380654,2.381032515849988,inf,7163.976048952868,,,7.111345751443365,2825.715614809453,0.43916784016824373,7.36950933674508
4441,34.32204055786133,3089.553303733403,27.47581088609698,42.703220036471244,56.83736661256387,1.8619565914670362,12.188619908336902,5581.114494763514,31.174607620410256,,5.060598403739952,2513.468047488472,0.5497928152466154,0.0
4442,39.03865051269531,3248.0658128283244,74.65982589611275,20.575988487142897,26.56462658555833,1.4950721152624151,7.424624772937087,1866.6850875632886,8.875457308393178,,4.788750605405552,2936.8618216468285,0.4419327510384702,1.5920452562027363
4443,,,,,,,,,,,,,,
4444,32.84867858886719,3396.645577876603,12.831919951461455,128.5525162127116,165.737861641669,1.4560054870462318,15.379952788272206,29150.826203286964,114.70682192751272,,5.694199724395313,3706.040553324932,0.3155802787947098,54.63255350537694
4445,,,,,,,,,,,,,,
4447,,,,,,,,,,,,,,
4448,30.22724723815918,2077.2778579522987,17.992785635176215,76.44599412783612,121.40757699095033,1.067889842220705,27.25101002884454,13367.866346039322,148.88155941711463,,3.894955707323162,3259.2340407030324,0.22875741397952126,56.09103899564956
4449,30.417766571044922,2095.3252136780557,8.20601930646608,154.25020635968957,240.13650225683233,1.170518152237923,25.505037072158597,38314.982032785454,275.61106765975524,,3.9679893373172233,2955.8147345798957,0.2812315196841911,84.48855756817265
4455,,,,,,,,,,,,,,
4456,20.36549186706543,2799.6301129301455,5.219838315521489,166.90892652056004,235.9334252281614,2.272213016604495,inf,43127.00921661045,,,7.3491649972323705,3042.825911545357,0.3701348118613833,71.04164710287766
4460,27.049654006958008,3325.7371307840504,59.74232189074157,21.599378672659718,28.042490258995045,1.8224245847834502,1804.7623716243027,2007.6679372410172,2277.4514051733886,,6.673753329780607,3450.881833311351,0.3211064003602425,10.518202396963298
4462,,,,,,,,,,,,,,
4465,32.56230545043945,1730.626713230531,40.79850561255824,16.45452505954859,28.33228040475766,1.8228830132928284,15.733240311269878,1334.9285543235394,20.05913592784507,,3.0671479756594007,1479.0415728975395,1.2533612877781641,0.0
4468,,,,,,,,,,,,,,
4472,21.86685562133789,8540.361125835543,17.333057284551476,94.17430654125883,81.43287674331174,3.699590315843479,inf,18277.998698247426,,,19.6059457237154,5532.142831119857,0.20980852868532188,108.15419347807035
4475,,,,,,,,,,,,,,
4477,33.28590393066406,2683.9151345139294,41.275610060253804,21.879350406787903,30.950835700412213,2.101482882358369,14.111252472505393,2046.8293286786775,19.653977556159752,,4.559370602175588,1976.874387522459,0.8385219400729691,0.0
4478,31.540706634521484,2059.9084560485007,20.451653324036936,37.85568943647245,59.66802965174541,1.8813662119346775,19.248635167126228,4658.292294172637,51.68376602584727,,3.7610695756379084,1753.70749880104,0.9547555506153006,0.0
4486,37.22474670410156,5415.737810615178,12.9700296663215,137.8969088953029,140.80035461385947,2.1411501937548296,8.829172482972705,32386.334141486434,55.94177774472691,,8.140502846881152,3602.9901417394776,0.27846698797502717,66.20682599038106
4487,,,,,,,,,,,,,,
4492,,,,,,,,,,,,,,
4493,,,,,,,,,,,,,,
4494,,,,,,,,,,,,,,
4498,35.665218353271484,7231.057449613673,67.21267591136713,29.37101597724494,25.63388806404636,2.590100754834476,10.329209917955888,3183.526358013385,11.915001487211343,,11.417923867588382,4097.062960639302,0.24281474529676425,17.601783362998354
4499,37.17937469482422,3321.637805222084,52.19131388356618,23.765679018858155,27.478198158010493,1.893602505944009,8.279861574918172,2317.1563377624943,10.238205468442427,,5.635893841306205,2335.399376527072,0.5233472144930594,0.0
4503,,,,,,,,,,,,,,
4504,,,,,,,,,,,,,,
4506,,,,,,,,,,,,,,
4507,,,,,,,,,,,,,,
4516,,,,,,,,,,,,,,
4524,20.842756271362305,3162.7104630821113,20.050395066695476,40.62935499434292,54.40567919982248,2.745247947209263,inf,5179.524448352081,,,8.064921946961432,2793.7004786000707,0.5553547690215949,0.0
4528,,,,,,,,,,,,,,
4529,,,,,,,,,,,,,,
4530,20.961925506591797,4197.895621318646,9.19181689198551,140.24470415022887,165.6155610021566,2.302654625287569,inf,33216.946086822914,,,10.478779844485365,4436.908351283728,0.21761866874546995,157.684641493184
4531,,,,,,,,,,,,,,
4532,,,,,,,,,,,,,,
4534,25.899728775024414,3485.8339318718113,17.955687967187135,56.53575281316683,71.93209614175281,2.4280994251553834,inf,8501.875968629172,,,7.258715754439277,2831.754724987995,0.4451903432458308,5.826114984485219
4536,28.47825050354004,3694.060368491896,10.588131034289168,127.59664460945534,158.30063807041185,1.9334387982794305,60.87405159571997,28826.298307754387,433.638054429014,,7.019975623304246,3459.7808570657485,0.32434203607714,58.15765360964753
4537,,,,,,,,,,,,,,
4538,,,,,,,,,,,,,,
4539,,,,,,,,,,,,,,
4540,21.090606689453125,6432.518038130736,64.00843994534394,19.896113451679106,19.4717833916319,3.5715811630646974,inf,1774.9346540899487,,,15.560555380623024,4421.830016727661,0.2768206818282809,16.620152242986286
4541,32.89078140258789,2960.18659013848,23.44930031543638,69.55460579848476,94.96767831882883,1.2833594320558772,15.17114300414531,11601.62533166977,64.83457028459799,,5.0137706937861255,3636.364371579343,0.25427576614922204,42.20584879801136
4542,28.08026885986328,1586.42055154248,41.40278447043512,26.20898965131081,46.457916077673744,1.03376898977756,80.22252674619904,2683.5235733215354,167.71371368012333,,3.261626490681195,2711.113802545119,0.29419896404487766,14.216768511437586
4546,35.949302673339844,3744.013122236936,108.23407485359627,16.673939294619576,20.37284460291534,1.4669663066490484,10.045888078383287,1361.7184434183514,9.209849252363213,,5.8284369207020115,3735.426906943702,0.3123597595965994,6.671592619674746
4547,34.39334487915039,3840.5020581075482,51.288900509721174,32.87336653996574,39.313640657187776,1.6106657846497867,12.083978746087725,3769.608681158113,21.37793391597543,,6.268038739269441,3608.9452267956385,0.3056790192706481,14.212533697373294
4548,,,,,,,,,,,,,,
4549,21.6805419921875,4309.60907735596,23.53790937081865,44.727420606453315,52.07660124021958,2.894550558135323,inf,5982.61114790742,,,10.428041409260167,3506.9079888470715,0.34626497434267145,22.446192961340767
4551,,,,,,,,,,,,,,
4553,,,,,,,,,,,,,,
4556,28.4063777923584,3188.2242736270114,16.215872148717917,71.22153752699352,94.47442039407522,1.9520107703838032,63.739139562381986,12021.177591136326,270.97732199578985,,6.113703133660081,2953.112524854803,0.3645977342989954,23.39451873914759
4557,,,,,,,,,,,,,,
4558,27.779560089111328,2853.496306597432,8.901180430291733,115.45582304349416,160.61077393845474,1.9633551725441936,114.46388540308638,24811.54212226488,827.2859950166533,,5.6294226749891525,2670.1343196437315,0.46497086554741024,4.733565393230721
4559,,,,,,,,,,,,,,
4561,,,,,,,,,,,,,,
4562,,,,,,,,,,,,,,
4564,28.356449127197266,2703.41538128205,6.853157477345735,161.50635693176497,230.12975861397956,1.7270998646443438,65.6741326890707,41050.11962871614,680.1107536313236,,5.249361865758007,2817.0973173561783,0.39715980188310623,37.15036728658178
4568,,,,,,,,,,,,,,
4573,25.99379539489746,7720.089661868479,17.352251834605713,89.07513866611279,79.48350543523756,3.531791015013414,inf,16813.756605598515,,,15.350810079225848,4403.458009218568,0.26442723491935644,65.41656772187088
4574,23.87700843811035,7183.912199754672,87.3715652604192,29.742309304725858,27.572135252960273,1.954794984600097,inf,3244.08350172669,,,15.433257607465999,8025.9829396267405,0.09311584938095822,51.40096696494954
4575,34.19215393066406,2234.7167944954335,20.852596101255745,45.89957211058031,66.33690287250734,1.6509682703495978,11.855928803622206,6219.320688952658,35.391851887916175,,3.976835502416086,1965.7400274294482,0.6352647896904682,0.0
4576,,,,,,,,,,,,,,
4578,,,,,,,,,,,,,,
4579,,,,,,,,,,,,,,
4580,29.769325256347656,1381.1308204334416,30.693766727219426,18.848800138587112,35.48802604119248,1.688052390798168,31.143490247365587,1636.6490391211942,49.734944681046024,,2.7163018708812627,1363.3135226312595,1.4065604910853795,0.0
4582,31.795862197875977,2822.5921623258114,112.6731906350443,7.631207846976964,10.504880837049061,2.321235791549521,18.458132661577984,421.61875276883626,8.725521783794399,,5.00482360632248,1958.1889209611704,0.815574353865159,0.0
4583,,,,,,,,,,,,,,
4584,40.6004524230957,3463.6479714244283,35.087543333698044,50.728644007920515,57.1892856783595,1.3759813023681575,6.20743527832741,7226.198315190232,15.974945525798697,,5.480968033786619,3104.333720088033,0.2791800675782779,20.999866336620336
4585,,,,,,,,,,,,,,
4586,,,,,,,,,,,,,,
4587,31.631311416625977,2707.1444512575385,20.85402096148389,64.6261104900619,91.44529537764465,1.4203605704460314,19.185187817015446,10390.63343402243,78.94778250611553,,4.790527817905808,3095.328740870424,0.3283277628346142,25.670288807091147
4588,,,,,,,,,,,,,,
4589,,,,,,,,,,,,,,
4590,,,,,,,,,,,,,,
4591,,,,,,,,,,,,,,
4594,21.779739379882812,3524.224819299612,8.756810128520327,112.35982825817881,143.22764029329576,2.5327458225378874,inf,23820.265386121733,,,8.575946372611176,3244.688320161072,0.3536272025483681,52.494951176787424
4595,34.665931701660156,2655.33689780208,39.21038687297141,26.74928682577091,35.373770202518756,1.7901577276186151,11.110662205836249,2766.930859534678,17.686170525017772,,4.680846904473152,2125.1345091622966,0.5798395704471476,0.0
4599,,,,,,,,,,,,,,
4600,26.491989135742188,2348.35878849159,8.48067761846432,149.903528615805,226.16032380688998,1.3061920680335295,inf,36706.90599163373,,,4.919921686423994,3419.195058554947,0.24294008600867636,116.34625238043392
4602,,,,,,,,,,,,,,
4604,24.087982177734375,7891.178851945137,19.269083070262976,78.19320821004445,69.36709968753163,3.7033674709859703,inf,13828.769700079447,,,16.763492874774027,4622.9560075637055,0.25450390412697116,65.2187757446081
4605,22.254812240600586,7104.412361065876,16.83644152015662,65.43297206504482,60.90472090625284,4.560014358272085,inf,10585.83124235872,,,16.33692819149603,3633.3923530801117,0.4352801266923597,10.298634237675818
4606,,,,,,,,,,,,,,
4607,,,,,,,,,,,,,,
4608,,,,,,,,,,,,,,
4611,,,,,,,,,,,,,,
4613,28.95611000061035,2413.347205709658,17.546226287948674,53.06789443350184,77.86096486640749,1.8326909172506862,44.83576069321263,7731.749598611995,157.09300146417968,,4.7253895679929,2288.7355477201672,0.5966201484105521,0.0
4616,28.13385009765625,7899.948973623147,31.75422217661197,54.9265538897407,48.28358654771152,3.2027678263539583,80.98864661113541,8141.483064352287,175.96900476138507,,14.651060968470299,4609.356710376861,0.23315614847557306,43.98963711369671
4617,,,,,,,,,,,,,,
4618,36.97887420654297,4517.181404614109,14.143976822439347,131.22407371668754,147.24713824204196,1.720946946134292,9.063361464330693,30064.242751519552,60.054931731415394,,6.803558605004738,3768.1201976945868,0.26820240968844294,67.26916068882662
4619,28.717529296875,2866.4901480127933,27.210708689621484,47.0137905688729,65.34945021303288,1.5844200676311904,52.00364717948898,6447.151833729177,152.92843885134644,,5.4772012814551285,3226.7782897292072,0.3598784061417351,15.904704822858012
4620,,,,,,,,,,,,,,
4621,,,,,,,,,,,,,,
4622,,,,,,,,,,,,,,
4623,,,,,,,,,,,,,,
4624,,,,,,,,,,,,,,
4627,,,,,,,,,,,,,,
4628,34.481082916259766,2701.208915735023,27.059238854951122,55.2894643283752,77.67914783558608,1.2766892987820353,11.842092330585002,8222.30474545126,41.39476383735776,,4.464613316196313,3168.209884513205,0.2858716412881106,26.726911587939096
4629,29.439022064208984,2766.386448454323,7.0550723839005505,155.11545977656309,217.00403510898846,1.78748041595773,36.389438839041375,38637.82066230639,355.3494778540675,,5.226476347978867,2681.0981366476785,0.4376185737230946,17.16469088595329
4630,,,,,,,,,,,,,,
4632,32.48300552368164,2907.9719033315127,27.382535934414935,32.66604708512082,44.60839950376952,2.298819954253792,16.214442438061955,3734.0047945083124,32.5485146703574,,5.023968895620935,2006.4610336967269,0.7813753528951372,0.0
4633,31.973735809326172,2333.1007126423224,9.535339564578942,105.21362005414882,156.88985149835727,1.6444109558892797,17.644940755782933,21584.298622845097,124.57404606924433,,4.17964173200637,2253.676674348454,0.5443528503206291,0.0
4640,,,,,,,,,,,,,,
4641,,,,,,,,,,,,,,
4642,,,,,,,,,,,,,,
4644,,,,,,,,,,,,,,
4645,31.94408416748047,2063.658147764818,36.93050237968567,34.70646851450582,55.25461944570371,1.1384844886803505,17.792294313310485,4089.268559382398,44.23979031065681,,3.6848191026302657,2888.422780613441,0.36439393183720903,10.066368140473967
4646,30.827735900878906,1864.7215405016452,21.749363053735717,48.956436055876495,81.133422333341,1.2383478445903071,22.831932635073837,6850.853605411065,83.35947749255267,,3.4741162793460387,2462.4996834624935,0.4436789720606343,4.367929452820283
4647,30.305788040161133,2416.847074347339,8.607487987948629,152.42074256888677,226.35053912040047,1.3026078021490262,26.734925399131328,37635.362660675244,272.3159149846678,,4.482427354039254,3116.6682636483765,0.27755993174768845,86.74636138833876
4649,,,,,,,,,,,,,,
4652,,,,,,,,,,,,,,
4654,31.396570205688477,2374.658504476029,12.80946310357038,109.71454584043386,162.94269271823768,1.1947884859229307,20.010553828176143,22984.036899494055,146.72580855958168,,4.3034117145587825,3217.7767951651094,0.2447036495628217,71.84351035826012
4656,29.569717407226562,2085.7604894875067,29.34143434724403,25.882810140004175,40.89614060025149,1.942033295738942,34.157212669263345,2633.583760934299,62.86041773256984,,4.0019894915243945,1832.5697813029135,0.7883658086913373,0.0
4657,30.678064346313477,1611.0895066519943,41.97005834298649,25.85245050093059,47.5617547199217,1.0499373441799187,24.189273329427277,2628.9514662901815,51.771792822631376,,2.9217141944874943,2565.961335576243,0.337774874680599,9.851340500824811
4658,29.954944610595703,2198.05807103816,11.842944394492092,77.43087523154887,118.95657072616031,1.6949242980499593,29.67583444372323,13627.031132091715,158.8560974488164,,4.175932981977847,2184.6041573238795,0.5987911576384756,0.0
4659,,,,,,,,,,,,,,
4662,,,,,,,,,,,,,,
4663,31.00899314880371,1102.0793489231073,26.0771730729907,20.436661313311696,45.41859302603939,1.4622694598495765,22.184133218252192,1847.7572591327023,45.3407453223857,,1.981144224850721,1247.5505275444384,1.5093238296769715,0.0
4666,,,,,,,,,,,,,,
4667,31.430206298828125,2455.110842438625,6.159620660026529,199.60908479809748,294.7557143191297,1.4119581873187586,19.983329351587656,56402.77228949357,265.05902328757423,,4.39662221581053,2830.021323819631,0.3531671484349474,65.3483949802028
4668,35.00101852416992,2729.688922259429,30.50556944199235,54.05579452927113,76.33167751610938,1.1705144192414927,11.142539459263554,7948.6500747367745,38.27379279217632,,4.407353183921697,3466.9949816952694,0.22524856828862624,35.796577532235375
4670,,,,,,,,,,,,,,
4672,,,,,,,,,,,,,,
4673,,,,,,,,,,,,,,
4674,,,,,,,,,,,,,,
4675,,,,,,,,,,,,,,
4678,32.87503433227539,3087.221085628442,19.354436107918787,79.10488295363177,106.29717422947142,1.4258338439675007,15.255616177655293,14071.323062135341,72.97330008663754,,5.204810407329558,3424.78326224023,0.29759772898601544,37.62013577318584
4680,39.91352081298828,4209.947076825568,64.1011768232241,23.11744020480244,26.947270799019158,2.008888778481244,7.039205079289393,2223.000754538607,8.535931446664906,,5.927401230923769,2825.0290884654114,0.3967328284907328,4.004541714112253
4682,30.304655075073242,4106.654621862602,28.56353118720503,44.06421179145971,51.695066818210705,2.30714706701558,27.196349618723442,5850.04227697211,63.26626998380974,,7.396424387773455,3040.64425550127,0.5184229012551423,0.0
4688,,,,,,,,,,,,,,
4689,,,,,,,,,,,,,,
4691,,,,,,,,,,,,,,
4696,30.23354721069336,2669.399820772324,25.412356689106016,40.673858677360535,57.83868903807932,1.8261578366610678,27.43055195790635,5188.036927503234,71.39462241763005,,4.9302402921371575,2469.6692411920026,0.475474695397927,0.4591955533586951
4698,31.79498863220215,1991.9310629813153,20.14748654028332,42.75276386856866,68.65820672015566,1.6352126417060295,18.25000454015821,5590.830037923598,56.385566296288275,,3.6039780017970102,1939.2453134303348,0.8868834447575286,0.0
4699,,,,,,,,,,,,,,
4700,34.99947738647461,3966.871517125222,,,,,,,,,,,,
4703,28.65223503112793,2188.994065562063,10.400255782429005,107.45176602242867,167.59014036915772,1.385070910422183,53.45450464587378,22276.67312216488,403.1301571634601,,4.274566616874149,2793.1172923123527,0.3685600780456053,33.23161463935005
4704,,,,,,,,,,,,,,
4705,,,,,,,,,,,,,,
4707,34.133785247802734,3703.5183792342145,9.349527504510059,208.21062942081943,256.8356234610641,1.3452622202003155,12.613294460943083,60087.528512120836,145.77945060484362,,6.007305814175845,4225.462547792882,0.21632631860271348,148.54181658656813
4708,30.26414680480957,1313.3169764104357,19.370068066417875,34.59477853434206,67.59416022291711,1.38583925452822,26.606666586060697,4069.5447431057396,80.93048778971647,,2.5145064934107433,1566.2621579989977,1.1114293763193732,0.0
4709,31.04849624633789,1393.2616217015882,24.733416790147043,30.38193223619665,58.394611333880455,1.311046724390494,21.619443936240327,3349.2925373584962,56.81065616601177,,2.572732178959336,1729.1906901869354,0.8528984388953923,0.0
4710,,,,,,,,,,,,,,
4712,,,,,,,,,,,,,,
4714,33.303184509277344,2030.1401472522332,8.403593953959493,84.66799191930812,133.81856341520864,2.017561130044877,13.8438474881971,15581.486408455425,83.36537023544012,,3.5475205600009945,1531.4920537988337,1.2296654056358636,0.0
4715,32.712623596191406,1828.2477182286527,23.902008876976826,38.64795452255179,63.960429117691305,1.3994556036047103,15.214188430541407,4805.291806723815,43.789770931267924,,3.2665011504171253,2012.8278397545216,0.7631522898772706,0.0
4718,22.65662384033203,3460.0210640607584,11.612527160435333,79.25478595467804,101.28761928131794,2.6583459898648254,inf,14111.339540005298,,,8.16394189077526,2912.3891833740963,0.5175925712958709,0.0
4722,27.585338592529297,2124.9365570529926,6.675536025827024,167.82460656897652,258.5653863926552,1.3411865470707942,148.54940916339078,43482.39453614312,1728.4380920429749,,4.414672053503898,2854.8511871076716,0.34991578645118415,62.51950187864749
4724,,,,,,,,,,,,,,
4725,,,,,,,,,,,,,,
4727,,,,,,,,,,,,,,
4729,,,,,,,,,,,,,,
4730,,,,,,,,,,,,,,
4731,21.890907287597656,3503.1037308745063,15.780014565564308,54.755760697819014,70.29539483951868,2.866822359719659,inf,8103.5388931306,,,8.448750313664991,2842.268229505391,0.5575702668801372,0.0
4733,36.71079635620117,3149.205013564975,25.44885739127419,64.55682494798856,78.49846996341259,1.3554249811487373,8.793710833333412,10373.928243034215,31.06317805728114,,5.275078902047387,3169.821069206379,0.2677637102832351,31.52680125754785
4735,,,,,,,,,,,,,,
4738,33.50815200805664,3248.948660768129,74.75044722883108,15.58711570739425,20.34838203895197,1.9717338679294627,13.750463368448363,1230.7749107857778,12.590985682521074,,5.403941213687441,2557.729022220029,0.5807303629088342,0.0
4739,34.03666305541992,3301.3171723800288,81.34892712114068,21.72477368047226,27.992027910815214,1.320885469468319,12.685330402966745,2025.1765359653587,15.978965521399106,,5.443488445028929,3815.2856978264913,0.28115953165358815,11.005500988270901
4740,,,,,,,,,,,,,,
4741,,,,,,,,,,,,,,
4743,,,,,,,,,,,,,,
4745,,,,,,,,,,,,,,
4746,,,,,,,,,,,,,,
4747,,,,,,,,,,,,,,
4748,,,,,,,,,,,,,,
4749,36.1857795715332,5007.671958277706,38.58852477907647,41.66064581649173,43.530891944844,2.2026053997282524,9.727866011296067,5377.977645896762,19.05582078862423,,7.837584297982053,3287.9297102087767,0.326890622777742,14.890345291645101
4750,29.716068267822266,1035.2119350912544,17.580352017290664,27.680554101808,62.082905363389614,1.5042219656621383,32.318350005898886,2912.675916517671,90.2887679212705,,1.9773458841978688,1169.0302543048304,1.6572888890009607,0.0
4752,21.654787063598633,727.6942864363972,33.10290162360211,10.00982918379767,24.30701232415225,1.5528919457510495,inf,633.388239383887,,,2.056901646185864,1011.7571060266521,1.8234864140906673,0.0
4754,,,,,,,,,,,,,,
4755,,,,,,,,,,,,,,
4756,,,,,,,,,,,,,,
4760,,,,,,,,,,,,,,
4762,21.83127212524414,4670.803334241933,29.960603505674424,35.183366806356894,39.55400634361109,3.1332036974410364,inf,4173.842816123777,,,11.169465871800105,3498.6442455906454,0.36598568442699136,14.807587087043185
4764,31.622665405273438,2009.5162619378268,24.910142129043937,57.67909560411228,92.87145356881248,0.9889671807692952,19.004734864701422,8761.08025864233,79.42488082086194,,3.6280175204901983,3263.59318569952,0.2207714039249965,42.16194063870258
4772,33.3117561340332,2407.0480875913477,27.562060823894285,51.057929415058794,74.20461204707235,1.2094693954585471,13.835130828877357,7296.671483906207,46.19837320998007,,4.199860021670152,3030.544742154945,0.29978567213763796,23.058680053560238
4785,21.80451202392578,7179.460109536285,40.021721157973566,49.83913613015472,46.521775570850814,2.5451332294815385,inf,7036.970893535075,,,16.6976935972192,6738.68165316068,0.13346372358851552,79.59049008997793
4786,31.512908935546875,2422.3774432589753,19.665436912473268,41.84147501419373,61.75139436104826,2.0816908350587515,19.536540372445458,5413.03050768846,54.2883874045239,,4.359358079352566,1881.6464827774116,0.9226353612126856,0.0
4787,31.337646484375,2455.7695286376565,42.88836228924782,29.911341299405475,43.94890990223812,1.3536215421866675,20.352285803916313,3271.7780025161987,40.25073487954131,,4.430953875032613,2952.394294952697,0.3625816546550266,9.00930402393953
4788,,,,,,,,,,,,,,
4789,,,,,,,,,,,,,,
4790,,,,,,,,,,,,,,
4791,,,,,,,,,,,,,,
4792,34.36103057861328,2521.0026051413734,29.69570780384574,45.55712381393778,66.69632169372855,1.3176750348091235,12.080001849301116,6149.848854437895,36.25612602308204,,4.151794440261109,2884.602369842262,0.4030632142602068,8.124713493371972
4793,31.960704803466797,3407.515009690441,79.72604009818063,10.740004867579247,13.771847923971096,2.8139612185705376,18.084614161015438,703.9417329272402,11.207635019513944,,5.876038361678305,1966.9757079181795,1.0155765963977448,0.0
4794,31.207345962524414,3327.9121444848806,59.11308571119733,14.675970015024632,19.054365043928183,2.7124791514149926,21.322818160323443,1124.4501826005428,18.28317424464468,,5.859223753631761,2036.6934618204139,0.8473161484918864,0.0
4797,,,,,,,,,,,,,,
4798,29.840593338012695,1636.0756101464722,60.38556254501638,20.65177388095961,37.18429257110475,0.9276793616956506,31.065416155590146,1877.0076279228354,51.98154854276646,,3.0847162603402203,3000.1670623538903,0.2442181328052376,14.24458142147224
4804,,,,,,,,,,,,,,
4805,,,,,,,,,,,,,,
4806,,,,,,,,,,,,,,
4807,,,,,,,,,,,,,,
4808,,,,,,,,,,,,,,
4810,32.02256774902344,3285.822781977849,34.4765772546743,26.778638794771105,34.82672602308143,2.516613359018209,17.82109989033485,2771.4863348556923,27.92927534897962,,5.6793773903015605,2112.2744991542586,0.8386318521319918,0.0
4811,,,,,,,,,,,,,,
4812,,,,,,,,,,,,,,
4817,,,,,,,,,,,,,,
4820,,,,,,,,,,,,,,
4821,30.188236236572266,1780.833991987962,34.156893236770316,22.570969361507043,37.81523503525327,1.633352288684685,27.21601387467404,2144.644497265697,46.313098262708074,,3.4225461633359475,1804.5319446453695,0.7292781573162792,0.0
4822,,,,,,,,,,,,,,
4831,29.851318359375,1876.4081510647588,41.362623766583575,32.78507023193913,54.19563144699267,0.9784262932583684,30.65072248511079,3754.4313979520807,74.7510866724202,,3.5970751291373158,3229.953835376331,0.2240382174377284,24.73941433464283
4832,25.968374252319336,2956.957116341209,7.255167763116938,144.35686433433062,196.56788709179105,1.9963888205624563,inf,34688.550722609485,,,6.2313682538158846,2890.486427113646,0.3814309015484392,43.25464128646822
4834,,,,,,,,,,,,,,
4835,,,,,,,,,,,,,,
4839,,,,,,,,,,,,,,
4840,29.423297882080078,2341.466346946275,13.4076817731581,71.67758446615079,108.57942484245238,1.7228039848546133,36.54546130094996,12136.823533126391,178.56383258966616,,4.442795559680353,2350.473240277875,0.5456230994868847,0.0
4841,,,,,,,,,,,,,,
4843,,,,,,,,,,,,,,
4849,20.37444496154785,3226.6902598992497,12.806822003828545,71.69769724095644,95.13587685916558,2.4848243793183893,inf,12141.932291818795,,,8.401451557755072,3219.7554190349592,0.35238723183400433,35.99686314818334
4850,22.13136100769043,3229.3253754380066,21.928092299212466,41.73916280222173,55.11928513189622,2.4948947148102656,inf,5393.188457472565,,,7.804596560599556,2958.513899139249,0.410855332331919,10.095318546318529
4854,,,,,,,,,,,,,,
4859,21.1295166015625,3109.134473872051,10.59336932822185,77.96743489324095,105.2052030904912,2.6618105881534087,inf,13768.919635042752,,,7.8325633037999705,2794.310645104433,0.5482065149470793,0.0
4860,21.279808044433594,2822.2306035434694,24.59451652205411,34.06273964735516,47.83727260950248,2.382098054216894,inf,3976.0273058845655,,,7.121660005482994,2801.670677894221,0.4595797705451117,2.4494163584523596
4861,21.088092803955078,2739.6471014548483,14.663039286470465,55.3989677214827,79.23850522350946,2.3848109430580884,inf,8246.743829980387,,,6.949190027462518,2745.560505077012,0.5013656004940675,0.0
4863,,,,,,,,,,,,,,
4864,28.391536712646484,9385.281488433318,30.32568349930108,70.9864711850404,57.69776068681299,3.082805459339781,66.28718599433078,11961.712966193956,172.10799873464217,,17.126994093783146,5666.8218079106955,0.17610967519271134,73.67754161129427
4865,20.793437957763672,4461.231057988553,39.814866896582416,36.676745335906894,42.19977103345758,2.160248246029552,inf,4442.384859675057,,,11.17290183062398,5077.758015672978,0.1642139830728396,52.938969283704964
4868,30.3093318939209,2013.932778021755,12.77713182581436,108.3095064899258,170.9561166960093,1.0290347003962943,26.249206328637,22543.942140513387,201.93580711332416,,3.8493251516615508,3230.9190857460817,0.225938315661831,79.38028279946643
4869,,,,,,,,,,,,,,
4870,,,,,,,,,,,,,,
4873,,,,,,,,,,,,,,
4874,21.387550354003906,7928.992732722905,31.805980456509133,48.64376752517988,43.46818183896568,3.623823441178029,inf,6785.327311459552,,,18.670052263601526,5342.286226978881,0.1800217801288015,65.10157678564036
4875,20.690643310546875,7921.905194809313,23.98680443941695,60.71152467323401,54.393292203705485,3.846547579954511,inf,9460.992650193897,,,19.21126640225597,5196.416965328412,0.2015377145904432,76.26168578157012
4876,,,,,,,,,,,,,,
4877,,,,,,,,,,,,,,
4878,,,,,,,,,,,,,,
4879,,,,,,,,,,,,,,
4880,,,,,,,,,,,,,,
4881,,,,,,,,,,,,,,
4882,28.15208625793457,3076.6520930429388,20.30454664114734,48.96463785739752,65.52962866635924,2.1882026893375315,77.40874304869033,6852.575290015883,228.26547843796322,,6.0020516221935765,2550.1646999137893,0.5697357232074486,0.0
4883,,,,,,,,,,,,,,
4884,,,,,,,,,,,,,,
4885,,,,,,,,,,,,,,
4888,23.80801773071289,3959.2660531323977,20.616500741390183,55.91378075353457,67.21465551512937,2.428655275866807,inf,8361.963825794552,,,8.859685876920448,3493.2396518729092,0.30692338371045835,33.948845572742385
4889,22.274250030517578,3752.58491894938,31.894297878252882,31.937348140219093,39.53809391859983,2.604975436972019,inf,3609.7595524001185,,,8.919677279498107,3292.2791539587406,0.3750022824449117,11.985815001100793
4890,,,,,,,,,,,,,,
4892,,,,,,,,,,,,,,
4893,,,,,,,,,,,,,,
4901,31.24747085571289,3296.436619689717,25.060149578431606,59.849617361697895,77.98698971321535,1.5541205214745692,21.108124509517264,9260.236169650658,74.07715900450462,,5.803657209594491,3514.781637887561,0.3404301073546121,22.13800185634335
4902,,,,,,,,,,,,,,
4903,32.674842834472656,3118.447594265391,20.28651372983475,70.30400386242192,93.74814655248032,1.5460942817626027,15.768047366135258,11789.627521279785,66.52013468971049,,5.300086093085475,3202.8471838071737,0.3577330563237514,21.583165527512268
4904,,,,,,,,,,,,,,
4909,30.48719024658203,1915.2916562724306,39.16048391774973,29.418367789681596,47.81536946167332,1.1755829963000934,24.97185828409578,3191.228159239069,53.731738349936435,,3.626190987100782,2681.8721686435006,0.39003003872980585,6.7509934044423865
4913,,,,,,,,,,,,,,
4914,28.36629867553711,2441.1206477055152,10.271012743523032,103.38204623623494,153.55790054693614,1.625608099057623,64.84846821899674,21023.144795732027,448.1097585027232,,4.783684872157176,2687.1290917257907,0.42550553931044116,15.29830559550978
4915,,,,,,,,,,,,,,
4916,,,,,,,,,,,,,,
4917,,,,,,,,,,,,,,
4918,31.456350326538086,2826.4898847504874,36.605716727026994,31.05908221784605,42.88805549976093,1.7579029897499516,19.90437010837913,3461.887281595186,38.414687845317594,,5.041008232763453,2619.9904689807354,0.5739724761948246,0.0
4920,29.443851470947266,1377.3554557853736,41.97084372247529,13.518029647595194,25.817973649296487,1.7166032935704116,35.549893234027515,994.0313638805025,41.302179303814164,,2.7009384807347243,1360.422767545487,1.3526660035123181,0.0
4921,,,,,,,,,,,,,,
4924,,,,,,,,,,,,,,
4925,,,,,,,,,,,,,,
4926,22.16897201538086,3452.528881197082,9.777290768709372,100.86040577125124,129.55333494432963,2.4756148572959673,inf,20258.676161305782,,,8.283137075384278,3192.9017009847466,0.3567178125522064,45.043326561810005
4927,31.057723999023438,2852.117277069227,37.17294719039404,38.261841821827545,52.94859225573031,1.4179454224586667,21.93956376027004,4733.461004138585,52.2751057115011,,5.1111026376894575,3328.056308088401,0.2766660285472738,21.55840794481356
4928,30.14265251159668,2574.2393852769446,12.631998395240814,79.29097492009865,114.40016196722968,1.8173480663524868,28.164387072072444,14121.005828234547,144.99046992387767,,4.784871265286199,2394.717710164647,0.5408585228718241,0.0
4935,36.2184944152832,3150.8730863698643,31.72342940976546,31.49965037131325,41.48201535356871,2.229615883268722,9.692110738671596,3535.807362080597,18.092172891152853,,4.928995374645979,2041.817364327142,0.7604553126152203,0.0
4936,31.898189544677734,2543.5223331126786,12.916319351120798,78.58699343055456,113.60384821112912,1.7718669572856494,18.041082875051533,13933.364757889205,92.22913982257899,,4.5111710562789025,2300.9296385813254,0.6439156602725792,0.0
4937,,,,,,,,,,,,,,
4938,29.730743408203125,2585.4222824903977,13.7992206104474,69.85282527876637,100.6657868036096,1.8966096478429244,32.42737115748132,11676.319233280705,146.894707419324,,4.861141449784412,2334.8991058035836,0.5610247161301164,0.0
4943,,,,,,,,,,,,,,
4944,33.21058654785156,4777.6336646138125,25.37227374487524,60.97590186607238,66.5591959977914,2.1836359090519224,14.521092519322861,9522.858789013779,43.493050939305284,,7.89925018388403,3450.3167679399394,0.3556609616954621,18.930773519537446
4948,,,,,,,,,,,,,,
4949,32.75786209106445,2892.681559825473,39.86805539709733,22.855628848696423,31.205579030806337,2.2447470073852034,15.417968955568263,2185.3437388907737,21.650699193187677,,4.9742543818471265,2025.4574099930476,0.7497670066158745,0.0
4951,32.223731994628906,2425.240700511665,27.716467044945517,44.720316977655195,66.19539236350121,1.383557159477301,16.918264151288536,5981.185963060418,50.39600101217557,,4.2631320278082585,2784.0870017646166,0.37247202844647365,11.963537821285419
4953,,,,,,,,,,,,,,
4955,26.744117736816406,2894.709142425077,15.343246251028475,61.49365954224842,84.83559528934637,2.1694135109106845,inf,9644.406437472688,,,5.9213646822378605,2537.2671376427143,0.5258617357057997,0.0
4957,27.709701538085938,2577.0895123914224,15.137167648421004,87.76651257742168,127.41447730209838,1.3716428466951196,125.13736592816299,16444.59789466643,717.4940431814236,,5.138253534380156,3443.4737271411104,0.25979592639694365,60.1262069844965
4958,31.98419761657715,2118.7142065492058,20.728038196773973,40.95449182618827,64.3032434609446,1.7648087123377352,17.642270408318396,5241.822466183607,51.05048441714623,,3.781577842758237,1910.120332540645,0.6968105920639565,0.0
4960,,,,,,,,,,,,,,
4962,21.509366989135742,3525.0907088571453,11.846230307016919,87.4841536832018,111.33278626977186,2.405169747204665,inf,16365.304406851992,,,8.6940470162086,3455.4762272453427,0.3043806848477125,59.412105029021575
4963,,,,,,,,,,,,,,
4964,27.700435638427734,2498.5644117155116,10.060411777637123,95.56003253579104,138.72409204807914,1.837737621172869,125.67426126872547,18682.906015273747,784.5321504742659,,5.061090854019155,2470.5930390543604,0.5057516506671288,0.0
4966,27.73689842224121,2566.4478306747,19.075560313168307,65.0210741492806,94.93866671524152,1.4631403910366125,120.7732019137604,10486.032642612661,515.972104408038,,5.093609849327532,3218.6745814000283,0.28553911629708395,38.59255347229983
4969,27.461088180541992,2751.8369217415534,9.069522279601035,111.15839846585423,157.32416869567052,1.9301052966391852,193.42229558318792,23439.23412965736,1369.3500836924986,,5.491687212757855,2646.0076033891933,0.45776657713459784,6.836920565117236
4970,,,,,,,,,,,,,,
4971,,,,,,,,,,,,,,
4972,,,,,,,,,,,,,,
4973,,,,,,,,,,,,,,
4974,31.273345947265625,1412.8471636990932,13.060950178870122,59.42042256952387,113.17157009936044,1.2872700870951514,20.458942502225057,9160.804175717969,104.19167904972063,,2.59754496505042,1772.1768429411604,0.8426035952832587,0.0
4975,29.800844192504883,1440.3403599228477,20.70736293471894,43.48776713216101,82.60882650142032,1.1309886004095724,31.32356878949771,5735.623822883896,116.44214667916143,,2.7467211305348327,2156.5096453973083,0.5318511980365779,0.0
4977,,,,,,,,,,,,,,
4978,,,,,,,,,,,,,,
4980,,,,,,,,,,,,,,
4982,,,,,,,,,,,,,,
4984,31.04732322692871,1235.5268492142004,19.53098705760964,34.24375976611011,69.42590797154048,1.3062657978094585,21.54312662115891,4007.764168350875,67.304300679892,,2.2968697050753253,1533.212523302656,1.0444646536345523,0.0
4986,,,,,,,,,,,,,,
4988,,,,,,,,,,,,,,
4989,23.05155372619629,3803.6995448599946,6.216884368666277,191.57740880894764,235.76615794987703,2.258260936347955,inf,53033.02964576208,,,8.744895531558818,3728.159009348878,0.2595862667787313,158.67952543464108
4991,,,,,,,,,,,,,,
4992,31.229032516479492,1262.5466095114073,15.50223937520333,41.21113485249126,84.46732723351434,1.3974085925226234,20.87652905038485,5291.171724975761,79.35230748594715,,2.284652345104791,1475.0796100354808,1.145103692470749,0.0
4993,,,,,,,,,,,,,,
4996,20.545305252075195,3403.1011879677862,14.42223245222599,91.9596992637573,119.30385327678424,1.8143866067047074,inf,17637.064743375973,,,8.754351516204522,4624.344799402956,0.20846264755623417,109.33430761335279
4997,27.002422332763672,3261.693617473139,32.12771672030257,37.44403095882549,48.90508623421518,1.917192443021244,36915.70589070949,4582.514935807489,81241.46009919328,,6.5804183413553385,3215.4498598786363,0.327995365285704,17.351057491314506
4998,,,,,,,,,,,,,,
5000,31.2408390045166,2267.2735130885612,31.56821418489254,28.328282153281144,42.9426316985761,1.7927455895696618,20.712571296776222,3015.5070959077398,40.0253544327582,,4.13815321526558,2053.5884524560042,0.6186693488751451,0.0
5002,30.211456298828125,1678.6266101454555,54.708906022446094,20.04308392099284,35.953263645918916,1.0824716478987788,27.62416361395987,1794.6378084304044,44.693047683481474,,3.101380539019584,2622.2194444340503,0.42474094514022637,2.8432792336106076
5004,33.8265495300293,3863.0597873203055,17.147094057186344,91.66337713385371,110.28152596869418,1.7379210675164702,13.148877005471267,17551.885470976802,65.25351994221202,,6.340724120651725,3431.304738534886,0.31281112882333084,38.566577889489864
5005,,,,,,,,,,,,,,
5006,,,,,,,,,,,,,,
5007,32.28314971923828,3095.9286975250566,30.903396905447313,29.37720747186278,39.03357197384329,2.4113442834437335,16.86383603012982,3184.5330558271125,29.621509084672383,,5.357081137355323,2052.3050057728487,0.8018039910479408,0.0
5008,32.71466827392578,3267.7887422748763,76.81002610773376,20.260397681011835,26.47786557667138,1.4848175635061476,15.687600791567537,1823.9038671074647,18.691838324082394,,5.529909208789191,3497.438629211637,0.2813196000824353,10.67489064593717
5009,33.42283248901367,2656.5524385672647,24.276966155443432,45.44779916493596,63.61075042746389,1.7025352998058216,13.687792083771933,6127.725205129316,39.18108267647246,,4.5679695829155005,2384.898611151917,0.5327378294200167,0.0
5010,31.5477352142334,2024.4144076965147,15.74347432355507,90.87534168885989,146.51352390640002,1.0005476693866713,19.372469143578467,17326.030751165166,127.72479244471563,,3.6444266097928986,3265.97442955843,0.22378212994799362,65.80341850009727
5011,27.353225708007812,2751.027281940587,12.098478580609063,85.92376869757184,119.92981091841436,1.8712672730640376,250.46596623212082,15929.420312256025,1351.7251187272293,,5.588020963082468,2716.424944362091,0.4163771229707755,15.408957673478483
5012,,,,,,,,,,,,,,
5013,,,,,,,,,,,,,,
5017,30.91327476501465,1777.820662631094,21.69411511939794,52.949465917185,90.78287568122136,1.094383224726918,22.462965557993996,7705.882303600025,91.76636743573168,,3.270727483813173,2665.3051556374367,0.33526080544299597,20.18082568603917
5019,,,,,,,,,,,,,,
5020,,,,,,,,,,,,,,
5023,29.88675308227539,2034.8134048044242,11.752308915058,114.16084352775,181.24254228003323,1.0724306670142059,30.276928621152358,24395.27675088,246.93603820779393,,3.896060177974627,3192.385662126852,0.24003029127050993,79.54910553185013
5026,,,,,,,,,,,,,,
5027,,,,,,,,,,,,,,
5028,,,,,,,,,,,,,,
5029,,,,,,,,,,,,,,
5030,,,,,,,,,,,,,,
5033,,,,,,,,,,,,,,
5039,20.59035873413086,3124.9221497212084,18.357354440001455,42.475477488584986,57.28273972264605,2.83384336337156,inf,5536.526719852542,,,8.053181210503292,2707.0305551580755,0.6344481061734194,0.0
5042,28.951141357421875,2741.389808355255,34.20476855183431,27.641326646846863,38.83922463216268,2.0502662218617416,45.4793167139406,2906.486569280765,79.48716290865042,,5.259657216482598,2351.683775410759,0.6200616874186835,0.0
5044,,,,,,,,,,,,,,
5047,,,,,,,,,,,,,,
5048,27.995315551757812,3626.588517979765,40.49994660403059,32.55691877287967,40.80616194974892,1.944847431901577,90.4570383205393,3715.3090004072988,166.10420498411565,,6.9937537679603805,3432.0503892931197,0.3433036201836086,13.07533549292182
5049,,,,,,,,,,,,,,
5050,,,,,,,,,,,,,,
5052,,,,,,,,,,,,,,
5056,,,,,,,,,,,,,,
5059,33.35103988647461,3737.8743065520976,36.94836726689873,27.838320585220643,33.9747301427628,2.569634838670456,14.111249586634809,2937.612743006612,21.574165350739086,,6.225965809669299,2270.8957101680116,0.7031709913109319,0.0
5061,27.576892852783203,3049.701674780668,13.487818182982474,77.86217258264023,105.19133064106342,2.0534027522726674,155.02726010416677,13741.04532438515,733.8385699197995,,6.033065112170856,2753.3272008293748,0.4398679008845812,8.719931108577399
5062,26.755582809448242,3183.2177918638768,7.0430714237336955,229.61108929955878,306.2798124306264,1.3918627246348962,inf,69585.58522157976,,,6.419517150263208,4381.618257041991,0.16933769296815293,252.60545435429344
5063,32.863487243652344,2408.2938013794283,7.218183682800294,212.05549781297995,314.10199462717,1.1125435083456034,15.053501460564382,61759.57525817436,212.77506756988296,,4.171656155075886,3373.017065024524,0.22464025319581027,147.61567616566342
5068,,,,,,,,,,,,,,
5071,,,,,,,,,,,,,,
5072,32.586090087890625,2368.252636063856,16.513389432080448,99.40695712446937,149.11486286745793,1.0201405914868533,15.836829160685628,19822.351173527873,106.26779738479483,,4.1158248613843265,3653.5823526673807,0.1935438631540471,80.75763962040642
5073,,,,,,,,,,,,,,
5074,27.12310218811035,3368.0012646278465,15.184596537652288,76.17229165512454,98.53151093043974,2.0590029529778366,729.0597147769553,13296.138431301984,3232.590986496998,,6.723895146313404,3090.1011576647984,0.37409730183067236,23.84661039672137
5075,28.106342315673828,3081.0581109459645,16.55942093914727,67.88079660162413,90.11956375393575,1.9381742322821247,80.27318421203289,11185.37093692923,325.5382954047477,,6.06376083385757,2875.5460035004317,0.38520535412629475,18.08915931307057
5076,32.531700134277344,3550.661935223441,,,,,,,,,,,,
5077,30.84087562561035,2708.879711931143,54.98799971817374,21.257042030496272,30.231139580749407,1.6387170401034807,23.196784665197264,1960.1271425509083,31.55693557671746,,4.877571919249754,2754.830756377823,0.43333600184867344,2.4974677580867652
5085,35.169654846191406,3341.240479237168,48.28683062197066,31.777843920708623,40.81481137837853,1.5397124023353477,10.953297169730549,3582.751092629147,20.117554107924587,,5.338565569929903,3224.2159272649965,0.2874313265667943,15.101755859147255
5086,,,,,,,,,,,,,,
5087,31.52757453918457,3589.8661119259805,44.241094668101766,21.649980610340094,27.07495447925471,2.650207492964986,19.822085743925822,2014.7272629231802,24.150693114030393,,6.260212323341812,2228.626911628916,0.7654253599957096,0.0
5088,21.34760284423828,3096.983043819216,13.357121554583479,80.00596228049109,108.13545802588371,2.0492200592338317,inf,14312.43493354433,,,7.72820036313189,3579.609908092171,0.3609219204267031,35.60721568255594
5090,,,,,,,,,,,,,,
5091,,,,,,,,,,,,,,
5093,,,,,,,,,,,,,,
5095,,,,,,,,,,,,,,
5097,26.758914947509766,7565.604951090677,14.706555409038577,145.82302967309178,131.2035734848486,2.4945463731535975,inf,35218.36346847447,,,14.67056669575368,5941.1561276040175,0.13005250545705094,193.69975146275567
5098,,,,,,,,,,,,,,
5099,29.798330307006836,2802.799637856918,73.99621941159918,14.836722024477687,20.709223776535563,1.8052176182421713,31.797451746801137,1142.975537788822,29.632524468664336,,5.214885585404626,2666.6847685832067,0.5352580130784251,0.0
5100,27.636981964111328,3056.3031679370297,35.06058785362377,27.6770048999909,37.09381046963058,2.227117597917996,139.85002195173368,2912.115739331397,233.44065938030784,,6.075858481881347,2528.9587901025466,0.6060438147034627,0.0
5104,,,,,,,,,,,,,,
5105,22.924705505371094,6877.527147513915,28.393677012674143,41.42680672716604,39.14794187501923,4.13441644618533,inf,5332.761770180288,,,15.393728459101371,3769.5686945053158,0.3882015898384382,13.36807114963965
5106,29.68962287902832,2475.8177974484515,15.657780008347723,85.01280766734251,124.16136035622921,1.31519193240853,32.76709356314712,15676.76813659011,183.07831102740846,,4.699740626704696,3213.1569799888866,0.2802078790791826,48.4204644326773
5107,29.549924850463867,2771.2741857935835,5.139629633162105,277.6747496478888,390.1370243729966,1.3730814030579344,34.911009586788964,92541.08330460142,612.9034829121152,,5.19084567933265,3494.8192950741145,0.24025054874742005,198.90913704712665
5108,,,,,,,,,,,,,,
5109,19.752225875854492,962.5792871453915,21.943621975875562,18.061791771489705,40.00624411942254,1.7173245177121088,inf,1535.2222017500978,,,2.831918776686969,1358.0858976356108,1.1724171325341273,0.0
5112,,,,,,,,,,,,,,
5113,27.478939056396484,2118.9738221268417,6.292141349669049,176.2703838478463,274.19968070276065,1.350929772906757,182.40264892602542,46805.72978044555,2250.663664268426,,4.381900958118714,2849.721783608112,0.3540639530992207,63.92446724504497
5115,33.35529327392578,3353.058163183634,15.638529990852378,128.77108729650985,167.45454399081643,1.1773668374994979,14.175769571997321,29225.203221229393,106.82086632289662,,5.533505631583393,4468.841483642842,0.1857551783140191,107.99234228733232
5119,,,,,,,,,,,,,,
5120,,,,,,,,,,,,,,
5128,,,,,,,,,,,,,,
5129,,,,,,,,,,,,,,
5133,32.265594482421875,2300.2367223830424,30.040572312121924,41.68988935401832,63.67329121361656,1.2987291544897461,16.830852547966213,5383.641217011437,48.225409904704186,,4.019119721923568,2817.624657782639,0.33035295653321944,15.982540305628598
5134,30.87855339050293,1788.5959567711836,19.582665947307515,38.75861743006324,66.02516746760618,1.666315194485175,22.61938812690016,4825.945475774241,67.20520000920145,,3.305197713922015,1759.4319998762314,0.8121294277750748,0.0
5135,31.064842224121094,1395.9703556533923,25.077564201356367,25.95529924430828,50.04142283156468,1.51652581258302,21.582799263261734,2644.6551861766534,48.60152927197483,,2.5660455892070764,1500.5805352646707,1.0887784045692486,0.0
5136,30.4708194732666,1228.3713446746347,19.766973763269206,27.68995696339984,54.8836611894805,1.5869096909405045,24.752395768254896,2914.1601614193387,61.13259463377746,,2.382522658571998,1257.6796350162247,1.4620769459917042,0.0
5137,,,,,,,,,,,,,,
5139,,,,,,,,,,,,,,
5140,33.8725700378418,2664.697839794324,37.17890465006291,40.40266183247507,57.30538249972766,1.254372149454416,12.904718353252674,5136.235916242207,33.27794195779801,,4.461680859030267,3236.109856210917,0.26327524514537154,22.5784787385505
5141,,,,,,,,,,,,,,
5143,21.00901985168457,7779.744579875844,38.15198929053138,29.220181614512743,26.274134419579685,4.934580548285636,inf,3159.034450137003,,,18.69459619829455,3908.18438226142,0.3605439119520095,13.656995865353421
5144,,,,,,,,,,,,,,
5145,,,,,,,,,,,,,,
5146,32.352928161621094,2080.1473780223687,25.81779907996571,32.17791206765302,51.257237956385914,1.7705248663667408,16.4794785742331,3650.6213259002607,38.01116496044831,,3.655730524733202,1855.8180628322957,0.7603436134549851,0.0
5148,30.38300132751465,2121.1528988309174,29.54841018344336,38.072315751605586,60.45800272698976,1.333256053561968,26.15184378301326,4698.334529804347,71.14897092371515,,3.9180306967169414,2669.026087587505,0.5043915311935453,0.0
5149,,,,,,,,,,,,,,
5150,,,,,,,,,,,,,,
5151,,,,,,,,,,,,,,
5152,,,,,,,,,,,,,,
5153,31.456832885742188,2425.3189639111934,14.711803811295825,94.80256509754909,140.02656859049503,1.2296113171613527,19.797834922512493,18461.208538707575,124.75003003742222,,4.365455052065948,3197.116068088642,0.25166708668161747,59.95974928725919
5154,33.064849853515625,2526.5312620223294,21.93226537549444,56.3220913633253,81.45606405563794,1.4462634593930002,14.556073063228045,8453.725752803255,53.35561889265822,,4.352503109723754,2707.494465249372,0.3890409625883709,12.310377456541474
5156,,,,,,,,,,,,,,
5157,37.75062942504883,5503.251384688281,63.133718005352115,22.71034418474812,22.470005407670662,2.714058918834719,8.290108200316771,2164.5397712059157,8.382544924108172,,8.367671531035553,2816.0035846199135,0.5940951729986124,0.0
5159,,,,,,,,,,,,,,
5160,,,,,,,,,,,,,,
5162,,,,,,,,,,,,,,
5163,,,,,,,,,,,,,,
5164,,,,,,,,,,,,,,
5166,29.672548294067383,3905.078443854169,17.22382326787888,83.75911559640448,100.62628199085243,1.9140493050612035,33.595229013258475,15331.269580068925,152.12533447059363,,7.179253152250058,3549.621064678122,0.2695507376784799,51.650615013984584
5168,,,,,,,,,,,,,,
5169,,,,,,,,,,,,,,
5170,,,,,,,,,,,,,,
5171,22.327512741088867,3432.948812134723,7.518366281229292,131.19265289246374,168.64221091841506,2.461043759315016,inf,30053.4453416701,,,8.197724240662536,3168.2822463353004,0.359983491624321,56.46602339596139
5174,,,,,,,,,,,,,,
5178,30.806900024414062,1744.723880603267,39.406237491274545,16.571960521617214,28.260421650101947,1.8891778595966628,22.89550837913586,1349.2450415458957,29.11665243095197,,3.2677642450247775,1507.1764217706402,1.2541710126330097,0.0
5179,32.28437423706055,2431.3474457484363,27.143364255995547,30.274447985484617,44.301521744804376,2.0921466305316603,16.627357882176728,3331.534732546109,33.14777655491535,,4.310493000563224,1831.9669197769847,1.044183129627852,0.0
5180,,,,,,,,,,,,,,
5181,,,,,,,,,,,,,,
5183,,,,,,,,,,,,,,
5184,,,,,,,,,,,,,,
5186,,,,,,,,,,,,,,
5187,,,,,,,,,,,,,,
5188,,,,,,,,,,,,,,
5195,30.091676712036133,1248.5155374575472,39.42592816325822,15.866467725210244,31.84989900723379,1.411291658654538,28.116777710557912,1264.009606553487,40.298243872055025,,2.398744215747613,1471.149289361712,1.2352411489877264,0.0
5196,32.28470993041992,1269.7505545418362,8.62879595300618,77.28727528466334,155.22372373460504,1.34631045161675,16.548680912385,13589.140560813992,115.59365433522814,,2.2696083478970004,1479.7881158729665,1.1195900889825174,0.0
5197,33.493770599365234,1326.382352949109,15.851659938432341,44.4661424647149,87.17945964368322,1.3306061770648971,13.459718401162666,5930.266059591522,52.80349397262756,,2.2999460763856328,1511.8401997385743,1.0678802432819763,0.0
5198,35.32015609741211,3119.911218204769,58.64031281483569,17.889676340167178,23.487155039499427,2.102947719942674,10.681095423561311,1513.3302759932694,11.289084489219254,,5.027971341213702,2180.7163201293456,0.7188837629749925,0.0
5199,,,,,,,,,,,,,,
5202,35.301475524902344,2274.7599350358264,16.19492540100855,61.45167330818373,93.0159901214678,1.6162476548456761,10.609506901379499,9634.53070763335,44.40842051095619,,3.7255757280424167,2051.2710865075037,0.5639027946938284,0.0
5203,30.53520965576172,1969.2735112737132,17.126277887687642,50.25000464744787,81.44807570085756,1.6180500403833797,24.790171497373205,7124.1680449100095,90.86002941398823,,3.6819070062223895,2013.32398886572,0.5851093253549265,0.0
5204,27.971715927124023,1791.1363677636177,13.492781930436953,83.36125993749452,139.9571363819714,1.1260246110202627,89.50978819797952,15222.16414249494,563.7390135455696,,3.672094588452085,2830.5189197799177,0.29063033818071715,46.54480617990539
5205,,,,,,,,,,,,,,
5206,,,,,,,,,,,,,,
5207,,,,,,,,,,,,,,
5209,,,,,,,,,,,,,,
5210,31.33478355407715,1388.4648792625378,17.349733978123535,35.16190485663718,66.25124830906779,1.609365497476583,19.946245174703407,4170.02431534189,59.46586388562692,,2.598346489940375,1375.1866003024315,1.3045950716152983,0.0
5213,22.93628692626953,3621.3827336126847,11.599709829791705,79.74723035658673,99.88458449312292,2.7681950937054234,inf,14243.063447090502,,,8.423682448139742,2897.831868140177,0.5239178228449972,0.0
5216,,,,,,,,,,,,,,
5217,28.696306228637695,2472.748060306014,27.74709184844345,36.794249652370254,53.573105052054764,1.7126453885034154,51.833680675669605,4463.750602263925,124.96010490325389,,4.859783909874746,2536.735117856746,0.4350360681885402,4.387310876457674
5218,28.24324607849121,2123.5071345171605,7.541739204211143,118.3254060598253,186.68514337801844,1.6826322666806204,70.88583337146476,25742.279472732895,595.4999384890001,,4.2171786727747795,2255.2247144376297,0.5757785735871378,0.0
5220,20.917617797851562,3035.8673921094824,22.746065240970665,36.308293209565264,49.76636941449547,2.5992956813609203,inf,4375.611414573155,,,7.693049173364668,2827.1490870408848,0.5133626694658241,0.0
5221,20.874534606933594,3170.5366471448456,8.214844069294484,99.35701935676299,132.9495716232685,2.7467548551067367,inf,19807.416208192975,,,8.069016446785465,2795.8176495918274,0.5477685409389833,0.0
5222,,,,,,,,,,,,,,
5223,,,,,,,,,,,,,,
5224,,,,,,,,,,,,,,
5225,,,,,,,,,,,,,,
5226,,,,,,,,,,,,,,
5227,33.55967330932617,2544.743733191065,76.34340460824103,10.71884252927005,15.352470230002229,2.198921072170641,13.415381037105456,701.8621651097717,9.268165709833408,,4.353170808542012,1764.0076929327936,0.9367471533744458,0.0
5228,,,,,,,,,,,,,,
5230,20.899879455566406,3102.618748299201,17.453080525171277,49.471575526166994,66.68895978747602,2.540888341909652,inf,6959.268747697197,,,7.914166430401088,2948.374118182564,0.44661699091025386,5.98026910103537
5231,,,,,,,,,,,,,,
5232,,,,,,,,,,,,,,
5233,,,,,,,,,,,,,,
5234,36.32729721069336,4634.427606524829,32.0435357479503,44.24051959170657,48.74594181411903,2.3116413516981713,9.660371315964628,5885.187774730015,21.19067541318583,,7.126118691822972,2913.3627209448723,0.43750992570453706,4.117343828277022
5235,,,,,,,,,,,,,,
5242,24.694622039794922,1305.49547483151,68.58353442099848,7.930964958130962,15.068853440368809,1.6971275338555243,inf,446.7031779781863,,,3.1100698880241624,1506.8076098391364,1.019241997309902,0.0
5243,24.79892921447754,871.3393804329635,73.50760200995647,4.569159509512297,10.284085960721448,1.8344410908406406,inf,195.33698267877796,,,2.1364151936241833,909.5784744948994,2.541740800730206,0.0
5244,27.805023193359375,3086.232060333228,41.28893094813778,24.271279162710762,32.51679457372763,2.177645975187372,110.94307819897143,2391.492338177253,162.33809774278296,,6.073892085849614,2603.8706798777825,0.5443239158990825,0.0
5245,30.835617065429688,2118.0340258462006,61.71360767298608,20.512260073915744,32.1379952738812,1.183105532710861,22.8834767929223,1858.019497643762,33.09430810594081,,3.915511193050803,2939.5813918087697,0.29257393851554897,10.444720639641401
5246,31.715417861938477,1642.7842333828858,34.215920296623615,31.833887503745427,58.75224466487645,1.066467500781232,19.016000865218896,3592.233109952602,50.275473092137915,,2.8543233828785133,2518.520845657431,0.3571656693181649,10.11286099154188
5247,32.12331771850586,1775.3274609417726,42.11529949139483,24.175791735689465,40.940329910664985,1.2329426439801368,17.039374704055835,2377.3934086380355,31.391892983496835,,3.19707437286036,2265.4877722714796,0.5798511016927429,0.0
5249,,,,,,,,,,,,,,
5252,,,,,,,,,,,,,,
5258,34.42228698730469,2876.5680957755567,56.98002687626697,17.827432432337453,24.39752963310273,2.0023879018613013,11.970805777011211,1505.4391095991787,13.142613990453677,,4.7369273948859085,2160.7504571845425,0.6374273656983462,0.0
5262,30.85573387145996,919.4705874516023,23.934501268164613,18.22887360061953,44.41255669061513,1.490179647455441,23.082256239795374,1556.5739067156298,46.13139062087476,,1.6580396879181478,1026.7023850684786,2.0999958697584007,0.0
5264,,,,,,,,,,,,,,
5265,,,,,,,,,,,,,,
5267,29.05597686767578,2099.4923319253417,5.3941910047232495,176.102681688313,273.38094011333925,1.5628129635190282,42.337901722385105,46738.94980419457,520.8468918881312,,4.152457884099119,2310.0848923300146,0.5224195764579667,0.0
5273,24.44952964782715,4095.5206612516386,13.016260469736281,78.3694170249067,93.0913370660263,2.838973093602874,inf,13875.540835356383,,,8.893885487207653,3023.485857843898,0.49488250981384785,0.0
5282,,,,,,,,,,,,,,
5286,21.372644424438477,7844.443789557224,25.54839796858178,66.00728651525915,59.2278350141056,3.2892100245767666,inf,10725.506621027613,,,18.506167683212333,5822.744780389171,0.17641484954997377,89.74123478147948
5288,,,,,,,,,,,,,,
5289,25.615318298339844,7455.662862817256,25.133836212475508,57.750186548594,52.34850818003353,3.6321108254600674,inf,8777.282628118795,,,15.054494086541915,4187.988703158368,0.31191417387166387,32.30659642618847
5291,,,,,,,,,,,,,,
5293,31.28684425354004,2333.296484220824,30.410686351440997,37.401846791645305,56.02268726021698,1.45055987481685,20.51863436039772,4574.773176345485,51.727906610068665,,4.242899545614619,2612.0397476123035,0.49219027390406184,0.0
5295,30.923206329345703,3239.7671420915094,28.776841322854114,30.452542193537933,39.81427413340058,2.6141597462225286,22.780324094318274,3360.9753405819583,40.81419307525041,,5.788402119846525,2066.6945558936895,0.8928978246823159,0.0
5296,20.228235244750977,7627.614398622522,37.49319266897446,28.597635577187415,26.092113890507864,5.030268661057524,inf,3058.617626955022,,,18.915848280781233,3908.0303233794034,0.38353537184907077,11.060596388459588
5297,,,,,,,,,,,,,,
5298,31.856380462646484,1457.8015597621131,10.764067456390968,67.95866249575215,126.70249411877683,1.40916607472921,17.94942048059684,11204.622522217252,102.3406354295223,,2.6511379950709997,1637.6408000204108,1.028061838913099,0.0
5299,29.298540115356445,1304.1639878181027,51.10952282614415,10.513218101434916,20.63067656789947,1.7162466618063943,37.79162868057208,681.7631239609593,35.08500907273662,,2.569483224460465,1294.0680926450764,1.5016765928742726,0.0
5301,21.221511840820312,3122.2998485840867,10.807217224299608,75.68285455846292,102.01393080028376,2.699281791973017,inf,13168.195083774459,,,7.824982911948291,2757.3948897456503,0.5617049141854574,0.0
5303,,,,,,,,,,,,,,
5304,,,,,,,,,,,,,,
5307,,,,,,,,,,,,,,
5313,32.43638229370117,2478.440864349001,8.117689895863492,167.7849430970851,244.03339800181809,1.2867024310415542,16.196125739665305,43466.980579302966,177.85780194218552,,4.360341264488219,3029.7944511495257,0.28754154353971056,84.35829157485733
5314,,,,,,,,,,,,,,
5317,30.239885330200195,2212.4217438082887,11.32912097329226,106.69972708831952,161.97187923541543,1.2941761658666129,26.933917663926337,22043.216115761832,196.31417666391445,,4.203775958618593,2840.992484071139,0.34469394886767607,38.26355858438376
5318,20.225114822387695,4210.306678146186,36.46555338231847,40.582888471815224,47.96142521473202,2.011745182423248,inf,5170.641499186314,,,10.85131893097486,5277.655490183118,0.16632154121008286,59.53532966783163
5321,,,,,,,,,,,,,,
5322,,,,,,,,,,,,,,
5323,,,,,,,,,,,,,,
5324,,,,,,,,,,,,,,
5326,27.19007682800293,3109.3847946135465,21.264657999423747,46.00240032386377,61.42533274900314,2.2476080418535695,469.96539854786937,6240.231984501716,1299.050144384434,,6.244440029678784,2595.2989756087213,0.5428559607201018,0.0
5331,34.662925720214844,5283.869827337651,32.80132834706803,42.164077284093054,41.2527382766863,2.7014882301810914,11.389729647632391,5475.753591802788,21.14358912881971,,8.925500689763693,2871.734126383365,0.5308436968161475,0.0
5333,28.271947860717773,2866.580997013178,23.842055099096058,45.13814435717512,62.18559344059672,1.883483549018821,69.8604605050324,6065.205880354879,195.49413875424642,,5.6060653744689315,2739.716016115829,0.4039524945485948,9.495102801406034
5335,,,,,,,,,,,,,,
5336,,,,,,,,,,,,,,
5342,28.58228302001953,2506.833726443057,16.121707047732954,60.81456983507451,88.36324657717036,1.807972693168239,55.71944020378025,9485.08996327123,221.559778524084,,4.921248023234286,2451.668994781231,0.5119705390604508,0.0
5343,,,,,,,,,,,,,,
5346,,,,,,,,,,,,,,
5347,,,,,,,,,,,,,,
5349,,,,,,,,,,,,,,
5350,,,,,,,,,,,,,,
5353,20.760684967041016,3404.3327992753425,11.14965543614077,90.03032352002062,116.79343596455985,2.398097045967109,inf,17084.93031690405,,,8.669591936195099,3465.520937389328,0.2989639649616821,65.51959758517732
5354,28.870330810546875,2166.60226245106,10.160938191590601,108.26061518241598,170.02302274067733,1.3927074356577842,47.27096208792656,22528.679236321914,361.6718337922155,,4.194161774963389,2733.152151237762,0.3896422994993118,26.636531601162517
5357,20.809633255004883,3185.7852372748366,11.196919497961405,72.36106536748335,96.70738620765681,2.780340522856198,inf,12310.832550199937,,,8.122474313836484,2785.4607508324466,0.5667302074397073,0.0
5358,22.180164337158203,8933.624860493792,42.209894713151904,35.347187565896974,29.96524448942429,4.233929093777233,inf,4203.028087986365,,,20.178868954251683,4996.353518862807,0.24974941698024886,32.986424825858954
5361,30.66803741455078,2658.785686193645,44.935342742855404,24.752821564796182,35.41913683905478,1.6902679802716958,24.243786079302314,2463.0150320694365,38.6412289487811,,4.827147773805423,2629.9252830150017,0.491964369129238,0.0
5364,,,,,,,,,,,,,,
5365,35.10993957519531,3713.1922304602645,73.6693803139027,17.67970336137995,21.691690066326334,2.015906775755377,11.077695928401212,1486.7654374018568,10.813227602754791,,5.900141990049051,2751.7945561216225,0.43956273745653407,1.608012768177741
5366,,,,,,,,,,,,,,
5368,,,,,,,,,,,,,,
5369,,,,,,,,,,,,,,
5370,30.78804588317871,3456.0863255134245,25.63853797888333,45.65697941834439,58.31560507324202,2.0877050977271185,23.713197434618372,6170.0794969679655,62.22822554794594,,6.1439341561762655,2785.8143272874745,0.4323742321740937,5.531295403984308
5376,,,,,,,,,,,,,,
5379,40.232295989990234,2932.859159621019,54.34053763452473,20.856951416285625,26.76119275655247,1.8297908423680231,6.547589140172321,1905.04939138989,7.884958278188752,,4.464983189735172,2044.95463779158,0.7325318849558694,0.0
5380,30.264331817626953,3797.937478837222,101.44441731770833,12.802470944126789,15.555772310874193,2.0678111010672393,27.469129566781945,916.1586659364145,19.2286586303443,,6.87607061090142,3134.161130103165,0.4415466046261909,1.2633630661190933
5381,,,,,,,,,,,,,,
5382,,,,,,,,,,,,,,
5383,29.98640251159668,1603.5222613566111,24.97132033642966,39.333263885411135,69.46757445624623,1.1544058104378225,29.058569689927303,4933.668602841091,90.83827590871701,,3.0996314843858017,2313.412450225078,0.46828204811147717,1.137803281616156
5384,30.305953979492188,1792.7986276047259,49.8549410603311,21.814284061393636,36.533946108022285,1.1656477828250378,26.29262582138838,2037.705613554125,43.225801865864916,,3.4232145398357283,2540.9367775725423,0.40969882717002176,3.8799921022563857
5385,,,,,,,,,,,,,,
5386,,,,,,,,,,,,,,
5391,,,,,,,,,,,,,,
5392,33.48027420043945,3303.9979702415976,71.66397540573992,15.161701160948947,19.80429698137447,2.150185582914381,13.880331560143633,1180.7335243193647,12.37005937876632,,5.450433283487257,2399.2158505510374,0.6275664655272356,0.0
5398,,,,,,,,,,,,,,
5399,,,,,,,,,,,,,,
5401,32.179115295410156,2592.9821302488353,32.276681866884864,36.862425675082854,53.13181671454035,1.5410322744352773,17.13042472247687,4476.162664911511,40.957676396859235,,4.532525513879538,2686.2542521676714,0.47509715877755204,0.4261358780433681
5402,,,,,,,,,,,,,,
5403,,,,,,,,,,,,,,
5404,,,,,,,,,,,,,,
5409,28.960586547851562,1881.930179124965,31.72384190785698,40.56403115469675,67.45190859164312,1.0340978242943037,44.75444937542669,5167.038018657762,135.844786275327,,3.6813146384980056,3164.0958550638907,0.23346160948815176,30.180112162893206
5411,32.568138122558594,2434.6987772572884,11.849143933539148,142.64925342132284,211.34012037707916,1.0185298510213763,15.900627469637595,34074.873343416155,151.21982355769353,,4.227368975928753,3766.9325924088303,0.18311920998520012,121.55020248216118
5412,33.95257568359375,2685.9303952135365,21.39112798732129,63.08331908060187,89.03146113523016,1.4074453306205505,12.749669218221891,10020.786255024315,51.080475577012315,,4.492378361497041,2899.4484734142543,0.3281917643011741,23.4652643709001
5413,,,,,,,,,,,,,,
5415,,,,,,,,,,,,,,
5416,32.228553771972656,4321.877108941535,11.204780378912414,94.26714247155081,107.88356660614429,2.893301717983469,17.21085401691302,18305.032714078912,83.55457420570178,,7.359656092376105,2415.4161706647224,0.7320187701359275,0.0
5419,32.167205810546875,2798.5252008552166,47.02879890307536,24.076391873765733,33.542690135125056,1.7476679974373224,17.2105256392523,2362.746349093937,25.97792978610292,,4.873184730618509,2563.3152242997758,0.5662075621069886,0.0
5420,32.514892578125,2936.3911840878477,32.96106502619265,31.674561876041984,42.99371532779471,1.9887814533864783,16.110082210760808,3565.298695673093,31.168452981456895,,5.074638201091104,2338.294988240709,0.5727717172418652,0.0
5425,,,,,,,,,,,,,,
5426,,,,,,,,,,,,,,
5427,,,,,,,,,,,,,,
5429,,,,,,,,,,,,,,
5431,20.026813507080078,3128.0999830428805,24.52457123004673,31.814933983122792,42.90409266149645,2.8348701985280482,inf,3589.0254277775957,,,8.27463961189283,2782.5070501168816,0.5977118961680522,0.0
5434,33.2968635559082,2387.519913468254,23.927391924974344,42.64539226796013,62.79645835995241,1.6544914526978334,13.93954965287979,5569.781598471167,39.39094572000997,,4.129927406285416,2209.6770301775578,0.6945341236871098,0.0
5438,25.167957305908203,4258.679870609484,27.175910789757648,40.56612468720581,47.1364040961479,2.731570209707752,inf,5167.4380344352,,,9.023244164270146,3175.5592234656997,0.41367165369642284,8.373563823717904
5439,20.819061279296875,3418.613575671214,23.246635588220087,49.06463904978068,63.707279455441174,2.119367640945314,inf,6873.578676120286,,,8.656679941681395,3933.908682331128,0.3300354581900475,28.90348066847181
5440,,,,,,,,,,,,,,
5442,33.121315002441406,2596.8970382792586,18.202658832674867,58.7419800136358,83.65271855600561,1.7173401470994483,14.40811693333753,9004.360360588875,54.23751678359264,,4.474665402734921,2337.7845876285623,0.5254666534265322,0.0
5446,25.585241317749023,2669.889201663521,21.46702036892772,43.54936681851237,62.018475412775196,2.019410581749917,inf,5747.814758553118,,,5.740598268840829,2606.776528792747,0.46172339413707136,2.3342680951848753
5447,,,,,,,,,,,,,,
5448,,,,,,,,,,,,,,
5449,27.506071090698242,3366.9815374962013,28.369712036072627,69.31896031842929,89.82599983699428,1.2106504541452103,177.51136684438035,11542.717218480431,717.5311204152574,,6.624643525071748,5191.1327135486945,0.12320503897993319,90.2770077571519
5452,29.7572078704834,2749.7625211470076,5.548699998448703,236.05355101936374,332.85413473325025,1.4844938679765611,32.28275061117096,72534.69725094849,483.5451159670777,,5.119452864523545,3186.5776861243594,0.29249496519671964,125.98945452444832
5453,31.239702224731445,2562.3187199754125,7.068738284881274,200.618807395541,285.23430438566197,1.2776285405077064,20.68342294097837,56831.28320907745,265.48297896979835,,4.690549187278921,3251.1955368384506,0.2759236360667633,111.22148043307499
5454,28.1792049407959,2114.9261521173903,15.175198502679345,76.91527011326843,119.38448225765872,1.2812481739964172,73.95478737243715,13491.146241604865,397.30743004201406,,4.286907097510517,2925.058796444549,0.32314282719665277,34.59979758102302
5457,,,,,,,,,,,,,,
5460,,,,,,,,,,,,,,
5462,,,,,,,,,,,,,,
5463,31.765878677368164,2735.5643605102164,23.827587453598877,45.80133507524044,64.13006867892823,1.7724489252413245,18.588292922208616,6199.364927687021,53.64308257763732,,4.848074479470426,2489.4310594549656,0.6273513276317768,0.0
5466,,,,,,,,,,,,,,
5467,,,,,,,,,,,,,,
5468,,,,,,,,,,,,,,
5469,,,,,,,,,,,,,,
5470,,,,,,,,,,,,,,
5471,,,,,,,,,,,,,,
5473,,,,,,,,,,,,,,
5475,30.6071834564209,4251.702238180519,,,,,,,,,,,,
5476,,,,,,,,,,,,,,
5477,,,,,,,,,,,,,,
5478,,,,,,,,,,,,,,
5479,,,,,,,,,,,,,,
5480,,,,,,,,,,,,,,
5484,,,,,,,,,,,,,,
5485,,,,,,,,,,,,,,
5488,,,,,,,,,,,,,,
5490,31.08032989501953,1469.623821655605,11.470089796515355,77.67651307841514,144.32227580030985,1.1663654473279008,21.362980537416966,13691.927103265343,138.74192860669842,,2.7308289990625885,2039.917080022067,0.5860356448833542,0.0
5494,25.230384826660156,9722.755654807479,13.52090230081712,97.26537482455652,78.72072954171712,5.227697319664725,inf,19185.24690679309,,,19.528835890740062,3891.4712064037362,0.3956086290294328,26.522936168815363
5495,32.710174560546875,3945.486498817265,23.922616662800106,53.98079228871599,64.5151914844761,2.160417209233292,15.743574227227812,7932.1127249242,45.706486766384934,,6.645177689047763,2910.660084864364,0.42484533821542647,7.20351102641747
5496,40.070640563964844,5472.069183531735,34.61022193384701,93.15447401564276,95.3395681802274,1.2001305181016644,6.959988710297386,17981.899772046076,29.860304318055476,,7.671630245626026,6129.885450110112,0.09277993387477936,99.24482589783604
5497,,,,,,,,,,,,,,
5498,,,,,,,,,,,,,,
5499,,,,,,,,,,,,,,
5500,,,,,,,,,,,,,,
5502,30.241548538208008,1718.8854621790133,4.259135415232029,289.3584931087092,503.2304080310528,0.986221028086096,27.070852181531816,98442.88817253782,613.0294195077256,,3.2340975664128204,2912.538466966144,0.265837417777687,174.92716110918857
5503,26.228883743286133,7691.929823441161,15.807635365383781,122.68113121570761,109.78348236643335,2.804630380747808,inf,27176.695818218173,,,15.15177327549771,5482.075377397274,0.1557242063125394,149.2680798144149
5504,26.6378173828125,7360.845378969493,32.711640148185374,53.90281341417631,48.884434399161755,2.9518816670514334,inf,7914.931230451055,,,14.416985916660817,4889.1543941499585,0.19515813429784779,54.15975432978215
5508,21.60027503967285,3460.741043697405,4.6659668719020795,214.87585849691504,276.0132965059964,2.4407586097282223,inf,62995.77641497653,,,8.50018302145362,3329.7428043026052,0.32931262663581995,122.53469002224924
5510,21.027761459350586,3003.4346233518377,17.454100999135672,45.93205118558518,63.32517660378329,2.6490481991449695,inf,6225.923152885289,,,7.5693350022004795,2731.3987906427506,0.5800120869217911,0.0
5512,28.83523178100586,2590.986084501208,14.551835673753445,61.712530133541385,90.71843712397022,2.040135197376151,48.820975959083796,9695.942338600935,199.30331870437522,,4.905531159573832,2263.7105836904334,0.6090876525591192,0.0
5513,,,,,,,,,,,,,,
5517,32.85320281982422,2497.8922282194544,35.1652810790401,27.33280922590223,39.96846114166277,1.8376395772388223,15.126441619829459,2857.961676447449,27.206126734220284,,4.304763646742642,2125.199089237915,0.6206911142133186,0.0
5520,32.90414810180664,3115.976698991009,16.951410600184886,92.36200458908294,123.18559232076099,1.4072783613190292,15.155933800618563,17752.929189592807,84.0146707081548,,5.264156078959371,3493.811190140234,0.30390088602278803,42.109250196113386
5521,,,,,,,,,,,,,,
5522,,,,,,,,,,,,,,
5523,,,,,,,,,,,,,,
5524,,,,,,,,,,,,,,
5529,21.692201614379883,2867.769911515927,13.81728356995904,64.28551214166934,89.86701649410301,2.282934899340351,inf,10308.599279632945,,,7.081337355116104,2922.382874475246,0.39967271439490887,18.506975349651086
5530,21.72259521484375,3549.848392512972,12.28710271998465,70.84326590864706,89.97439370970795,2.8836778698775714,inf,11925.534603593498,,,8.660364991186231,2877.6430415175505,0.5439461237474457,0.0
5531,20.061338424682617,3507.113562568789,41.430583768472424,31.817227569269562,41.03245783972039,1.8812713607427662,inf,3589.4135420840903,,,9.146794143002149,4726.873585138558,0.20912331270832382,38.784719861015965
5532,33.81189727783203,2878.1222804255294,21.429591740450523,52.06673478982558,71.66362064020502,1.8239797117928032,13.082363310712214,7513.98822632268,42.18882846192976,,4.785882765766255,2419.255440909468,0.6097360995809306,0.0
5533,29.843788146972656,2752.8812460091226,33.87551233599809,29.371600940889007,41.11808016779014,1.9564060091378837,31.18177885201449,3183.621464858841,57.696069717514575,,5.145907989137648,2405.1254109814195,0.5438081529356988,0.0
5534,32.1860466003418,3315.5982754662564,16.111760144225766,90.7009866610325,117.69653786830459,1.6043233627806184,17.283208618509025,17276.191635152027,91.537821794437,,5.691897119729541,3332.5857277167756,0.32069543929526306,37.77276487912988
5535,33.34852600097656,3240.1479127471193,26.245364730662814,64.72179052601267,85.8630696675353,1.3487973447928545,14.21397506181392,10413.717232254412,54.92049889433122,,5.332892792410043,3776.3291276032633,0.25208406368555303,39.61318085024502
5539,32.694847106933594,2082.674899504096,30.971038306974293,45.69726391403599,72.0730615091323,1.040544173887628,15.410664475709606,6178.247361891818,49.98121958944883,,3.660058055302116,3115.480513244517,0.24044090095825563,29.397803981259752
5540,32.889190673828125,2331.9558393730254,4.9875593128743825,202.22248975247314,302.70661215866687,1.6348872145947824,14.940317747707752,57514.079753109065,203.5139836492178,,4.059207039722704,2213.9735978754675,0.5715973704850527,0.0
5545,39.968910217285156,3464.4550346484843,39.388856157953434,43.97169544489913,52.41855877062175,1.4144035921146203,6.715480179148453,5831.628001606852,15.840710659963738,,5.25176465933497,3159.6786562724287,0.300493734918325,16.747850042332995
5546,38.58633041381836,3493.743511990673,51.287208105504334,31.79983845092082,38.45312773179221,1.5147537940263684,7.583476060202508,3586.471352614838,13.12237681172799,,5.354931875368759,3096.92283650226,0.3065708618967444,12.126275917045149
5548,,,,,,,,,,,,,,
5551,31.62538719177246,1606.6199021402097,15.177009013984433,47.61436679749775,84.9999491291107,1.5720774544075093,18.899534787008548,6571.0839478088055,72.2906772956813,,2.9257002530747696,1633.189012185247,0.9395951089189816,0.0
5552,33.84138488769531,1576.5541066780547,32.21503846696941,21.42811364669211,37.7990959245914,1.6149210185525893,12.638919578283028,1983.836640588081,21.49828800852224,,2.7616539860987532,1451.1333775603118,1.115817409599845,0.0
5555,41.08347702026367,2965.5004791713873,65.39658286380558,19.09215433094119,25.46834355010062,1.6794729309619603,6.317522326151152,1668.4469414402363,7.240357304453175,,4.244432715035741,2271.077256010944,0.6725795046993105,0.0
5557,,,,,,,,,,,,,,
5559,,,,,,,,,,,,,,
5568,,,,,,,,,,,,,,
5571,33.34037780761719,3114.5222785588394,28.48193935918772,59.73163870817209,79.74531510328937,1.2945011987344546,14.12319128526333,9232.868285043485,50.681625268830956,,5.1966702450138875,3754.0181053303672,0.2513745150220845,36.42137370638221
5572,29.12342643737793,1537.672505344371,30.284158220491026,30.330550094467768,55.888216831225805,1.183731099085073,41.36274920654741,3340.7996093704464,104.02606333760109,,2.9876063333529084,2249.0823109077137,0.5063542942674848,0.0
5575,,,,,,,,,,,,,,
5578,,,,,,,,,,,,,,
5579,,,,,,,,,,,,,,
5580,21.700424194335938,3431.0819781982073,23.098905711018855,44.88266799184565,57.87958528002626,2.3401625538331006,inf,6013.786326539865,,,8.393488549494355,3427.2438186200384,0.30724592720296706,29.665639887570823
5581,,,,,,,,,,,,,,
5582,,,,,,,,,,,,,,
5583,32.81022262573242,2184.374202431766,20.99202853043246,64.66619870627306,98.48523688105011,1.137837651500023,15.009851969374292,10400.30305237282,66.52119720389958,,3.8696371405384875,2959.973322511861,0.27858564611898873,33.58290607741175
5584,29.5732364654541,2592.2788549456645,54.21885864156401,18.672360771602595,26.959489791260456,1.8105774980804188,34.473755369382616,1613.7224482360623,41.822768517627644,,4.881980436754873,2468.7121184533926,0.5414591712981776,0.0
5586,,,,,,,,,,,,,,
5587,,,,,,,,,,,,,,
5589,,,,,,,,,,,,,,
5591,,,,,,,,,,,,,,
5592,28.323387145996094,2343.824434106263,7.903619758243035,113.85762581400991,170.1838126856862,1.841712847897332,66.41535280898431,24298.14844658298,508.62680828540766,,4.664491919382938,2262.2147081988255,0.5940527571239425,0.0
5593,,,,,,,,,,,,,,
5594,,,,,,,,,,,,,,
5596,39.54988098144531,4011.0984457062577,82.41796750115336,13.297541322079248,15.671017318832567,2.5879451919167344,7.185132437704305,969.8108051722885,5.066925069121642,,5.766644677898533,2089.477442092624,0.7874431768614988,0.0
5597,27.110464096069336,3560.7806956021727,39.38688946434845,28.522900778553907,35.84424351036136,2.2412218796288204,811.9727148027405,3046.6357395826126,1309.704647092138,,7.119457153363474,3000.8108980779343,0.43069013799630324,4.019380566247341
5600,,,,,,,,,,,,,,
5601,,,,,,,,,,,,,,
5602,,,,,,,,,,,,,,
5603,,,,,,,,,,,,,,
5604,31.214136123657227,2198.9204971890626,55.270984756992384,17.094814599950624,26.088215607581414,1.6456327898013536,20.741378474683167,1413.6001684703958,24.349749914069218,,4.051181096302778,2160.747200443263,0.6213192803086978,0.0
5605,30.82915687561035,1455.1616881494213,28.714855562141178,33.20428388956334,63.541244242145105,1.0791840046963113,23.083813926946686,3826.671423114653,66.00484164475576,,2.657683984923468,2230.1208444121003,0.501711594269558,0.0
5607,,,,,,,,,,,,,,
5610,24.595348358154297,6861.12543156384,55.150682698120065,23.80552667738899,22.404081075788913,3.6953167787309535,inf,2322.9865065852364,,,14.44857910564024,3925.7854734062735,0.41265857805457734,5.181902733110049
5611,29.12312126159668,2868.8086362641575,9.742939701597718,133.95519783626767,184.87498295374863,1.5543076944266097,41.910948480351244,31007.685523832035,348.6728648646168,,5.448384868717007,3237.5687073018325,0.2995260054463409,69.80118199749403
5612,29.040058135986328,2779.80584835825,15.390402511907375,66.70300644574584,94.16896438581105,1.9147147339893116,43.78915340354329,10895.523683566878,185.56106523043877,,5.25669101421233,2563.3697998107177,0.4839893393633281,0.0
5616,31.161436080932617,1931.2504821549605,31.437388310896424,42.14504811292661,68.58608996338408,1.0306960078930854,20.99594982587716,5472.047096785858,64.80135466309392,,3.5657146795110144,3033.4552495078688,0.25018097580078114,26.82968576036328
5617,31.858150482177734,2136.3925340683722,9.501858054982181,156.39495939550434,244.62877044772264,1.0165640888701082,18.102625074246063,39116.87237930113,199.27903112050177,,3.8252306267362064,3356.2640537825964,0.21764358578489465,115.37365086271564
5622,,,,,,,,,,,,,,
5623,,,,,,,,,,,,,,
5625,30.774173736572266,1243.4805212199185,28.12426181924944,23.5500265476589,48.13671470139323,1.3275517372980965,23.250350841540303,2285.688784173714,50.363797732493566,,2.303789747667589,1540.4554915195777,1.0484358359291033,0.0
5628,32.102325439453125,2037.3412012109063,39.802293906234866,21.356242945183155,34.06908449385922,1.6947896972830805,17.19861808237672,1973.8642198685918,26.367352768174833,,3.6377591388683213,1902.344251215002,0.7025188440304402,0.0
5631,,,,,,,,,,,,,,
5632,28.171741485595703,2886.898194924226,1.174052744895273,916.8660116337207,1258.9976745540448,1.8963696198165667,75.84456426776077,555250.3054860851,4296.965851830402,,5.662837170006098,2749.7158547184285,0.4275041412957682,131.77930496830396
5635,29.79601287841797,1547.4326603252616,21.348030871252092,39.315739393702216,70.93630133560767,1.3036844675034236,31.098818386649498,4930.371759598998,99.27158185155173,,2.9978443551374117,1992.3754526032665,0.6803435035637856,0.0
5639,22.64797019958496,3684.3657683001084,11.486241143038292,79.81963969568588,99.61467089764177,2.8415810511419286,inf,14262.466595249596,,,8.630111384121156,2915.0220819305478,0.5319000645832231,0.0
5640,20.58113670349121,3514.231253949911,12.016283201807019,94.72742787002515,122.38181323827872,2.1830789327847917,inf,18439.265316886696,,,8.918535044719693,3989.2547842000354,0.32291206972941433,59.69023633632187
5642,30.47148323059082,1875.9905057153335,7.152927916412221,187.4375490247865,315.446568835401,0.9894074885966894,25.437622768313044,51323.33754651701,361.08948697171314,,3.4676124289952335,3166.5159720111665,0.23310488399502877,134.1896961888768
5643,,,,,,,,,,,,,,
5644,,,,,,,,,,,,,,
5645,20.732994079589844,3457.6417484181306,12.506943704374748,67.63612102938913,87.22147576371991,2.89024799039281,inf,11124.94914958096,,,8.800586810644338,2927.2052221531662,0.50809944751055,0.0
5646,,,,,,,,,,,,,,
5647,,,,,,,,,,,,,,
5648,,,,,,,,,,,,,,
5651,,,,,,,,,,,,,,
5653,24.333105087280273,1199.0338525265563,59.18945402393074,8.27126175104064,16.40550228004255,1.7318104197506785,inf,475.75969015382555,,,2.894968154994018,1375.4560084790655,1.0950397709154913,0.0
5655,27.73436164855957,2526.900133187297,9.133529299740408,131.31675973491232,192.14375130253075,1.4897530947291984,120.79952982287203,30096.10078099742,1044.4893667086856,,5.043975240295881,3102.6878710668375,0.31664026695830083,63.79657325710868
5656,32.156768798828125,3292.8054885346596,20.965600380702533,42.68618082195923,54.85592161833469,2.6016955601091745,17.25089615433146,5577.774407528054,42.584121327961704,,5.732279847329079,2027.2576363116766,0.8776485441230452,0.0
5657,32.1050910949707,2259.835901382535,8.883452446887386,166.6932612277125,254.08696282192602,1.079100964775093,17.251301331129536,43043.44873127274,197.2498841978649,,4.009390589990554,3325.7193193553658,0.22510587103929852,117.99684026255404
5665,32.00469207763672,2512.764590085155,7.092966014946861,172.11976904030593,250.39526481144046,1.455385929441761,17.660686667937952,45162.30793663561,198.996854173659,,4.4422201693447105,2759.57158887745,0.3636670163443548,50.412139029560635
5666,30.49109649658203,1339.2728642402644,13.591074184983968,50.031749628430404,96.99370018186211,1.3926904514820835,24.906759894660013,7077.803994208054,108.71094607759264,,2.541959159253011,1580.4203726850922,1.0885538363295912,0.0
5669,,,,,,,,,,,,,,
5672,32.77404022216797,3536.9372191424195,66.51234134191435,14.137350810816233,17.802190937560685,2.6597577463061546,15.548441278707708,1063.1194115839317,12.455834419125217,,5.96121071998892,2112.801755559721,0.9329496537169004,0.0
5673,,,,,,,,,,,,,,
5676,23.39495277404785,3135.786287754876,13.531646094909886,67.48852971728309,90.1547607550862,2.428012181140898,inf,11088.554769923801,,,7.213347288557028,2795.6756743776396,0.4752015627198944,1.035271409886651
5681,,,,,,,,,,,,,,
5682,20.43117904663086,3404.0155513297664,20.239236014097404,39.3954157838922,51.23270784020096,3.01881663447987,inf,4945.3670206661,,,8.781178202287585,2799.016432642528,0.5419955127966833,0.0
5686,,,,,,,,,,,,,,
5687,21.243324279785156,2896.3936561417772,15.938166626527668,52.73959530691372,73.67556189126877,2.436505712502032,inf,7660.113155279814,,,7.264816614945607,2828.064378844518,0.4761388159892983,0.7151155502837329
5688,,,,,,,,,,,,,,
5690,,,,,,,,,,,,,,
5694,,,,,,,,,,,,,,
5695,,,,,,,,,,,,,,
5701,24.309741973876953,4046.0928280247745,30.77272105053298,39.1371068232557,46.52246607506428,2.3755612192723143,inf,4896.807956649449,,,8.88140275638999,3577.9890701241134,0.3037451173685938,23.778822448703792
5702,32.327213287353516,2264.1841468767657,24.986526034443216,36.27076267997582,54.68134406498019,1.7665835450649372,16.439266505734373,4368.828808380269,40.45145345891846,,4.032790765245685,2011.3258468378892,0.6033501993945136,0.0
5703,31.6679744720459,1906.0586331880786,23.35079086767142,32.428225980429765,52.95666031622467,1.7799035659940334,18.688797250048164,3693.301665337185,44.53633294603175,,3.4793721552205032,1705.7491322160465,0.9227269591591797,0.0
5706,,,,,,,,,,,,,,
5707,,,,,,,,,,,,,,
5714,20.234804153442383,3527.6287196609496,23.119626443236427,41.631834434803224,53.320470669555604,2.591561452053106,inf,5372.399713608803,,,9.161118553481264,3415.2661477944885,0.4567885815789949,3.615949416521399
5715,,,,,,,,,,,,,,
5716,,,,,,,,,,,,,,
5717,30.579153060913086,2192.8923785288152,24.77645680313272,50.63420168254727,79.45827451602416,1.2360019436543563,24.78786315419245,7206.028017392391,88.6320375827159,,4.007871931766584,2967.230769805568,0.3770944030393951,13.610936078758792
5718,,,,,,,,,,,,,,
5725,,,,,,,,,,,,,,
5726,,,,,,,,,,,,,,
5728,,,,,,,,,,,,,,
5730,,,,,,,,,,,,,,
5731,,,,,,,,,,,,,,
5732,,,,,,,,,,,,,,
5733,20.265522003173828,4881.859689751909,51.470377555635594,29.968912838328457,33.19991894381914,2.2379065772834505,inf,3281.2285266643476,,,12.441449448887097,5519.8721568023275,0.17155804099425132,43.129121297057
5735,31.61372184753418,1400.373915432379,17.484215384777603,35.61456194892806,67.91263385357874,1.5902128552416905,18.917517133252662,4250.807186633916,57.81322865202258,,2.5579766016253624,1405.5565736725666,1.2227344926062425,0.0
5736,30.231853485107422,1320.542350323258,15.545320616990407,35.89318847572428,68.8810475418676,1.6734995998293272,26.63920568580591,4300.788193567349,82.5721376994714,,2.5696550697952465,1294.111365129689,1.4493734032427783,0.0
5737,,,,,,,,,,,,,,
5738,25.875566482543945,3420.240692401126,8.382853090744092,119.50832836020153,152.58876975129982,2.4140799272883817,inf,26129.26859339166,,,7.171125096243412,2787.4816425284766,0.48894449881579605,0.0
5739,23.319381713867188,3315.503175044436,13.447232778320275,70.70106768867932,92.03535373391676,2.465900537041458,inf,11889.646819571162,,,7.634748746296783,2922.7355237934635,0.41703017942520704,14.757674127732495
5740,,,,,,,,,,,,,,
5741,,,,,,,,,,,,,,
5742,30.17888832092285,2151.5430115168083,17.736254081564464,45.13049186263801,70.6412438724918,1.9006540098763394,27.713402078843245,6063.663548865383,88.09691376545939,,4.027752328250148,1902.747708248495,0.7488854663882317,0.0
5743,,,,,,,,,,,,,,
5744,,,,,,,,,,,,,,
5747,,,,,,,,,,,,,,
5748,,,,,,,,,,,,,,
5762,,,,,,,,,,,,,,
5763,32.5525016784668,4668.361534134251,19.69830058069897,88.09806497071317,97.28205118542978,1.902192016023824,16.23558819746178,16537.869090806496,71.07440949229664,,7.857085639972909,3939.5662761046206,0.26768852331720444,50.642250686440846
5765,,,,,,,,,,,,,,
5769,,,,,,,,,,,,,,
5770,21.67519760131836,5835.63688201491,45.72731752240421,28.417511082318036,28.89099828108427,3.1754954823314203,inf,3029.7657563970724,,,13.900234222792264,4369.260880456687,0.30042793202588114,19.95730740082631
5771,,,,,,,,,,,,,,
5772,22.663740158081055,1063.9470938634593,54.32465277213385,9.485875532381948,19.907732338528714,1.4599253641227816,inf,584.3137798619025,,,2.755991304253957,1545.271233889697,0.7643654001961891,0.0
5773,22.34189224243164,1084.2794680472173,46.18614396569949,12.430722976867154,26.093801237997216,1.3354208207330591,inf,876.5457288464489,,,2.8195562992030436,1754.8154898021626,0.5519041797336242,0.0
5774,25.648334503173828,1112.4251415404644,370.7140118229677,1.1776168310131276,2.3380382113185174,1.8018257632284107,inf,25.558537660696384,,,2.6517963233121224,1143.4645889966716,1.514312978441188,0.0
5776,,,,,,,,,,,,,,
5777,,,,,,,,,,,,,,
5781,30.824329376220703,2400.6113198615426,10.00610158441251,110.61178483992056,165.16466223433252,1.533700446419078,23.14210547898157,23266.555665127456,172.0016115672279,,4.3753804254302535,2592.4089826763193,0.41551701183131345,18.02989717367652
5782,28.88462257385254,1386.9839985271194,6.055824073918495,92.41998948796292,175.82128304568772,1.7523356157782894,46.08148583831144,17769.64975595987,364.5947684134622,,2.769023221645354,1365.3344928295717,1.3216382143595526,0.0
5783,,,,,,,,,,,,,,
5789,34.6959342956543,2417.5403817653737,22.92912836759429,46.5860434343728,67.68511819301118,1.6003514450661909,11.370126558448558,6359.364769200316,34.63147619901387,,4.062137360728723,2221.7714606926706,0.5047507431833428,0.0
5790,,,,,,,,,,,,,,
5793,,,,,,,,,,,,,,
5794,,,,,,,,,,,,,,
5797,,,,,,,,,,,,,,
5800,,,,,,,,,,,,,,
5801,29.712486267089844,1941.1674727783725,20.058188982436274,33.74685288195383,54.81898142553264,2.0277901568417054,32.20880605457366,3920.8471577115097,79.45442733799155,,3.7389241511262887,1618.6342151054853,1.1166010465239873,0.0
5802,31.494083404541016,1569.2432664853443,60.116838452240536,9.925475683996572,17.720400672422574,1.8596354362508742,19.32122208859579,625.3987232192301,15.40709086008504,,2.901998433507173,1344.5686059213713,1.4771994258074066,0.0
5804,,,,,,,,,,,,,,
5805,29.951763153076172,1795.3660683568705,25.70794966566982,41.186867076339865,70.49867999149946,1.198979661257167,29.825479867688795,5286.498737942506,94.61956323532958,,3.3876952339130266,2532.701576613169,0.42297455984757526,6.037104422233402
5807,30.262319564819336,1004.8063259566948,36.06001440220699,12.010212394984869,26.130194213142122,1.6405549409062368,26.22348302988679,832.4459166208824,30.83511170321903,,1.9753296004392795,997.1949306268356,2.353310602168842,0.0
5810,,,,,,,,,,,,,,
5811,,,,,,,,,,,,,,
5812,,,,,,,,,,,,,,
5813,21.112762451171875,3145.118325557804,14.690991390040262,62.48734724236538,83.93073455341965,2.422583745599705,inf,9879.116974947618,,,7.92002302198258,3110.1912895170512,0.36982164834726367,25.879212602003253
5815,,,,,,,,,,,,,,
5816,35.651851654052734,3426.2432763030233,132.26534553929952,9.582250308748833,12.085077587294823,1.911567403574657,10.31371372773914,593.2411426241938,5.608891377579384,,5.440641773089549,2623.251397109705,0.6029149773202862,0.0
5817,30.51110076904297,3154.7274206788998,28.954132104836354,30.057313693728204,39.95695072348211,2.563221441957829,25.4987737653082,3295.757442451587,45.848396108233715,,5.686083223765597,2081.4063221910546,0.8084572469936859,0.0
5819,22.42404556274414,3393.0275581226247,7.987018154920211,125.38173050002936,161.80004603492847,2.395815983451458,inf,28078.983721847504,,,8.085154799265979,3199.965893755574,0.3534692221521517,56.83796943367649
5820,,,,,,,,,,,,,,
5821,,,,,,,,,,,,,,
5822,29.471628189086914,2384.7708978956507,12.085884256958517,85.14564034968288,128.39785731218183,1.6386674178171972,35.926194543615075,15713.524957844327,207.5780880351348,,4.497339042511148,2519.759583678099,0.47325764331534537,1.4694484326104336
5823,24.52164077758789,1334.063980132636,52.114808973690906,9.797176743162286,18.58732475660768,1.847564323452865,inf,613.3119263664524,,,3.1693618078697585,1431.3906488379753,1.163717588682147,0.0
5824,,,,,,,,,,,,,,
5826,,,,,,,,,,,,,,
5830,28.537567138671875,988.6513892596007,29.75610290467192,14.742815625514671,33.737079050128834,1.5935720242004585,56.98012183145549,1132.1413352018394,86.50542935312035,,1.9651411806257388,1091.6715179610985,1.892721955112327,0.0
5831,,,,,,,,,,,,,,
5834,,,,,,,,,,,,,,
5836,,,,,,,,,,,,,,
5837,,,,,,,,,,,,,,
5839,,,,,,,,,,,,,,
5840,,,,,,,,,,,,,,
5843,34.27717590332031,2566.4773089929886,6.480194764399986,211.35905551237724,310.2819391030781,1.3249927823820036,12.300252008533167,61455.574798693015,171.7445720098891,,4.186575788537259,2946.282243678597,0.3863637556742256,46.749982483516064
5844,,,,,,,,,,,,,,
5845,32.556114196777344,2520.4228193166327,31.210033731210775,42.43298902319419,61.55783140987412,1.3457380812184607,15.901027525085773,5528.221468196684,44.0474747234849,,4.393996615775377,2946.0966759686835,0.36883141912135287,11.649993047110302
5848,,,,,,,,,,,,,,
5851,22.079299926757812,8691.63944030287,31.070076140788558,53.930285789978576,46.206397101904415,3.6678508306815196,inf,7920.982946160946,,,19.77914108314485,5625.536055669247,0.18606714769705032,68.33057138479752
5852,29.496063232421875,2140.776811343104,19.96142645087799,70.62361466654684,110.2937159328743,1.0737789334096024,35.19146560841323,11870.114508664377,174.662887998413,,4.1113546956103955,3412.1498544824876,0.2130645777486867,57.05086283947771
5853,,,,,,,,,,,,,,
5854,26.482973098754883,2562.3016003305047,6.14823903543975,160.14742428698864,234.09424315672774,1.8401132304120082,inf,40533.11051832378,,,5.305936144761207,2667.2285747622855,0.4449495846634535,16.13934887539521
5855,,,,,,,,,,,,,,
5857,,,,,,,,,,,,,,
5858,,,,,,,,,,,,,,
5859,,,,,,,,,,,,,,
5860,23.611248016357422,7063.589776109773,28.619903245939767,44.19786035565087,41.22744094015667,3.9485811217829934,inf,5876.67757572881,,,15.370212638418069,3943.1494622724504,0.3865024284048892,14.144569492098322
5861,,,,,,,,,,,,,,
5862,30.57006072998047,2263.441333180307,41.98298537748555,18.244290117515572,27.815203244482085,2.089555723066161,24.666401174697075,1558.5489619014131,30.87454328928588,,4.192242008471038,1798.657880439941,0.8635326280996984,0.0
5865,20.951419830322266,3438.6189970105747,26.58416227030965,34.979301044356454,45.0698998449938,2.6147787926587647,inf,4137.582691188268,,,8.696290685063664,3179.1640358962864,0.3902741453536448,11.75501731714984
5866,30.69959259033203,3061.9662631921096,34.281092197263305,39.44802036226478,53.29324134706208,1.6010523768924263,24.217990752812018,4955.275626777286,58.07948517587378,,5.481663573131797,3218.5487776557657,0.3977922222697879,8.417140737388781
5868,,,,,,,,,,,,,,
5869,,,,,,,,,,,,,,
5873,27.614755630493164,3428.0943785244326,73.38583084758014,16.725344097864287,21.54548436550712,1.9749244891666915,146.38682155828366,1368.0204447355857,141.92887388401266,,6.699754374303988,3233.911159558276,0.3714921223769629,5.29954018461726
5874,30.78367042541504,2871.0258372386347,86.32109239203741,11.907224718935716,16.397318311902062,1.9751251788480235,23.5046995297502,821.76155693483,17.343631800671794,,5.19450073064589,2422.1345610679964,0.6460369289816095,0.0
5875,33.81720733642578,3101.343833049472,64.73639666136616,14.520202853629579,19.08173115773766,2.332994492922854,13.005775746492766,1106.5958093049298,11.16777223315799,,5.202542262391647,2027.474831747009,0.8115279449637014,0.0
5876,,,,,,,,,,,,,,
5877,28.078081130981445,1318.065180119693,47.387203335156364,15.436222585220454,28.56895248157858,1.2741477114722972,78.14347363614996,1212.946216508521,100.46147332754956,,2.8476115838159095,1776.7125961761315,0.4850313206184037,0.0
5878,,,,,,,,,,,,,,
5879,,,,,,,,,,,,,,
5880,,,,,,,,,,,,,,
5882,,,,,,,,,,,,,,
5883,,,,,,,,,,,,,,
5884,30.49513816833496,1330.3929206753107,49.445463369135645,11.237916493183327,21.91212964344324,1.6929833058189565,24.91259722164422,753.4573895362872,24.56496270339984,,2.518668568212683,1293.114614561346,1.5135805416951085,0.0
5889,31.73599624633789,1773.131844120323,55.49429031499901,18.505588587233493,32.08234891945541,1.2208851942207493,18.67154061584519,1592.1513515378601,26.95620964055979,,3.15502392073236,2340.3153951050276,0.5535955781394872,0.0
5890,31.83257484436035,1573.1217062619444,71.66694767817317,14.934667694021488,27.89107567873692,1.0392806800357113,18.451983889256663,1154.312347428573,23.15905555851414,,2.7512208421637734,2452.8219200878657,0.4481319330532137,1.1556501674912252
5891,32.027339935302734,1708.9524273614838,26.36142810042017,29.911581577924498,51.55828518195681,1.5325218121930504,17.350438651935086,3271.817426001621,40.2551488821832,,3.089945925248463,1757.8246036673945,0.7359936125653184,0.0
5894,21.688039779663086,3369.1392561044386,9.370830457193657,103.98530798217453,135.41588112801222,2.444859471416067,inf,21207.426442162272,,,8.240840786654571,3224.255234032871,0.3532537345905551,48.90230765845142
5896,33.52558517456055,3045.6156555793727,17.54392958944933,69.39615811559001,92.81880655010913,1.76887765105654,13.650923458864213,11562.004590516308,57.01780906913987,,5.104354107016988,2659.127876776892,0.48938580882633675,0.0
5898,,,,,,,,,,,,,,
5900,20.61228370666504,3375.39481582448,12.121433947691216,77.53351757565468,101.16384468587171,2.53960453691484,inf,13654.136092055975,,,8.642068947106724,3269.742956360628,0.4805649934409113,0.0
5901,32.52492904663086,1802.8774640188951,24.46152130821044,45.3791693997555,76.99955192578054,1.148447658476305,15.89188373637002,6113.850423097887,55.065056713069076,,3.179981664778148,2456.252190371183,0.43377957326079797,4.956854025693209
5902,,,,,,,,,,,,,,
5903,,,,,,,,,,,,,,
5906,25.80038833618164,2840.671113975244,11.222163903455344,88.89054782644034,123.1619666363384,2.0136026174462125,inf,16761.518848711705,,,6.038785312595007,2765.514722735414,0.41184571282382015,18.16476540908243
5910,,,,,,,,,,,,,,
5914,,,,,,,,,,,,,,
5917,31.847742080688477,2891.704059946068,22.556532229403285,70.50929270457667,97.07584094931734,1.2856423067224243,18.389328981559267,11841.304057569265,80.33218089203336,,5.0575592557252715,3642.2151881384816,0.21365968435113078,53.741203470909134
5918,31.474132537841797,1909.6890868107425,17.881116201374088,49.18520621178695,81.0958674993956,1.5353894297697042,19.614581765247742,6898.930032792992,71.57976857507663,,3.4684727003837907,2004.1382640982645,0.5775278550345981,0.0
5921,,,,,,,,,,,,,,
5922,,,,,,,,,,,,,,
5925,28.6759033203125,2774.43243109231,19.59711376358711,50.79729519110948,71.12034455850132,1.9707269371511162,53.01855031453822,7240.872121530432,169.68139048629882,,5.356860574718078,2501.2382479588023,0.5120259633476267,0.0
5928,31.333507537841797,3076.058329710863,43.17017160168329,36.375404556851144,48.82323777427451,1.3851217905133424,20.630912208586643,4387.748675986342,45.32705695170039,,5.429323389740207,3660.442356504548,0.2506256093642897,23.52185128828522
5933,,,,,,,,,,,,,,
5934,30.67034339904785,2445.4844927089675,13.264196288869522,95.8083542220249,142.12259069006345,1.3607100588923606,24.148603745893404,18755.777223946465,154.44279566613636,,4.465349301281351,2994.6745873630116,0.30445192873657584,45.96392982171201
5936,32.585384368896484,2180.132599160778,47.41451346978493,18.648733389982155,29.244983396626317,1.7434410700089416,15.866467875534205,1610.6604916455622,20.88065653123962,,3.7774159454658154,1971.479358499119,0.8273650134607666,0.0
5937,27.638315200805664,1824.652878353745,24.921674581974997,49.841563026460854,84.7251247890413,1.0387149552121548,137.9568165780981,7037.484893412294,525.9783825035211,,3.7011957663713964,3199.9388702965775,0.2282608210332489,39.85575363254693
5940,,,,,,,,,,,,,,
5941,30.485153198242188,1102.3168642413636,20.154298008255076,24.84067792825793,53.541464957046955,1.5568986209022173,25.07251037239774,2476.139805061017,60.40885209700184,,2.0746020646659096,1169.5594456775048,1.7119448145968688,0.0
5942,26.42091178894043,2153.577832244793,8.550976339573813,143.63718855978053,221.87952632852208,1.2398323777342666,inf,34429.4701861888,,,4.613102644441205,3274.5940594543736,0.2578391029546977,102.28002332397566
5943,,,,,,,,,,,,,,
5947,,,,,,,,,,,,,,
5948,,,,,,,,,,,,,,
5949,,,,,,,,,,,,,,
5950,,,,,,,,,,,,,,
5958,24.163726806640625,9170.900414672,22.248049662544528,60.57880460766877,50.38846299798978,4.811542599211218,inf,9429.985924278191,,,19.217270781372097,4148.43016435969,0.34199778607572373,29.070566909137515
5959,29.5322322845459,1419.7910285473897,47.059649260969614,19.844473482573434,37.983140729722926,1.0750314337447817,34.65158549851006,1768.0289281561763,59.22792218240701,,2.72883142371018,2255.382785306484,0.4883863495135304,0.0
5961,,,,,,,,,,,,,,
5962,23.71295738220215,3991.73229286789,9.66045226431819,101.18823995323801,121.46732296847313,2.8874794949645555,inf,20357.528833784603,,,8.942195016941106,2977.9701607802654,0.5187072472979392,0.0
5963,,,,,,,,,,,,,,
5964,,,,,,,,,,,,,,
5967,,,,,,,,,,,,,,
5968,27.363685607910156,3256.6462885799183,29.43255021218722,35.009199943363626,45.90811776822588,2.2348352557394593,246.3324024991162,4142.888783432671,508.889562482675,,6.469179131365101,2725.5675583977527,0.475116339092687,0.47229377850926907
5969,21.43236541748047,3344.465844020584,9.48691619997152,102.52009059155324,133.56406066903546,2.431519302323521,inf,20760.770500705676,,,8.300365079796492,3248.708203542723,0.3469502267465467,51.30309926677587
5970,,,,,,,,,,,,,,
5971,29.851224899291992,2526.1209137797255,16.84395790227958,65.99917789740412,95.31834395835546,1.6067801702746525,30.891138734509923,10723.530330951564,132.50214842225822,,4.7771002438172765,2668.54790153135,0.3936631509992944,14.95379856360164
5973,21.42026138305664,6928.55914859076,33.3892614842412,40.3009733979223,38.12429162152731,3.6408734327856087,inf,5116.857229669359,,,16.46203258683534,4611.93828036532,0.26518923501570496,35.458654301896
5974,,,,,,,,,,,,,,
5975,29.174718856811523,2130.7438364819723,11.010479259725608,98.46618823570458,152.7358669050147,1.389705875760022,40.178143493266674,19541.62544126769,276.1489609685172,,4.17105593158641,2636.6185366404184,0.3990392007651227,21.127012835063045
5982,29.433338165283203,2770.9335993946443,16.068105504972728,65.08862657845233,91.50715769205667,1.8734466860295527,36.5942690391146,10502.37828758316,150.6886896414513,,5.206006894091609,2571.1496217895988,0.4665975612367206,2.2497749830190776
5984,,,,,,,,,,,,,,
5987,31.15632438659668,2142.8740760648775,16.731775067147513,54.37535678308809,84.46970721480231,1.6654726911842757,21.087892651776187,8019.23933158894,80.15796531327221,,3.9353223704128895,2089.8619450897545,0.5542619585113217,0.0
5991,25.6241397857666,3072.3032112623055,13.579516439425866,77.33218894589014,104.43517126171729,2.068733124394576,inf,13600.987790171035,,,6.484553447867828,2952.7506196715053,0.37455349564632806,25.363006794440913
5992,,,,,,,,,,,,,,
5997,19.796104431152344,6345.448055744349,20.409889358310416,68.81547761305978,67.98122230402444,3.1946296388936233,inf,11417.188944857762,,,16.267944013697154,5189.047256352073,0.2224489329243597,81.16395083139278
5999,,,,,,,,,,,,,,
6000,,,,,,,,,,,,,,
6001,,,,,,,,,,,,,,
6002,,,,,,,,,,,,,,
6003,,,,,,,,,,,,,,
6005,,,,,,,,,,,,,,
6007,23.14815902709961,3893.0540397543555,16.59392634927749,75.22904485979375,91.28226285333243,2.2051631595785253,inf,13049.934066857531,,,8.937504997769153,3886.601584049076,0.2452255252934844,66.8076717176309
6009,31.778627395629883,1698.120871155386,27.17329865000922,34.31959643124184,59.312752386027256,1.2875647184602803,18.245598027723453,4021.085004790157,48.69884870790068,,3.0935116350266108,2092.890479086469,0.617603376957737,0.0
6010,,,,,,,,,,,,,,
6012,,,,,,,,,,,,,,
6014,,,,,,,,,,,,,,
6019,31.89227867126465,4766.227070999797,9.268576619701664,153.84105307258005,167.76229048301093,2.363602510989329,18.397413312882097,38162.63571619948,138.88764883492823,,8.187496766953585,3292.6245542779434,0.3847793623944401,37.182036510913164
6026,32.0513801574707,2680.190723208284,44.779563315075485,18.10985526155593,25.682549981433066,2.3369846961921237,17.5655702291244,1541.3542515105098,20.300788591283702,,4.700169248117043,1837.7614674343415,0.9955463323524804,0.0
6027,32.78571319580078,2916.1790625717804,6.484062902576487,181.4753096598176,245.67145033335814,1.7524047601879273,15.304780499127729,48894.08406276797,169.19764300144828,,5.033368985690312,2606.9350492559,0.4421355400064511,16.183533508628283
6028,,,,,,,,,,,,,,
6031,30.03788185119629,2672.8182709906687,9.540255791832953,130.19236926848907,184.6825422066741,1.5216293761094124,29.16535897524453,29710.385802584457,242.38496879632794,,4.974662146894383,2982.156215402333,0.34071605546702394,49.228891305449885
6033,28.75929832458496,2388.8631193728793,16.799284032846437,77.61160812301299,114.1460253477662,1.2955638238064573,49.77310404403466,13674.76963408925,255.6630898131323,,4.719372919929677,3219.8611690383527,0.2818910367345696,44.78531153871289
6036,,,,,,,,,,,,,,
6038,,,,,,,,,,,,,,
6039,30.295204162597656,1520.1175469253049,20.470207951785564,46.036535236912876,84.04608243232957,1.1406103000420107,26.43500974992418,6247.178881330005,99.97915538437036,,2.892591868413342,2207.199621286409,0.5166887149101879,0.0
6040,30.119909286499023,1356.861141568991,18.075730644079062,42.24701191371495,81.9221003444127,1.2564017974367774,27.974558275347608,5491.917333476836,103.12805565556414,,2.586475155303904,1801.6028431941093,0.7499976327813787,0.0
6041,,,,,,,,,,,,,,
6042,21.20391273498535,2927.993018037242,17.423060041940992,48.59597982570308,67.27713168587958,2.4452893850900934,inf,6775.330896234623,,,7.383625528435894,2847.835057668156,0.4596017187855281,3.510767309188851
6045,,,,,,,,,,,,,,
6046,31.349987030029297,1516.6808066326996,16.501006390493703,49.723869303623985,91.19672973698428,1.30708504071734,20.073052456594592,7012.572593476494,82.37685329461644,,2.7886551416062804,1867.0349321258823,0.7604524695890442,0.0
6047,24.280319213867188,1738.1934323491714,113.77891994637521,6.694522195023593,11.417837393822687,1.613621657355552,inf,346.4251185852668,,,4.061780858872086,2187.3330455084265,0.5666931838628534,0.0
6048,,,,,,,,,,,,,,
6050,30.606597900390625,2326.714482957983,16.891428815739868,81.04610897508326,122.11931652395855,1.2017926367944818,24.44525157154438,14592.451194802414,134.33568363779503,,4.296035223780406,3215.017811990506,0.24459064955402118,54.466547621667715
6052,29.669157028198242,1944.6117757715465,22.084364758263074,63.815179109540296,103.90682093680454,0.9756836096457181,32.791939118197064,10195.675025558554,153.3287765756294,,3.738395453829367,3380.748220378957,0.20759873737600384,52.40879604620613
6053,,,,,,,,,,,,,,
6055,,,,,,,,,,,,,,
6058,26.774459838867188,7474.124436803343,9.306708447024212,179.19792086114666,161.88524069290176,3.168956304746954,inf,47976.5975884552,,,14.514994722415999,4612.3531027153595,0.21520108517705852,163.75497947929534
6060,,,,,,,,,,,,,,
6062,32.65589141845703,3718.3472987608143,34.31197412890915,38.70221859142384,47.41932674368973,1.9799461833012895,15.850768367201384,4815.415739395345,33.82347439542887,,6.301962843628661,2989.3635019410476,0.4486208638805539,2.8958841472583785
6066,,,,,,,,,,,,,,
6067,,,,,,,,,,,,,,
6068,,,,,,,,,,,,,,
6069,,,,,,,,,,,,,,
6070,33.20033645629883,2119.692323623583,7.901752354861955,117.77374056461143,183.21542139713662,1.6105935144560457,14.118740902735162,25562.463118577114,116.40469788412253,,3.6929280115048857,2015.1809889172957,0.8014844159535969,0.0
6073,,,,,,,,,,,,,,
6075,25.992422103881836,7342.05269462196,22.231585387672467,81.20771607477934,74.22448347391537,2.8756416724904565,inf,14636.119279811152,,,14.615741104298625,5140.439836851631,0.17682752335791968,90.88150042470546
6076,,,,,,,,,,,,,,
6078,27.688796997070312,2981.068962276962,41.22876065691189,23.374520869142525,31.81020204366559,2.187328579826858,129.53952918139825,2260.18543466214,185.43053681557168,,5.899359109794063,2511.3056647304984,0.6046446402742074,0.0
6079,32.22673034667969,2983.934569075213,27.102377414849805,46.23068521589566,62.51559155516161,1.6839786410000122,17.037047834059702,6286.739879742843,47.92865056649222,,5.175768282443994,2835.494313675627,0.3713441394641907,12.600160806871394
6080,,,,,,,,,,,,,,
6084,,,,,,,,,,,,,,
6085,33.555259704589844,2698.9881107322253,8.382357480331274,161.88170250414555,226.77083324901201,1.4064426645257644,13.479907479306032,41193.30528680355,137.5582433040818,,4.5843265119369665,2937.5705360759885,0.32093023667870313,63.89259075775214
6087,,,,,,,,,,,,,,
6088,,,,,,,,,,,,,,
6090,,,,,,,,,,,,,,
6093,27.05721664428711,2253.2772625522657,7.1131328518658385,171.43311915488147,262.517276952689,1.306604018049805,1539.9612495490721,44892.32374325587,18191.989522992724,,4.6562192101039965,3205.5899199133187,0.2855603531453515,103.0614688605208
6094,,,,,,,,,,,,,,
6095,33.73820877075195,2526.325610022804,25.77233125709945,50.28059490210768,72.16344802317023,1.3785426738555124,13.049635242944607,7130.674410822286,42.37680035590036,,4.308328102362803,2777.840537598098,0.4270013000441251,6.124418316042631
6097,29.805803298950195,3519.578983960992,19.6519418933066,47.18276710111265,59.30047294735728,2.6840267477117634,31.875906893948997,6481.941487605694,85.06153594966958,,6.488530176662384,2263.2979167682865,0.7655675438126379,0.0
6099,28.89130973815918,2276.4543367312403,5.8135647638541466,160.84922854835494,245.89160805702582,1.7214025745674433,46.687020154786254,40799.84086120522,516.5975907563025,,4.413765778104269,2318.8727806462757,0.5534598053589566,0.0
6101,32.706825256347656,4401.104264008698,12.940882543203653,109.17113468361383,123.51553549279997,2.2027993510306514,15.751157976412365,22813.490179411147,87.54807204397173,,7.414564589666761,3184.2707730248076,0.3863139714865727,25.315431454092366
6102,,,,,,,,,,,,,,
6104,,,,,,,,,,,,,,
6105,30.39319610595703,1653.544948304235,11.91295459645137,81.38042406050074,144.2465323128909,1.206039610783959,25.856865196825577,14682.835004152783,167.83934135057842,,3.098254888734099,2280.3205037515527,0.4407094219728921,8.001415851945474
6110,27.870708465576172,1656.535742838953,31.059250395273455,20.98345885043574,37.007144616427475,1.7972883766772818,100.47433779066965,1922.408207640332,167.32207569865932,,3.3730046205535857,1655.141885771128,0.9853507161428041,0.0
6111,28.534055709838867,1805.5415049416388,14.223669038902676,83.79482062537174,139.04499861791362,1.0711829819088097,56.45256669679271,15341.073798156429,353.2251176249948,,3.662804171846293,2932.1140239780107,0.2659426744190348,52.70187473624188
6112,,,,,,,,,,,,,,
6113,32.93278884887695,2022.0210015953012,39.25058801113924,22.91550627216436,36.57912665596523,1.5896263034001434,14.771401297045134,2193.937141745047,24.314623151881637,,3.540395989763211,1964.145650417908,0.8320528247193955,0.0
6116,35.29587173461914,3162.1313728715836,39.207133465360606,35.02527109031721,45.85482643453525,1.628239607042947,10.736051613245811,4145.741831276771,22.15349024929195,,5.079206974374994,2862.695566629717,0.4325437210497484,3.7032946251476675
6117,34.41746520996094,3297.157517567956,60.00614760445226,25.234302291621276,32.51011691233887,1.5397054619538966,12.03229374028836,2535.2275619126845,17.602707429916997,,5.38781170272831,3235.772248177484,0.36006141845418477,7.220464326980668
6118,,,,,,,,,,,,,,
6119,27.052593231201172,3478.780124774883,19.102103765907703,61.67673754490001,78.35652334647999,2.0878985334808253,1704.681801811119,9687.508251963975,6010.782273086963,,6.974572717883913,3151.842740009517,0.36169653030828064,21.769473410132363
6120,20.386106491088867,3011.80595387516,16.50107990097653,50.9684739025166,69.66689627265553,2.5321999290884865,inf,7277.503799955346,,,7.875271513939415,2939.436761084027,0.4402200241513604,7.541128328010982
6121,20.87799644470215,3071.8927487033457,15.39921338233873,52.969595816947674,71.88659409872902,2.662967431325399,inf,7710.27706125255,,,7.829888426416922,2790.9363164667966,0.5412831621661567,0.0
6123,31.119718551635742,1970.7889973163801,71.62576017639931,11.172558445664567,17.68699611765716,1.7414188922543619,20.997519673901724,746.8939618754774,16.712237202872835,,3.707308706053356,1816.1604857742389,0.7890635103039944,0.0
6124,26.324623107910156,1458.0297895185731,21.682933617870635,27.646236333686026,50.51094880400579,1.7198768189669194,inf,2907.26098430878,,,3.2200965759055906,1578.917012936873,0.9636294197871914,0.0
6125,28.067224502563477,3062.6507551384234,18.33480715773332,56.71652455865742,76.03105962306373,2.0825551953470907,83.5341598484723,8542.685370943762,285.80358096007797,,5.994972467522919,2673.8163606828834,0.4816231025729922,0.0
6127,32.20252227783203,3627.798047803491,36.64714133659145,50.69409447160029,63.26536455786611,1.3807995345651052,17.28760928948586,7218.817299232151,49.21681068149741,,6.187886176585491,4249.22543544161,0.20594540597558988,40.00017818647209
6134,,,,,,,,,,,,,,
6135,,,,,,,,,,,,,,
6137,,,,,,,,,,,,,,
6138,31.232114791870117,2454.5735521459724,22.895187801715537,43.940987278436864,64.37761294597318,1.7252301203871638,20.821732011371623,5825.520186140355,60.320403193178784,,4.456101007109817,2318.229001824793,0.6374052951720307,0.0
6141,31.979686737060547,2379.7083681711733,14.291287388725477,95.98627877036095,143.61212179565305,1.2266713784720813,17.75784678915455,18808.048167342975,114.76089251606741,,4.206325484994734,3104.415491959415,0.271165911824771,53.954708140192004
6143,,,,,,,,,,,,,,
6146,,,,,,,,,,,,,,
6147,,,,,,,,,,,,,,
6148,27.340682983398438,3003.4869062032717,15.884504783138356,60.80393903288245,82.27912505705329,2.198899347930129,261.6109056292135,9482.60298419626,968.6302389249761,,6.025084753569164,2543.597026041966,0.5505019057670621,0.0
6149,,,,,,,,,,,,,,
6151,,,,,,,,,,,,,,
6154,20.101680755615234,3211.251579582412,6.3186899298468715,151.43625214758092,201.93739499536088,2.3730256688718834,inf,37271.32008285107,,,8.448371662809159,3403.8726959197174,0.3068771227835078,107.96635939522596
6157,36.221885681152344,3034.6595254625013,40.768143512648,36.65780576951504,48.94689650568153,1.4358450443179274,9.661133313793488,4438.944288024373,21.279712159702886,,4.77043810518229,3044.748309415429,0.3728100972312028,8.865134056206847
6159,,,,,,,,,,,,,,
6160,28.987966537475586,2330.0709787115434,8.340450347926113,139.60748431422473,209.97211524940258,1.4149984049627882,44.30019246133504,32990.8152430266,418.58123026779697,,4.5249227575175235,2871.01994176286,0.35887841121172687,46.582609518137964
6162,31.014232635498047,4093.8801313970566,24.972541286121878,50.984441168283354,59.942586882316284,2.2736296350363694,22.402490043976485,7280.923882864508,60.42884426285786,,7.216673658618356,3013.2984560849045,0.4975854238998626,0.0
6165,,,,,,,,,,,,,,
6169,28.546998977661133,1825.3632887317642,31.209671017916662,33.26377920535696,55.77399973522658,1.2432931301800503,56.49037911983726,3836.960952887948,141.78124755326937,,3.643193386571918,2576.1505841832045,0.41660188450684893,5.6441025630190405
6170,21.14228057861328,3548.5837159183225,31.226686890324824,31.2151446543125,39.72279656253749,2.5742385932051577,inf,3488.0124259241593,,,8.867698771241146,3310.0167175089364,0.3313189303558273,17.93391401002103
6173,33.90557098388672,3043.385738344005,31.244215518277542,42.26835995947458,56.79735839789926,1.6295098169647528,12.934613949005886,5496.0805810172,33.05933568900695,,5.0286720036971895,2862.889784251819,0.39772308776415544,8.22199501541465
6174,34.12029266357422,3141.114494920261,24.934338073695447,53.659543580045266,70.56417409407965,1.6600606346137194,12.50507274974432,7861.410186186875,39.708455875744036,,5.191350473081226,2874.863056498015,0.3694001588558547,14.151691352507521
6177,32.53007507324219,2777.112856632032,14.92358586562288,106.14426295362195,148.37754464253766,1.23967777931725,16.080097895279163,21871.30939651664,107.36664494909219,,4.790017651552795,3549.4239660140747,0.27637939925343,57.36494712259414
6178,31.140701293945312,2377.053176267629,64.78447905401694,13.451722468671235,20.06906139705948,1.928745963077618,21.30623270651589,986.7266169280834,19.241824154719684,,4.317646448537064,2015.8539931429743,0.7388401269929218,0.0
6184,,,,,,,,,,,,,,
6187,32.531494140625,1644.8821534827077,9.00522414565404,71.93954949827847,125.63952340021108,1.7953848238517804,15.719511929403652,12203.420223808846,88.87463941023931,,2.9505567184163306,1419.367943212028,1.3227993954892012,0.0
6190,,,,,,,,,,,,,,
6191,34.171138763427734,3482.578715799015,82.98853340053641,11.983574655546544,15.051620870736024,2.4761757617268065,12.457255455406647,829.678000015557,8.437584879211,,5.715590085525237,2141.011222956151,0.7747135603491082,0.0
6193,32.63863754272461,1461.632372816482,20.18680792120777,27.899874479049142,54.043499988353695,1.8350726201093734,15.819105829163787,2947.361252444543,38.47139305623806,,2.5003590109381895,1262.0606165743413,1.6150382001903398,0.0
6195,,,,,,,,,,,,,,
6199,32.3968505859375,2545.2934316349624,53.29647370099347,24.81561094608009,35.82222095288243,1.3608160153039177,16.36839464725414,2472.3927037618873,26.38585123640621,,4.4569805327316585,2955.0023813888774,0.38992096764579653,5.472578374923811
6200,30.73604393005371,2194.8673583535187,29.075121213704048,41.12525238587787,64.11948093427503,1.2979655679161763,23.666637042088734,5274.640438576351,68.28716171693772,,4.017138547255151,2805.4069710515682,0.42991098728762384,5.173047085378153
6203,22.137874603271484,3624.630949922166,12.564802078049583,82.73958410022969,103.91092227994267,2.4653569675918745,inf,15052.200546534585,,,8.691946625692788,3373.9744506760826,0.3221319010793986,48.54628404705982
6204,,,,,,,,,,,,,,
6205,25.82513427734375,3016.6027964856785,9.86225867082737,143.50946167745929,195.06509009030583,1.5071143568242384,inf,34383.55668178397,,,6.337710591156232,3944.698534602784,0.20692507821062658,137.3618944522305
6206,21.867626190185547,3309.201197448151,13.245685540042466,73.81821304150783,96.70833025184739,2.393151577031517,inf,12684.55650247317,,,8.054965794504188,3204.5720565999077,0.3560568281717523,33.56353699141814
6207,21.380054473876953,3343.3208705898573,14.27511393526566,70.50863884822864,92.12547098874215,2.348773549824419,inf,11841.13934536793,,,8.294257929492831,3375.0925441921677,0.31213305346340986,45.77377099114077
6211,32.220787048339844,2967.655092494517,15.527320623719994,57.51153563528965,77.91709875299348,2.349886802584939,17.04812898435255,8722.931090838476,59.77533373324057,,5.152744000664122,2020.2431906132497,0.7790523705277963,0.0
6213,30.17838478088379,1635.8278854512455,49.69146842216188,18.946202156867113,33.30342755437901,1.2286229169336762,27.38689090160769,1649.351599876352,41.0434801686618,,3.1274085075427625,2211.281138394612,0.6123000686392996,0.0
6214,32.865631103515625,1799.06942326127,11.647242155334391,96.13350014895263,162.52017141664328,1.1361484092660041,14.93127176758869,18851.33573322564,109.19847812116501,,3.1589388575067088,2448.1118554859377,0.42736867173279763,11.857901951723651
6216,22.51207160949707,3440.5950014849805,11.248874326570027,90.75232323310891,116.47511196664122,2.383151982092143,inf,17290.861143839764,,,8.155809025730926,3252.772035441609,0.3371209057854648,46.8288666180015
6219,30.268396377563477,1573.8172223889526,61.47100494373166,24.466723716194966,45.539482411105965,0.7399343084908664,27.216324906648207,2420.436661633936,55.77378072215631,,2.8891911868945157,3600.121235353444,0.17198934173718622,23.508989916079226
6221,,,,,,,,,,,,,,
6222,,,,,,,,,,,,,,
6223,30.98968505859375,2100.0918504570755,26.74834882215163,30.912021476522444,48.784705750932055,1.7959692939654073,22.038914308956464,3437.3290256451273,48.382287733460124,,3.8533621677740437,1914.7412271359192,0.6724139190954418,0.0
6226,22.342269897460938,3374.7686143669994,8.698948615925202,114.81154631842425,148.77696882736458,2.389332948263161,inf,24604.14880537974,,,8.057791232849663,3205.134040793528,0.3528436457149955,52.550493281067425
6227,,,,,,,,,,,,,,
6230,,,,,,,,,,,,,,
6233,,,,,,,,,,,,,,
6237,,,,,,,,,,,,,,
6238,,,,,,,,,,,,,,
6239,22.64482879638672,2900.021581068838,5.387301507254058,169.06748143965578,235.78072026845084,2.2514114309316926,inf,43966.32038845135,,,6.8526421622560685,2882.0530604739915,0.40734870859534345,42.14597237007474
6241,32.19151306152344,2205.1751715306123,13.399300420683723,61.160960565378424,94.27217097348067,1.9027059409132852,16.95435623308946,9566.243738920613,71.92457862979984,,3.9072776708407257,1834.9749624912547,0.7682305314080292,0.0
6243,25.48076820373535,3993.0786861796782,101.72384908653385,13.553105660690871,16.14779566558421,2.0480061736497475,inf,997.902778492055,,,8.423393155401147,3909.7681521740715,0.2391979163482862,11.302837658020524
6244,24.531780242919922,3559.017033886841,11.646941783607105,105.477132216154,132.69387122108083,2.0485418973262717,inf,21665.437618877528,,,7.803752387701995,3603.294477987915,0.28530291430623494,70.85932885399191
6245,,,,,,,,,,,,,,
6247,30.547367095947266,3188.8569437103006,7.4680686836583,150.25539854466822,198.06144551922412,2.009470572373481,25.194099217315866,36836.22549182707,224.549086929135,,5.759118186783554,2676.1172788886884,0.4666257472042945,5.027504067781449
6248,,,,,,,,,,,,,,
6253,,,,,,,,,,,,,,
6254,,,,,,,,,,,,,,
6256,,,,,,,,,,,,,,
6265,29.62712287902832,1874.4129809224503,43.04782261374202,26.998228542485997,45.22789776774828,1.1404173779775544,33.50823099730002,2805.6461698934395,68.19780806657907,,3.571989091215692,2807.6678014667295,0.3714870688062771,7.844015816933257
6266,34.66950225830078,2371.614238122872,20.88894913348541,49.380752426244925,73.32947147243205,1.625753717366078,11.489198407551967,6940.113136516507,37.91235810904621,,3.9390890981929156,2162.0167871451513,0.7066917839793304,0.0
6268,,,,,,,,,,,,,,
6269,,,,,,,,,,,,,,
6270,30.197895050048828,3049.9266481525974,21.57844990517273,45.374900428884345,60.885449809461086,2.2026143681097965,27.872596855980387,6112.987717724123,76.36660186203616,,5.5908163389028624,2353.484658362821,0.6217631686087582,0.0
6271,31.073013305664062,1359.783034779089,27.327098235560246,20.14402053801179,38.681949922326666,1.7466864332906507,21.329613748158987,1808.2115084025004,37.12819728909854,,2.542141307485699,1256.4079665973486,1.5893784175113235,0.0
6274,,,,,,,,,,,,,,
6277,,,,,,,,,,,,,,
6278,27.5023250579834,2505.514372659103,12.567391967484049,77.88807663564035,112.42639968071576,1.8099465942360105,174.80465399166485,13747.903180225007,884.3696053072263,,5.130950523029815,2525.9576215040515,0.4537805135147373,5.566598199933189
6279,37.68059158325195,2963.1703128904596,44.970456478692086,21.302864504807886,28.335242567401856,2.1871386490254463,8.279072141890168,1966.4685419204297,10.556528281806473,,4.574569973665353,1869.889609302524,0.8355989461601265,0.0
6280,,,,,,,,,,,,,,
6281,32.33407211303711,1881.8400803441534,13.48965033358977,57.56713387971633,95.01377146053636,1.7135327773732643,16.40015962263478,8735.58325293114,70.12084582356017,,3.35760479736236,1721.2178853487887,0.90785912049694,0.0
6282,33.64714050292969,3023.349739451216,39.0665278507315,25.860805786933494,34.57556334437986,2.1160529198005635,13.37126304427446,2630.2260504578244,20.80435285717547,,5.07146327889217,2194.455356890397,0.7098154284376921,0.0
6283,,,,,,,,,,,,,,
6287,25.687480926513672,1002.477460020005,56.96043363431598,9.382360410516798,19.24006957324693,1.3263991049033637,inf,574.7753880275137,,,2.4337598115576355,1382.169484434223,0.769475389241505,0.0
6288,,,,,,,,,,,,,,
6289,20.22965431213379,3125.230055652848,6.3482507368991365,150.2924830936232,203.2082600465526,2.316197896768004,inf,36849.863661633564,,,8.1699294130735,3373.926113982817,0.3108205823845156,103.79648525109698
6290,,,,,,,,,,,,,,
6292,30.595149993896484,1902.1274223725939,17.13385515545786,81.37246059757732,134.68648560986995,0.9646995345638619,24.42775075229261,14680.679878647677,148.05395550810667,,3.537271825257993,3262.677619985526,0.21758114676870358,62.21663847783149
6300,,,,,,,,,,,,,,
6301,,,,,,,,,,,,,,
6303,,,,,,,,,,,,,,
6304,20.253921508789062,3299.7834332715875,21.127866330040522,38.323328733407735,50.456768042137305,2.8817186348330512,inf,4744.875619105138,,,8.611307605128673,2860.943817924547,0.5540636543416374,0.0
6311,,,,,,,,,,,,,,
6314,32.17217254638672,1761.9165825780858,24.351222189265332,31.909705390905426,54.12766159878745,1.6033442818737336,16.858421389984734,3605.0740310765564,41.062811763908414,,3.1753463177938523,1724.5242821072493,0.7933958964172981,0.0
6316,,,,,,,,,,,,,,
6317,,,,,,,,,,,,,,
6323,,,,,,,,,,,,,,
6324,,,,,,,,,,,,,,
6329,28.909683227539062,1522.7892364946968,31.703024769085314,23.593717757715858,42.887922183679194,1.439553205044232,45.50794332447092,2292.052523045435,87.82835094176363,,3.034125423472797,1824.5190991282614,0.7951771006762812,0.0
6330,23.204547882080078,3111.6852110305376,10.726636384163145,86.08701947111001,114.77338076843698,2.3827552063666713,inf,15974.839496660104,,,7.255508786506023,2839.3086199973645,0.438197500621637,11.78854561059635
6333,,,,,,,,,,,,,,
6334,,,,,,,,,,,,,,
6335,,,,,,,,,,,,,,
6337,,,,,,,,,,,,,,
6339,31.499967575073242,2319.639813104299,14.615147969493583,61.97745698346656,93.3629136966337,1.8107920829855684,19.579472001267742,9758.445131162502,82.25984496060072,,4.180912573578727,2070.7761515271536,0.7841036041127908,0.0
6340,29.86151695251465,1583.5843971280788,7.481658440525407,132.82040701106692,238.43905541562805,1.1268433133905542,30.500665598332894,30614.50246054499,327.2647452666497,,3.0419170281194994,2362.9691806563183,0.3973763739819655,28.465504319569323
6341,32.75949478149414,1336.6990768980602,11.629884908513212,65.39105952141072,127.34959907632661,1.2428675786274812,15.144366362666888,10575.661872616125,86.78830430477858,,2.3704736431525015,1660.8335181661434,0.9006412568802543,0.0
6343,30.812814712524414,1798.7564000019738,40.160486501377136,17.920213059737826,29.88960206922397,1.7673201144106327,22.769837764300398,1517.2066896451772,30.626162548007724,,3.391768050557146,1654.150678227633,1.0653031149734657,0.0
6348,,,,,,,,,,,,,,
6349,,,,,,,,,,,,,,
6351,,,,,,,,,,,,,,
6352,32.3500862121582,2023.6332753193524,24.581984984704487,51.0609425687906,81.95818927850218,1.1400162389448942,16.430276862457312,7297.317406612028,60.5968083446162,,3.5786633706205375,2794.277645901687,0.37505592530748916,13.191678625768436
6353,29.852142333984375,1839.2377071745743,44.64272279073936,30.52211131156003,50.76766487349705,0.9544597477690074,30.575010094659813,3372.4991854006817,69.84998396952653,,3.53923538964218,3238.3050331168492,0.21819549812841965,23.63143901658629
6354,,,,,,,,,,,,,,
6355,,,,,,,,,,,,,,
6356,25.573684692382812,2579.831622145616,23.23136845156913,37.84410426744699,54.73178738835245,2.0749294786012427,inf,4656.154056490246,,,5.5588768894865535,2450.06912312204,0.536986062103484,0.0
6357,,,,,,,,,,,,,,
6360,,,,,,,,,,,,,,
6361,,,,,,,,,,,,,,
6362,30.67009735107422,2773.808654322006,28.97300550028498,51.59112151502676,72.72125027634442,1.3121786983751638,24.315459780105048,7411.266820320136,79.57127863140327,,5.004811697552708,3546.4869456235547,0.21936217215050524,39.65715416069807
6365,31.8056583404541,1754.8292726917841,52.56817678865905,14.082048916170898,23.809447795521766,1.6762203513595713,18.08626054980139,1056.887517212479,19.378074436951543,,3.2120090736252567,1654.8356295971023,0.8435401899489287,0.0
6367,,,,,,,,,,,,,,
6374,30.453771591186523,1176.1786973256737,14.019935196438325,42.44435354394702,87.9195190119454,1.3976305397090656,25.194473050325442,5530.442492288702,99.67886785548151,,2.231947492426133,1385.6240904858416,1.3669832644057611,0.0
6377,,,,,,,,,,,,,,
6379,,,,,,,,,,,,,,
6381,,,,,,,,,,,,,,
6387,33.645118713378906,1661.2109494657052,19.20694894749248,34.14272840011203,59.290899013543665,1.7912375374733998,13.08859355671178,3990.0407457356896,34.921551546014236,,2.8944223878065065,1393.9543196099596,1.356958992781324,0.0
6394,35.186180114746094,2539.960462407156,80.69101408785816,14.189575204058512,20.352450736089157,1.5686187102399067,10.76595176724571,1069.0157081950715,9.860107633649115,,4.1663190887468105,2368.4652939464722,0.576528770634935,0.0
6395,34.13098907470703,2354.496177548876,30.934668097853102,29.12962577228893,43.33752903547602,1.8475773344833184,12.33940641134308,3144.360656713501,24.064172263445386,,3.971694848575742,1912.8886147478624,0.7817832933466115,0.0
6398,,,,,,,,,,,,,,
6399,,,,,,,,,,,,,,
6400,21.864376068115234,3196.3193822498597,5.77236124383709,165.7965474684505,221.70184805939158,2.3615991605307207,inf,42696.592797930854,,,7.757023598465768,3142.66333023862,0.36221865644122775,71.48951924642681
6401,21.127437591552734,3337.452285540932,6.492276563845761,148.09913563713155,193.79668226395242,2.4544293285304715,inf,36046.141349874226,,,8.368789247333986,3262.07110492593,0.34461205700282777,76.71748115285045
6402,,,,,,,,,,,,,,
6405,,,,,,,,,,,,,,
6406,,,,,,,,,,,,,,
6410,29.32085418701172,1761.1058157795167,19.441466704814605,54.941957620345306,94.16081535644803,1.1658355600968295,37.74572535663471,8144.908129145143,159.93757241105757,,3.4165111741710104,2592.490452127439,0.40624092548134266,10.672571945204867
6411,33.11106872558594,3565.6548356362982,84.39963503203329,16.854019117448583,21.101142675147198,1.772475543058289,14.679492700980655,1383.837894442247,13.938933144697863,,5.9655556567992,3164.19488354717,0.42075715266499025,2.389760139017402
6412,30.687776565551758,3241.45951237836,30.124223652260596,29.789770982614773,38.86058013176247,2.554127515928153,24.205031515369345,3251.85178157341,42.327970505768086,,5.84303065873016,2128.6012252603687,0.8212591064321842,0.0
6413,30.770156860351562,1433.792109351518,11.527310371850332,69.04633956500943,130.622494743912,1.273803804691874,23.193031680820184,11474.690629539105,136.32892464704935,,2.67316215931722,1844.8565851901108,0.7089036824664579,0.0
6420,31.305049896240234,1542.3107727940414,12.659458750491451,67.0667839506498,119.44010210548106,1.2845004924090946,20.0399144373868,10984.776306153399,107.71062419639624,,2.8997792453863385,1911.3515607243314,0.7280697769949006,0.0
6426,,,,,,,,,,,,,,
6429,22.305492401123047,1457.5291359737307,78.98262680412475,7.570119594116277,14.214959682542009,1.7237248124571614,inf,416.5662748285985,,,3.660064875076801,1868.8782459339627,0.768672793618582,0.0
6432,27.370201110839844,7773.33972640255,4.087837309318876,530.7535621787367,472.7344675220343,2.533413788708557,248.75581002520534,244550.9600610132,5291.795042787499,,14.711442023995765,5897.951116780764,0.13175158809563173,686.9038330805369
6433,,,,,,,,,,,,,,
6437,,,,,,,,,,,,,,
6439,,,,,,,,,,,,,,
6440,,,,,,,,,,,,,,
6445,28.922313690185547,2560.627026286583,31.200959901306618,37.25321408794273,57.01489199043112,1.5577566845541826,47.53562146842393,4547.530473703466,121.9607245674094,,4.671190168360175,2979.912759795427,0.42227732540935436,5.926508683717881
6447,33.019779205322266,2307.8607883323316,24.517460328096394,64.51483512808876,98.37640690250778,1.0317145077356693,14.729028064068867,10363.808587847176,65.20449861491828,,3.9502088156631165,3486.325956624862,0.20649569955853994,48.930810635521155
6450,30.280527114868164,1790.9504047778335,21.820383042373308,40.17548268231544,67.47962675529467,1.444591610455132,26.532192420825023,5092.976244970051,80.56720987006187,,3.4141618454180556,2052.521766093391,0.760765331580526,0.0
6452,28.49493408203125,1630.0135248047397,46.42124180940687,20.664673347744458,36.64297586672761,1.2015197429905298,58.43602417149087,1878.766521239072,96.35714205585532,,3.2608242657933015,2383.546646092697,0.46956674159780937,0.5610932641491446
6453,28.11069679260254,1589.245293412747,25.068704101372152,42.60343401261163,76.42765574648621,1.0522027814178734,78.60031955656382,5561.563565519895,270.325717408479,,3.2224932080042294,2685.3601711804477,0.3134408660196019,20.55791033698623
6454,,,,,,,,,,,,,,
6458,28.563825607299805,3351.88883482954,42.21355946754731,27.50430183609624,35.50335659059877,2.0413713252285466,57.25052644684888,2884.901129498267,91.46636349488917,,6.409282569033528,2950.059894782763,0.49226096448597984,0.0
6459,31.32472801208496,1551.5410727831888,26.027284852484332,23.95156196127791,43.093909087166864,1.7598902017195999,20.10000543352911,2344.3948374776505,38.978451306182855,,2.8772399793710046,1413.2293900603402,1.338566408395407,0.0
6464,,,,,,,,,,,,,,
6465,,,,,,,,,,,,,,
6466,32.44869613647461,984.0636584833313,64.53381413732377,7.439053727848414,17.08829059586632,1.449449759200742,16.115191633297112,405.7948571752294,12.392148493703457,,1.7390469976939884,1064.608416509321,1.8899698761087131,0.0
6471,,,,,,,,,,,,,,
6472,,,,,,,,,,,,,,
6473,,,,,,,,,,,,,,
6478,,,,,,,,,,,,,,
6481,34.24954605102539,2422.396679543035,29.101828817327434,53.71620915731952,78.51315871639528,1.0957327106070796,12.114434260745488,7873.866188493841,42.80141249429612,,4.088074990405354,3301.7518628381017,0.2781330052893262,27.091720449387935
6483,30.556041717529297,1233.2204836303038,25.932736057448093,27.87783322445588,57.10993717765438,1.206197367715292,24.647571759582085,2943.8692632101124,63.34295736471575,,2.303905358209617,1690.4307065499436,0.7924395325527147,0.0
6486,,,,,,,,,,,,,,
6491,30.726768493652344,2309.2790563679473,18.057810752029024,60.75746649409,91.94503000576883,1.488321192018973,23.66563455344755,9471.733710886761,97.91718656050324,,4.246410351747412,2568.339009790382,0.42968390686754726,7.660895979588109
6492,,,,,,,,,,,,,,
6493,33.614097595214844,2659.017689720112,36.199177692835505,34.15584494486579,48.172846226191595,1.520696303522592,13.355385834289502,3992.340235695312,28.95151266390085,,4.5124892463560045,2671.465540678866,0.48940115609196505,0.0
6495,20.43349266052246,2854.3875838370177,7.312345763054156,105.91355519074796,149.28490664537455,2.606091626299338,inf,21800.041229722116,,,7.418287971093022,2706.789692129546,0.5783764468645941,0.0
6497,26.19147300720215,7367.360215904559,22.54116285683118,69.25292574085645,63.09667808089752,3.3372017613935614,inf,11526.227424838788,,,14.583731139675796,4409.644842986889,0.23645871182828712,58.32196197404612
6498,26.89259147644043,7391.618842107487,22.73490832953212,100.30224063081378,91.10329727403177,2.2920322489970975,inf,20090.740666820504,,,14.2983942120571,6280.471869895608,0.11544047919887257,140.7734671064527
6499,31.286636352539062,1376.1110488650513,24.505737790572876,31.76221469326603,61.75313729913707,1.2501436657446556,20.48237962569649,3580.1082727031076,56.918304055740734,,2.5103239010388854,1784.2372427767232,0.7271109892321043,0.0
6500,31.59916114807129,3410.2053437784975,44.26071126077208,37.180960005549466,47.377905613992056,1.4652999848267443,19.43722550620011,4534.306718020884,41.440276594378254,,5.9760179037168735,3806.214280061691,0.2588322533350393,22.846769770686503
6501,24.403310775756836,161.78166104116247,54.85204845550474,3.8864485444007766,13.591149877243671,0.5366220563124372,inf,153.2354961530694,,,0.6014954542807325,466.00720781146487,5.357846800770166,0.0
6504,,,,,,,,,,,,,,
6505,,,,,,,,,,,,,,
6507,,,,,,,,,,,,,,
6514,31.245946884155273,1911.7764195912237,17.346863057537977,43.686336904875645,71.61481360521869,1.7838384553298416,20.604991337269272,5774.952835922917,66.40301762800581,,3.513342754471462,1733.0302968961041,0.940390523225039,0.0
6515,31.062223434448242,1733.8707568539078,20.29882003083579,31.4360877428712,53.69088970771683,1.921332100163827,21.4392376261353,3525.1104912563706,51.79912842610633,,3.228487319921166,1460.5025043126116,1.3219416000370798,0.0
6516,,,,,,,,,,,,,,
6517,,,,,,,,,,,,,,
6518,,,,,,,,,,,,,,
6519,,,,,,,,,,,,,,
6521,32.243900299072266,1020.5806678247243,36.14165130503998,13.86960255620492,31.21471035686031,1.4396613051897431,16.721260243602085,1033.0611274376852,23.48771828875751,,1.8178589427781637,1116.4819630635925,1.6860433940694803,0.0
6523,,,,,,,,,,,,,,
6525,27.884246826171875,2355.3007796027537,19.40222021346775,66.15271075177425,99.18965530028188,1.2975745038562958,99.71149552033657,10760.971055422133,445.0656991562003,,4.728631645290439,3283.6930573361396,0.27452767720135,41.25093914909064
6528,31.874391555786133,2027.014525610148,36.698517601914965,34.29663052599717,54.56762513196768,1.1387853891857262,17.947430994971967,4017.0494500721907,44.070690897696956,,3.6614126277989603,2826.398994289578,0.3685610565318824,9.529873932140884
6531,,,,,,,,,,,,,,
6532,,,,,,,,,,,,,,
6536,,,,,,,,,,,,,,
6540,26.212984085083008,1388.9408089772814,38.764850590789976,13.977142669579292,25.768565739529315,1.8126427895787802,inf,1045.0993868504383,,,3.1269414947383347,1420.3455213605755,1.2450174270164966,0.0
6544,,,,,,,,,,,,,,
6545,,,,,,,,,,,,,,
6554,32.504920959472656,1241.5055946193042,49.8974786057667,10.69732345606677,22.512516842433435,1.644674484008863,16.214137196914603,699.7496459154131,16.425946652897988,,2.1288080486787067,1201.3576367127987,1.706212122379934,0.0
6557,,,,,,,,,,,,,,
6558,30.88518714904785,1334.2715472439666,23.90762929445525,29.17009330290033,56.888422755941136,1.3528663533916938,22.43602978959069,3150.915256554419,57.43576564358059,,2.4930702515490784,1605.938231337397,0.9675050868673684,0.0
6559,24.328542709350586,1245.9180605110632,41.242096240148264,11.53486215830529,22.407377637037506,1.851916252304919,inf,783.517334574256,,,3.013619607884168,1335.5324439736173,1.2763197725752469,0.0
6561,23.110137939453125,1061.9196968694653,40.056257109045866,12.07473095712375,25.00071817270881,1.552490136662137,inf,839.1627352553074,,,2.7397911591175,1412.121372951466,0.93553337453842,0.0
6564,19.14487075805664,873.745131580118,44.76298770345338,9.831829156113663,22.492248593740847,1.4038360214717795,inf,616.5687094570055,,,2.691918984445525,1539.7613879897183,0.7396913542377038,0.0
6565,20.55052947998047,928.8319064775427,53.4721772403961,9.516241988838376,21.24077476345383,1.2907103207057204,inf,587.1218071662483,,,2.657672860530451,1668.9325296840377,0.5919305716944225,0.0
17,34.247779846191406,3248.3409345325513,53.79224001167892,29.028221846007828,32.32010460994218,1.4709792420838659,11.2792158427002,3127.9560759749293,16.404544617938438,,6.214861546269715,3070.075353010505,0.2826791257153828,13.27469078914488
32,30.345901489257812,1822.3635633362137,22.595088876824946,45.378815355614975,79.71304092898644,1.2567613541492166,26.822138104491383,6113.778873682428,96.21333866368117,,3.2866059266220464,2470.382367290419,0.5007974412773931,0.0
33,31.308752059936523,1685.2887611795973,12.654052836016568,78.7836221290628,142.91354260965912,1.1953462938209434,20.75354918947767,13985.690446818033,133.4683456376433,,2.9756048374693536,2325.9829643264375,0.5500812885991128,0.0
92,30.874094009399414,1190.46629751795,10.435854253563518,65.84690569209147,136.96945499897055,1.225007452255411,22.59626170647461,10686.440018897516,139.2748942927471,,2.208560411561446,1589.6780901732295,1.0188258847462321,0.0
93,30.989471435546875,1190.0299310668622,24.319221232706795,26.968135493203196,55.96104779837844,1.283046220892751,21.911088077906463,2800.956589051114,55.177535125899155,,2.206092357229262,1509.8698615843168,1.17933292282828,0.0
94,30.759654998779297,1114.260156197157,28.515325463004544,17.018116003000262,36.46433956318314,1.6236102744450192,23.23722225044953,1404.0973354029998,38.129848319049586,,2.081275995045755,1124.1765113003696,2.1401399752223953,0.0
103,31.077754974365234,1499.2339476506584,29.880496402428502,29.92193520509862,56.78248052736762,1.1857057431335805,21.759907539689937,3273.51633862603,55.60116867673936,,2.7007069626619833,2083.9502909167636,0.5137644378241619,0.0
104,29.75882911682129,2109.248865818564,12.827171192408384,86.4455768187963,136.38832799246387,1.3450522614046108,31.89268279098098,16074.747524047387,195.74053564751648,,4.00707399318659,2666.5548292012627,0.3864062072134796,21.36518060688696
105,27.79453468322754,1887.7173198980272,14.376767939363312,109.8316342519622,185.2322868130759,0.8453435711846633,111.41043573266816,23020.839889907114,928.6564403521506,,3.7748341153379825,4067.832892977182,0.15278489132597,123.31233977305844
106,28.145095825195312,1682.5788569958509,20.06941224784952,71.71242495418026,128.0257031436271,0.8266684579385909,77.27858848390544,12145.673668875399,445.21405328695494,,3.328125364924067,3663.927197089983,0.18021056858343978,70.700984142773
107,29.117340087890625,1592.2980910747497,6.384071648763545,195.13163169357392,363.1261481119267,0.9038241637057326,42.13455064443854,54515.68957268476,688.5070685073839,,3.0109016541302247,3098.851326074641,0.23537439893135018,145.49512868555274
144,30.58922576904297,1889.732116189725,17.60305894373896,56.01516193674774,94.03038863686925,1.355162911154442,24.619681216356508,8384.716623117922,104.17491868004245,,3.4770316519128754,2322.175096889741,0.48324030828753556,0.0
146,30.656709671020508,1726.9442018301281,6.865633897393792,161.957232913333,293.04556395663184,1.098202222359181,24.583203558912132,41222.138472232764,324.1799437851938,,3.0775942762006525,2658.600263668096,0.3392268388579484,61.698638464963224
163,35.25178146362305,1558.4995916603225,40.84660520003991,21.694438495342702,37.430644459029786,1.243618898810857,10.32406286508651,2020.936262489097,17.38963469140765,,2.7086720304670036,1768.940648439673,0.8776817432150537,0.0
164,37.403160095214844,1862.7712502933823,78.51574845996619,15.046590551796253,24.927288690321706,1.1149352606148635,8.43660741031928,1167.3125381274508,9.463578681777124,,2.930489279285968,2303.9198745530443,0.49374197711149076,0.0
165,34.38869857788086,1785.866548629966,11.695572687256751,98.17716077587927,162.5406228234084,1.0997704437294031,11.700002354527747,19455.64791315366,85.5776551383128,,3.087885974608737,2378.486165732139,0.3995392459393895,17.82607584144221
166,33.40509796142578,1933.3957912645076,21.691182538555335,60.53952303513487,95.26173928499001,1.0410786659937186,13.40186441882573,9420.81527566602,57.45082113895323,,3.4678978814604684,2772.8390077361714,0.28791100958887567,28.829180088483085
184,30.493419647216797,848.1985772818454,11.091951084725968,35.70280985928292,85.70057336137477,1.5145101879555325,24.68142588948849,4266.616329518382,95.18455575474492,,1.6336890810530826,912.630847461395,3.0486433532261,0.0
185,30.03238296508789,1014.5478260961927,10.668141180939058,49.70648635766079,113.00101241210226,1.3528688818784287,29.00677342426884,7008.895631550402,147.50076436878786,,1.9127502744107345,1264.1678812042014,1.442402050605929,0.0
186,28.872447967529297,965.4571440794176,10.530971050253878,48.426600413983,111.12192496324633,1.338645558907906,46.54857519323287,6739.939048895678,232.76552758958036,,1.916083564677132,1249.0675079451112,1.5973303725324506,0.0
187,30.243961334228516,1068.00030715218,18.955557481710375,31.963572204899744,70.41558064042991,1.2464202860687783,27.027437125023614,3614.2064775328745,85.64187052715621,,2.012339047390362,1430.5407141687492,1.150027117416494,0.0
188,28.624296188354492,1116.6904752674475,19.837229899836746,32.01611194604523,69.14239383101255,1.2432778536380915,54.030312491706965,3623.121351737191,168.11033153014262,,2.206902218034901,1578.7654068924091,1.0258353077530298,0.0
189,30.407678604125977,1372.074828682104,18.92374734614148,48.598023205082335,96.70124781473396,1.0549625771290978,26.07812364307078,6775.758237663631,113.48041936283369,,2.512944483532348,2189.9946910097324,0.513442159097978,0.0
217,31.780010223388672,1720.5929320712194,60.72348514047661,18.71790557029926,32.89343499231964,1.0704076281957584,18.484369644512405,1619.630227992125,27.36064850740989,,3.0622703650144243,2584.823527982395,0.43830189429592753,1.8909245363101959
218,38.12490463256836,2286.5233126514636,18.37587891659811,66.53660552389736,102.34973879905235,1.3223666093588653,8.02430086941592,10854.778278824662,36.95782941133776,,3.4403039451788655,2384.2182758085655,0.4560594503397005,3.2770283305563708
219,30.83102035522461,1854.110901786471,10.575015714553418,110.78609507747505,187.20209278142283,1.1190627335866623,23.02941513264046,23321.575067577327,194.0019618763108,,3.3972542639144416,2734.9952815802053,0.3394562010199236,41.134244460891104
221,31.04195785522461,1703.7919291107135,8.752488593703479,139.70622821751684,251.74819344807636,0.9852676819656142,22.105902913720072,33025.822870101,250.43045053804184,,3.035118422692413,2873.0023639252295,0.28316708636812765,76.13098934601467
319,30.105058670043945,2130.571029821142,3.642147459612833,406.90458686990263,632.2692682494827,1.0165550660479892,28.1743036550613,164160.5785149947,801.618585994095,,4.046488395795762,3506.1560001353996,0.2047621737533119,333.91179616452956
354,30.143333435058594,1517.183574377419,35.37109026658387,24.468238486785665,46.61890607344029,1.2395726431939056,28.379643402165073,2420.661444264936,59.53625685734684,,2.7816307467964343,2085.457741553715,0.6212278134198994,0.0
355,29.565996170043945,1606.073464415326,13.266486389881537,79.04941645105824,147.01267397075773,1.0829186290901789,34.84430143825124,14056.525930462805,230.51492671861956,,2.983945841250004,2578.0566277608605,0.3487499064738934,28.68556274637377
486,33.20710372924805,2004.9249899957338,27.559989357398095,53.115588209801444,82.77063996521177,0.9684608976005025,13.894416403610098,7742.175087898066,51.75223819514748,,3.584795255541779,3122.3463375113993,0.22829772435145831,35.16014004911639
487,34.23054504394531,1995.1635032441363,15.961145011174624,78.99859317269673,121.02908244608385,1.118871195405317,11.804206188395927,14042.972056391192,64.28935097936747,,3.5413087063432345,2589.48707543826,0.35041307338213507,23.619049584119814
512,29.705848693847656,1546.096257497851,16.09948860057696,68.54331298839726,130.29974371659034,0.9907050078301936,33.099339629634194,11349.523632501094,194.07759619183727,,2.8519427560138912,2705.643180994129,0.3108969931572871,32.804966300308564
513,30.04713249206543,1601.0981239100054,12.085730944973635,99.20936265909896,182.8954047601102,0.9442290755605554,29.174011787994996,19763.278247913837,240.1106712498707,,2.9618072219635327,2887.6012780576134,0.2702408654882257,59.65171103784746
606,30.647533416748047,1497.2204134706408,22.38619270442831,48.00184415828599,91.31901704427958,0.9852185524796926,24.34754529369195,6651.458405847893,100.05272566474608,,2.726239133653171,2538.9524290928016,0.4205994396342335,7.2493649629766725
607,32.54828643798828,1758.4838386002627,15.936313530302643,71.47961915478228,118.74770245622561,1.091574264767315,15.524033906430434,12086.577483512941,82.95495116585215,,3.2056924637563893,2471.0480810303347,0.36761318354176065,19.361320950647436
608,30.645061492919922,1538.8893715280233,9.950388970832728,95.50200715345423,179.45290228087651,1.145090588070744,24.38313243320777,18665.891817731008,196.9030746827147,,2.7984768578428048,2247.19560653014,0.5520692633382902,0.0
609,30.686803817749023,1498.9153039434975,6.561558790517398,141.62702445366,269.0753024187554,1.1405358497091873,24.078102481593646,33709.2579126202,291.54702181070684,,2.728244225169878,2192.1943408492407,0.5881707338547751,0.0
610,31.431394577026367,1610.3320553581366,15.875998624900262,81.7531648812945,152.84024684969037,0.8773135020725383,20.265857019213286,14783.826502364811,139.384736524669,,2.8123887549702618,3030.3981620329505,0.24236189707867065,55.2447081158232
611,32.11054229736328,1924.0367312328813,64.35005777875305,16.86581921276192,28.437156386218827,1.2535509172511847,17.435539022137828,1385.2914596251069,22.311771743274942,,3.344000690988441,2465.767254398139,0.5093361591204792,0.0
612,30.653223037719727,1706.4308487154906,6.879883872522787,172.74315637967243,315.87651183450606,1.0152938074075102,24.671046056226874,45407.88478951617,350.6851787197226,,3.0274673650560544,2849.272317590936,0.2896456012426837,92.43456392885571
613,34.1006965637207,2058.8434604581453,39.357678208011684,43.98041078544113,73.2016195655263,0.8410456664496596,12.715417355240058,5833.361860459272,41.885511473482794,,3.322349446239428,3773.41049763068,0.16990486770686636,38.83385827672007
625,36.21784591674805,1599.7736866437226,28.499587500303708,21.98845764500445,36.149454811387656,1.8051371737222472,9.06569387592466,2062.158994056666,14.747395099572554,,2.8133649440903343,1197.632234776599,1.5397452641680258,0.0
661,32.51485061645508,1216.048603392057,20.42354492996482,37.014810423622166,77.0468318561601,1.1374420534465461,15.98885202909341,4503.947191553862,55.43506772363629,,2.129556654636667,1680.3928783083995,0.874390988784803,0.0
662,32.08737564086914,1902.8257258810138,56.56446523571491,18.83134733735675,32.3417108109868,1.2631616650829474,17.644155997409175,1634.3764145781463,25.678898584746563,,3.2669031398669612,2439.485617730203,0.5203698749022839,0.0
707,30.0279483795166,1548.4425960752349,4.048386399984721,192.2085075076255,354.1614362670305,1.40710189622858,29.071036600632667,53295.29927927066,463.3128034313164,,2.9158710969335138,1856.7000654818087,0.7036397177249173,0.0
708,30.39970588684082,1207.559401848606,15.58314563223957,45.78062067114278,96.70354407453559,1.1968967840398819,26.07780588510894,6195.159756722731,113.48173128500169,,2.221283527574142,1695.2577419567963,0.7828626362446489,0.0
709,30.46196174621582,1540.200225720829,27.95173677850438,29.729521148126157,54.728764806928595,1.3105858444529426,25.37800452398859,3241.991462349515,62.50080783881437,,2.8732140995552404,1953.2158175518034,0.66557414684684,0.0
710,28.945913314819336,1558.5040355949782,22.720761514605247,37.78502256414225,70.9654887523097,1.283661051747878,45.804977796006895,4645.254626243078,146.2757686462045,,2.967439052814255,2145.2679535564453,0.613340485727236,0.0
711,29.481430053710938,1545.5897608226844,13.70855337084181,66.00940096245314,125.31250760762029,1.2077632631152049,36.05931066234221,10726.021989107263,203.3407188765136,,2.875111553520752,2232.0723268605125,0.5893726570784733,0.0
712,30.07462501525879,1522.2394018251596,59.51190466602548,24.442943845702892,46.455602475371045,0.7399640167692095,28.999763216448606,2416.9087874106654,60.624066233845085,,2.7989476972381815,3510.7859436278586,0.18085356941080252,22.781760241692584
713,30.416431427001953,1844.07975581119,19.6615907556458,50.47878012365297,86.54348305072799,1.3138240240932817,25.994728677459126,7172.875162426307,101.23534623176803,,3.3803274553908182,2361.3127069711804,0.45539672286762434,3.1184001199686535
714,29.921499252319336,1505.434414570095,46.82873498314783,20.399430831971898,38.79048483814862,1.114336524897724,30.430584991168022,1842.7103326270212,53.118771557215325,,2.794937877295064,2309.6049124174174,0.5118498907590662,0.0
715,29.88745880126953,1430.1781230691515,41.89246022123704,20.803681806542894,40.472584048731896,1.160376872085986,30.739547999571585,1897.755678297257,55.984902301471024,,2.665455058022536,2105.8792898980073,0.574565096041211,0.0
716,38.02197265625,4952.556828135492,48.22431960835948,57.221652580679105,53.41934283758031,1.2690769744845842,7.592047295566567,8657.06323878522,18.250297979444767,,8.361952081077217,5056.207281942992,0.11485681534782864,53.5595743178124
728,40.323265075683594,6348.410192982299,35.34543831468796,49.82808073157174,43.57793062802244,2.54883927977185,6.514172260805278,7034.629594818203,12.774336609616224,,9.619559761854054,3176.89282571011,0.36799871956946073,11.181812887548693
729,36.39445114135742,5797.524418171271,35.63755126475564,69.47636281724269,62.29803457746344,1.6557038518866096,9.089891869854243,11582.054584107678,25.482707910611257,,9.77835648304882,4814.377696286389,0.1457956343779725,60.63953239319408
736,33.75210189819336,1506.4883600188466,6.926151163042866,137.5723823285795,257.8079686720706,1.1179633305369305,13.084507402260742,32272.074440599314,151.7980623503181,,2.547071600685013,2051.4842294094533,0.5702279102397501,0.0
753,32.610572814941406,1508.916228504286,33.79663029392871,18.735550503620615,33.313940425681004,1.6850402230797552,15.277272904828479,1621.9209491331478,22.902577173824692,,2.7696816116264786,1364.5403621191138,1.3196101292453888,0.0
841,38.423282623291016,2504.0854001909574,54.21838737036672,17.298159486160205,22.632016449088304,1.887937640565134,7.314193620193372,1438.8974436898861,7.449072764581491,,4.205037400965132,1699.896362332662,0.9991124721803638,0.0
845,30.009017944335938,1667.798042642382,61.72649798697723,25.297043390516205,44.53791601513759,0.7552436075463815,29.113820105357735,2544.688599806551,58.35009936295111,,3.168906175009252,3710.1754503592483,0.16495704382919776,24.87060663449808
846,30.177120208740234,1690.4431030223334,30.319167336046963,38.190273967701415,67.04935579954214,1.0323227924389096,27.636977729693506,4720.186479097346,83.3868698860009,,3.1831529200666,2743.4791264145933,0.2989191359816934,19.07965083615043
847,28.398937225341797,1862.11476812028,13.030738323869164,117.2261139501047,197.28482176985918,0.8619817175870657,62.95781198481903,25384.379282610513,558.9279322400397,,3.6835877321280273,3838.5406413032365,0.167126517547537,120.75606172068471
848,30.178749084472656,2236.2935335629927,21.4726311472424,49.150299862986245,73.94149074555288,1.4983124024223855,27.394237439935804,6891.587162491577,91.15068393659212,,4.272481595922539,2479.7783241281636,0.42158753901828055,7.254738511547956
903,31.267210006713867,1521.4720403940778,33.764299764169515,18.3683200498183,32.764828718171444,1.734689671902778,20.157306190508187,1574.469139257685,29.720280813828197,,2.8786389379760404,1393.5634569716688,1.3060843421976418,0.0
904,33.951053619384766,1915.9345376282097,76.86564457717691,11.615401487257905,18.338746722882746,1.5173968188027305,12.345466055802222,791.7377168713824,10.188016882798644,,3.3917978236453763,1857.2260268802993,0.8977990639528752,0.0
916,31.27162742614746,1176.080677894061,21.306393430653607,36.53509081561035,76.75663705089397,1.0683215369443901,20.542028142395527,4416.673367819044,70.95316492867963,,2.148579089675738,1784.1193570527346,0.7084539716116377,0.0
917,31.9936466217041,822.744070185082,17.123018303124727,21.504772508053254,52.904533330205034,1.5799181543628007,17.370176177696372,1994.491889655838,41.3532479045012,,1.5035846022956223,817.0934186499749,3.850233872680408,0.0
918,30.650196075439453,1260.085347614318,21.9708578148061,38.494829283484876,78.74509843985828,1.0535024556090944,24.140871627964334,4776.761882457272,85.54388907456149,,2.325782889136251,1982.6497715167175,0.5896672342991537,0.0
919,30.204927444458008,1247.3049470732224,31.953027155216844,27.504867145796258,56.85412662602449,1.0035432334229066,27.574521967566564,2884.9900721834024,70.54764136182555,,2.3204417056074256,2094.059332916005,0.5346232223045627,0.0
928,31.139469146728516,1789.9513181892821,24.176229297801026,49.30158711232588,83.22536370955501,1.0618832133302347,21.0907006296604,6923.430645408789,78.98765538567724,,3.3114488996695046,2728.5407363683657,0.3184666008908183,20.93133425130085
944,30.846467971801758,2009.8495590833172,16.824367220267217,103.65915708952248,167.2799732891821,0.8148959155967241,22.862485194526787,21107.728782579536,172.0996160699143,,3.7019881234610628,4056.263606650202,0.14966674311469005,106.46840877868996
945,29.47130012512207,1919.0164654236316,4.057358595541321,401.4674780083916,666.9435331355613,0.8330478357149391,35.68874847552279,160881.29387132093,1071.1071000653199,,3.6621211930886015,3961.675597200677,0.15689887491755183,418.17245314850254
946,30.148311614990234,1878.5183304407467,66.09231094839224,15.994783869294277,27.034167519244125,1.2565249772414744,28.125466770351988,1279.374115333122,34.215686110198334,,3.488573721814487,2528.0982895858233,0.4934730849606289,0.0
947,28.96676254272461,1800.3766038486297,50.65637310540733,19.84582746709817,34.158491600109144,1.2663246457209303,44.92949796023314,1768.2098796419793,69.06257454022851,,3.477938891927672,2488.86988965013,0.4920825127158192,0.0
948,29.806446075439453,1734.0043660672106,34.95912819927188,26.891035651666392,47.065804390192106,1.304268683189225,31.456303574263007,2788.953596458826,66.62323038891435,,3.270350886164342,2264.941560352035,0.5423252525537472,0.0
949,30.62125015258789,1643.8876445613078,36.57159448463191,30.13020123802901,55.29168818277111,1.0548997893953242,24.674454207836764,3307.7527877706634,61.393150266289865,,2.963732747223332,2621.528431754229,0.43420293114743364,3.505321045134475
950,28.708663940429688,1525.7573251400402,10.479369608801168,114.10703816888876,216.27754266266706,0.9022416570859318,52.11884958621179,24378.032108494666,507.24615217099716,,2.93134244003912,3008.0735956407284,0.24749807456564643,80.9279209818564
961,39.76921081542969,1164.941176007025,100.88421198017511,6.108072990840015,10.814337859036028,1.3367850318780694,6.260767514366924,301.91613482079924,3.0467724820758497,,2.0590566281224825,1036.479943649411,1.7498910920656972,0.0
962,32.56106185913086,976.5624039051218,45.63379189696628,9.910508928996242,21.431004584131006,1.5268714974824165,15.221487249503046,623.9846862062334,14.679529335962615,,1.8346253794370804,963.8071838330551,2.2733424329310736,0.0
993,32.17768859863281,925.1801079200732,15.873354643921225,25.85450117449878,59.71624173806996,1.594066394314432,16.71204908185338,2629.264273862791,44.90913433097009,,1.6896053552620776,903.7298756258425,3.121292714737253,0.0
994,29.88741683959961,1038.284093666771,14.240198551070089,41.8177094271404,92.69536874985376,1.2328916681314932,30.22423163605134,5408.419332574359,126.07408335081486,,1.9932321705335354,1414.7696329586638,1.1854381649283128,0.0
995,28.799583435058594,844.7935700564335,24.30269711073475,15.958043214784825,38.990622416618905,1.540286435375365,48.322759252930304,1274.9684879153417,84.78605070720823,,1.6871808243116084,949.9138614019786,2.9432656665173873,0.0
996,30.000715255737305,1226.3182573691658,34.418472936346674,22.7712201721726,47.02231878045907,1.1063952330900049,29.290008803043634,2173.248804285198,61.97778589586265,,2.3173445859096486,1868.7936213466332,0.6749289599732756,0.0
997,30.913928985595703,1266.278521508521,13.254940929390841,59.59236191268966,122.33963680480855,1.1335634836364077,22.59422215611854,9200.594574399049,124.38760196100152,,2.3052736605686595,1843.7681941462604,0.7037388624332401,0.0
998,31.76473617553711,1392.7260323798469,13.43337527687722,70.44421090628663,138.6832123298657,1.0406872634214315,18.627128158418934,11824.91312229792,116.2471486270335,,2.460354182263004,2162.662986422381,0.5230209202090625,0.0
999,30.361541748046875,1144.9745599474113,35.574407703105,17.53217284150486,37.58594321521618,1.2980978119605784,26.19619943718865,1468.1945611873493,44.30739890252928,,2.1335956350798164,1473.7909711799566,1.2711257360337733,0.0
1000,27.47161102294922,1237.886108055939,17.871336309538865,46.0900407945523,96.34419613283116,1.0626777100008227,188.08782172417503,6258.073138191216,815.4526493875907,,2.49296424708362,2149.4579766737024,0.5201270107893874,0.0
1002,31.651826858520508,863.9686359037172,32.60910691041506,11.507938132115974,27.46255077743512,1.627970594039668,18.579804691131876,780.7756728787616,22.96119733942664,,1.6037411591511854,837.8831678094157,3.788673867434073,0.0
1004,30.134138107299805,1550.9159357243338,13.020107199175476,60.078577892862405,110.1913882255699,1.4019710849538047,28.02593416558283,9313.425860239324,138.96974664108004,,2.922307785199812,1856.4643397333946,0.6789943377978079,0.0
1005,29.187122344970703,1376.173757205773,7.985871160563245,99.08416400887972,195.56457478259247,1.2297921747113407,40.463709932352025,19725.879232851945,356.0970702170964,,2.633398863308582,1948.3040947510685,0.5921643576553726,0.0
1007,30.360389709472656,1693.6561449447638,13.24096364892286,71.60051604190332,130.06201621770282,1.263206927449887,26.659343500570333,12117.254352641787,156.031558502602,,3.0626481338527887,2279.164085581186,0.49842692759460955,0.0
1008,28.878021240234375,1667.5209931009701,11.877921462636204,81.72287147548363,149.5973967832096,1.214708988076737,47.68147823734041,14775.610105492404,320.9861258586624,,3.156038930062458,2442.1625804721816,0.4192891889981423,13.441962970914092
1020,38.342525482177734,3234.952159921019,58.80478805690564,20.626470684739214,21.79503232979186,1.8858851976245987,7.01391429215188,1873.55903253243,6.879081994012773,,5.92847200597599,2097.19995696691,0.577948525592534,0.0
1057,35.78337860107422,1910.2994084294594,38.10001241281126,20.261919827537945,29.1229590660884,1.7497690626944116,9.265404280798002,1824.10941349821,12.142619532019818,,3.553303175855148,1452.4350635457174,1.1396407037411485,0.0
1069,28.280912399291992,819.1977970797074,18.041620642862878,21.420545606693203,52.58233006107567,1.4988828915445287,67.46999574073892,1982.7857480853427,159.64783133665068,,1.681438159985201,956.5920531809218,2.7942117139676426,0.0
1101,30.79473876953125,950.6424286251723,43.496284519304226,10.506309703038728,24.496986689636664,1.4709565221903718,23.090069905784674,681.0912387104579,25.453671081515424,,1.7647893324545172,1060.6439724865531,2.3719620762017017,0.0
1104,28.379657745361328,1981.5985250131325,8.710880631821217,166.08345792398387,268.9960767821312,0.968528113547814,63.57378871070977,42807.47023089913,769.5494887210681,,3.9508974955733422,3622.716685091574,0.18901605885419628,154.9078090002857
1112,31.544414520263672,908.263097909432,10.997211158821832,36.530251677447495,84.79773551295598,1.5986796370680183,18.989127275614575,4415.795902438438,72.46057465527404,,1.6956116862388821,898.350541182131,3.0795404693697956,0.0
1113,30.178905487060547,1565.9268617785037,24.422687193392104,47.552720857176546,87.71990830947671,0.9534274639529688,27.798901926898726,6558.326784346817,109.73327076592612,,2.9156724127054776,2769.2232874344218,0.28308976533641644,26.309821450008144
1114,30.50269317626953,1438.7648172853708,28.780975978891206,32.46147966550383,63.05000254619188,1.0889325565757153,25.365206167602746,3698.9840932334228,71.96743410534157,,2.6288192945056066,2217.9785736026092,0.5240419212576891,0.0
1115,31.657535552978516,1605.9857138256614,43.0445780985908,21.074491960622375,39.24408222590382,1.2518465893323347,19.225541049834618,1934.9318197343919,33.95199212087395,,2.801639365993269,2098.076488893017,0.6438892144015679,0.0
1116,30.103200912475586,1443.6106733742517,61.56898497703182,16.62395195833272,32.15637920644283,0.9973298496852834,28.587108582322294,1355.5995262217791,41.366605679501035,,2.675815974207889,2455.608115621173,0.4636152477919584,0.6866259640924502
1141,38.19304275512695,5370.9126120471565,30.67030638381193,107.38427539071766,95.88551877115913,1.153119411305642,7.460590722228915,22255.688395391076,32.19131752830973,,9.069628777698933,5998.2287595293765,0.08914896031307373,111.28772946757748
1151,35.287349700927734,2074.9438877760526,36.99874174445642,27.454292488731852,40.49068438569645,1.4444221772791739,10.199435605516788,2877.0365548868303,18.584195760684675,,3.6530791498176503,2010.0429941872474,0.6824107259076448,0.0
1171,30.808940887451172,1757.8868067194403,41.72249933401064,25.370474061329944,44.02990142052796,1.1742944549217007,23.16336113151153,2555.7764800701225,45.89462282348437,,3.222867800945159,2472.7595783644056,0.43629562150164625,2.762528137197433
1199,30.275293350219727,1964.4258462571029,5.209517250608909,317.834195608266,513.9311665173375,0.8389238483119266,26.699622910244106,113326.35670843498,617.4795756525651,,3.714799067394549,3895.5579256537712,0.1651483781726082,309.15684662825964
1201,30.09356689453125,1762.5924392069085,10.09508743623338,107.13366470814825,192.37663702928418,1.1523936569484357,29.09580578126463,22177.82423220506,251.88089705356023,,3.185954963949453,2633.5156934009506,0.3558475724136323,36.25681260444003
1221,31.017288208007812,1182.5396969838491,23.783675956848878,30.370466227792402,64.0372279049358,1.157631385114959,21.919819899908273,3347.3967037143802,63.16580261545079,,2.162497435682056,1673.8026907479425,0.809751560293473,0.0
1222,28.540836334228516,1639.8974124016004,37.0254019218153,40.87956761791688,73.67172300316979,0.7661178964100486,57.32154412467213,5227.444566413804,190.03396143900687,,3.213419706122088,3796.75620725722,0.16116145355364198,43.125965536552734
1223,29.867246627807617,1446.6959142913336,6.075369056762033,143.94373316502717,281.93638255496086,1.1697601717892894,31.178067752182123,34539.74591826161,395.5604236696668,,2.664366551888375,2129.5755255123977,0.6232688495597948,0.0
1225,40.35540771484375,1446.1518007577201,55.155722175997305,14.466409913961629,23.827335082659253,1.281585374551093,6.11466560549867,1100.4521063845698,6.5563283835282755,,2.4362424108646876,1353.3198953551396,1.1230032039310456,0.0
1226,39.28401565551758,787.7567633044332,46.037948569192,8.86282319570911,19.778999443379583,1.3651774110532928,6.638738897405738,527.701251496829,5.908842583043871,,1.3571664575485847,707.753447116627,3.5324799720866227,0.0
1227,33.20107650756836,1803.4366378541913,30.802440674505636,45.10676540901996,73.09653233038914,0.9178232938240326,13.798543002073174,6058.882402618338,45.388154009848805,,3.269902233694464,2940.6904442156656,0.2455606601227073,27.184767632897316
1245,39.63359832763672,1947.5616185039949,36.22661368942855,33.87607873355095,53.397485969697996,1.122161425816799,6.856733299850597,3943.3896843172165,16.475954407952997,,2.9989416512461378,2243.475486073835,0.5118299681950834,0.0
1246,34.020137786865234,1662.3407222432036,25.559004495482426,46.41984998597073,82.94159468426898,0.9907347110914417,12.598567640903555,6325.365049799495,47.02253808933762,,2.786696430127167,2538.964002628585,0.39847818563983717,8.827837982318151
1259,35.328155517578125,1851.9636204658957,33.983697684722095,22.135927792827285,33.700994021819376,1.7408008589264468,10.005456362267761,2082.9391836266045,15.173722127266222,,3.339914048882413,1465.9485597927796,1.2335009820921694,0.0
1260,30.14211082458496,1284.3469987519256,9.561439612851204,72.15927915792288,147.24746640765343,1.3162909783832142,28.153285538487356,12259.373448794797,186.54749849670714,,2.389688468621699,1648.6749595328197,0.8254343407320729,0.0
1261,28.32673454284668,1652.8610288450432,32.99905462575291,42.44324795690418,76.78851313304914,0.8344709708162649,66.86846548870147,5530.226408926611,231.0628518164698,,3.2357978427379175,3553.5178196731986,0.18903140758217235,40.10774959111426
1262,30.568599700927734,1700.396093050772,11.817219995034932,108.24876543341631,192.85713209214543,0.9399328496447179,24.857277767298577,22524.980496637978,215.7256485818573,,3.1095535334419013,3026.046060972522,0.25217348143702567,70.46604949127338
1263,32.75529479980469,1929.729468850835,10.42046513892214,131.65942383695196,223.94216827982274,0.9945860783311083,15.578668906167435,30213.97885867827,156.99244021922652,,3.261454168115553,3080.2384427861775,0.25309008191274834,80.95336278113196
1264,29.747650146484375,1629.6546301404696,11.044501823582701,103.76766669690674,192.12500270934953,1.0054775875068294,32.59499645440118,21140.880566470718,281.80412019508793,,3.0024243054209196,2806.28092806825,0.292325820663006,55.79979413397715
1265,29.08926773071289,1567.0088827138027,4.386535701242809,255.66611593289298,483.4280462083662,0.9880106327884235,42.89484133178954,81759.78791473292,933.1456201850201,,2.9422091182239547,2804.9503635676474,0.2926032235135893,140.19043852610557
1291,31.059221267700195,1645.0079072078452,30.640234460185017,41.41925436551693,76.36012168528202,0.9165552120615426,22.07845401078231,5331.303543743943,75.86610456988079,,2.9135352283360803,2989.3305500932433,0.24829631614388692,27.393085101352554
1353,36.708702087402344,5114.0844648829825,59.88691759705844,39.535161556080354,35.606315356328615,1.5273459603712967,8.50994297429908,4971.704094283777,13.635347094326976,,9.076308390622733,4420.005001045122,0.17955391905309218,28.66522135339151
1357,32.43332290649414,934.4103849311122,71.40554493587582,5.717063161053893,13.281463913719875,1.618518733767341,16.026174346476367,273.39431593648135,9.578297531596908,,1.6763312710184792,898.1401849859882,3.1752428058681383,0.0
1381,35.02824783325195,1995.730607217656,64.80092899461158,14.257556793111672,19.32310401057706,1.5274274028236539,9.919024347917144,1076.7073085252498,8.624985262121218,,3.9238139146022917,1733.8606732810888,0.7759095887324154,0.0
1493,32.63812255859375,911.2657175655397,25.285173036045006,15.961177250587413,36.899269406199984,1.5966112452400076,15.292807548284129,1275.3440972253898,25.393204156558713,,1.654246695966223,874.2044503776867,3.278044170636302,0.0
1521,31.558664321899414,896.3956386444913,75.48409144076795,5.8272059562243905,12.559549404045955,1.4410164445756661,18.076151879066472,281.3329160219809,10.216274515207807,,1.8134785791535455,938.8761178044939,2.0551727704587903,0.0
1522,34.027801513671875,1108.9212120622183,104.16206107453554,4.36366497326548,9.259545717673424,1.7251415241629475,12.36755805483576,182.30857441988866,5.153308615112936,,1.9161270781006745,955.692234078159,3.2157099961440805,0.0
1523,33.85429763793945,798.5730723042619,38.00552521430148,8.953388144757898,21.850168105706807,1.6594551262873454,12.504052777958194,535.8103693884793,12.294704484045752,,1.4202222519787004,708.7757068071604,4.370285648482837,0.0
1524,34.57101058959961,2361.770735738647,21.492690795153226,66.56219099556286,97.62243486933889,1.167358740695596,11.54167357568717,10861.03989940276,50.70268246165607,,3.989999558453644,2981.147113715865,0.2894519047552802,30.994123540179835
1529,32.875816345214844,1192.0706023925943,48.37204034859909,10.385452988341578,21.992716347253182,1.677904077902851,15.072086095607787,669.3729558277074,14.916425141793635,,2.05223866060753,1110.3532570553155,2.105400017643744,0.0
1580,28.689132690429688,2042.6902295433154,11.071850308245397,81.55814902079184,128.89069767108467,1.5995578352194413,51.65112827179283,14730.959546840675,299.58074813025286,,4.07042990803148,2226.8574734506474,0.5772284304680337,0.0
1654,29.857818603515625,1770.6644243649541,13.142055808300924,82.73624096513626,148.09924628587783,1.1514953046917413,31.478121016963627,15051.288267990267,209.7848698698583,,3.226259089583964,2665.272277582661,0.33904247514372876,32.35964629780723
1685,28.91596031188965,1099.9330546005785,30.84958330908243,22.741349246200546,49.60379174377902,1.1086276995678268,45.87044898014567,2168.973956928789,102.39066892821539,,2.148575361809122,1730.2192820767216,0.8600348546404081,0.0
1781,31.218730926513672,1646.595918467754,7.739900142504349,120.63664531646685,220.26879308704122,1.2469740833739464,21.13410068651089,26500.18301769205,209.48322830389932,,2.929673346105217,2177.800374491021,0.5178336903010197,0.0
1782,29.90589714050293,1817.5036041693245,30.83234995170186,30.860308950892012,53.48158181228471,1.3506828535655984,30.618133790774863,3428.707204958954,73.68778022718622,,3.371224024639943,2303.3744384382676,0.5364263249141137,0.0
1817,34.63605499267578,1783.4797721245545,23.030762917652854,41.9976883781018,66.67750409692606,1.3038255243682773,11.051020122324697,5443.37276218322,33.15844977666828,,3.197728302997282,1943.1712225968065,0.7261308677340678,0.0
1824,32.50593948364258,1988.2664854481732,53.09441600400299,16.86628211698827,26.166173636557378,1.5699701151826972,15.580325977757349,1385.3484916906689,18.3454881681674,,3.6543943222912576,1937.035021182912,0.8568303392191381,0.0
1845,31.003437042236328,707.7850506431495,8.222304748735407,38.755731708381646,99.9706872913227,1.5705684812493963,21.314567195499063,4825.406521709427,95.88743693330049,,1.3680986624141183,715.8466474323077,4.93859257128357,0.0
1846,29.9317569732666,1158.8061158949608,5.930746244564005,108.59562772675906,230.0276638353524,1.272254800469464,29.929204617974328,22633.33261347982,309.8045258425293,,2.200650058496048,1536.383266526584,0.9472816048335428,0.0
1847,27.836278915405273,1534.1952789161583,30.43895288612309,37.07308742546415,68.8023314967724,0.9613403703880058,105.36697546780704,4514.588060209396,326.2272108726755,,3.088266778152005,2889.8715627675065,0.2714793520708328,23.540176086052107
1882,30.522998809814453,1887.782665669106,40.12496220769509,29.48386092380741,49.07921632420277,1.1283348596136933,24.954386205543006,3201.890875979506,55.1133773468796,,3.5114314662488177,2777.3914663599585,0.35246902560537197,9.903846495928848
1886,29.856237411499023,1814.330566180605,50.721602262342635,32.382854974177135,55.54305288435914,0.7810760482767649,30.951105982820536,3685.55331423451,77.36035123949425,,3.4084164227090725,3956.7506567952305,0.15315067880893946,33.945115690351805
1887,30.604650497436523,1857.3931894298355,39.26295159321344,26.01401242783538,44.80190809687775,1.2858744378036582,24.753617647516265,2653.6339251340532,49.905418630917374,,3.358429172340407,2427.78365266698,0.5212694993562413,0.0
1983,38.27031707763672,1255.0837165082755,28.619049520932695,25.32116493394971,45.3858788526643,1.2246692377136978,7.283817697289867,2548.3291307786526,14.876211041734058,,2.180387064514156,1295.0754664632152,1.0994189730930315,0.0
1998,35.77989959716797,3556.3151611843095,37.60530632834199,33.87383139386246,34.82125322958451,1.9741120123219675,9.140362145407552,3942.9972840086866,14.322548919390512,,6.779428479646749,2363.5749603839163,0.5279197758227225,0.0
1999,33.99909210205078,2608.8518848254544,41.32983365534118,25.027434685645332,30.724582291073894,1.7834232794754354,11.598424055502747,2504.116331633359,16.03605304530293,,5.08381533188188,2032.8516357828541,0.6613962878682452,0.0
2054,30.468351364135742,1858.778255493222,35.52416745062508,37.63727036385254,64.24864513576604,0.9830385706370846,25.6008160301607,4618.03450783116,74.01679849385215,,3.4032411999930887,3175.4801038336363,0.23460020879718926,26.896622001392572
2055,32.13050842285156,1499.9153768611825,13.40289819182883,66.98169009851327,125.30996625163431,1.181399926077209,17.16516139765287,10963.876831418544,96.79346079496817,,2.659507419510493,2014.7022597330556,0.6072105398136654,0.0
2056,29.741470336914062,1556.3989110563523,37.325516926888604,33.660264483542406,63.34621248916353,0.8759565517484941,32.54374151700193,3905.7665510950947,92.76852443977879,,2.887256845975132,3065.2627037278194,0.24130064615631414,23.89597051051596
2057,29.631805419921875,1549.054251726645,11.905968144206303,77.98162131521276,148.77886803650588,1.179762679700243,34.11889490109657,13772.677753852404,228.4276752918747,,2.850824842960898,2287.5475888125416,0.45922661491178307,4.203571537094678
2087,32.66901397705078,1325.8228356531947,29.187431262750675,25.546221123330582,50.48951544647868,1.257326169643192,15.479105796116688,2582.379088289718,35.16896480358199,,2.332026261470307,1642.340782936713,0.9397551860895563,0.0
2095,28.84714126586914,1695.3245475880478,15.153001108077797,63.45311748086287,114.77858689786912,1.2467696840407723,48.377532458585655,10109.028983972317,249.87171659410154,,3.223519457118589,2416.3672398207464,0.5234371958788058,0.0
2096,30.167646408081055,1554.9491940742216,25.679846025137834,34.26004006282948,64.15437477719085,1.2497436071670829,28.081303106745693,4010.622587435264,81.06922996839256,,2.8631379278660125,2112.353028559594,0.6417669956398515,0.0
2097,29.86054801940918,1560.36624151144,25.652841329515862,40.730199552959135,76.23836791113114,1.0559893425896956,31.11657437305318,5198.820256818786,106.75245803341062,,2.8960653370376233,2533.9362387915303,0.4622586495047028,1.8426610190064037
2098,29.977121353149414,1563.3827963425101,12.094330275138757,85.89090763107275,161.90039865547493,1.0641952458981523,30.035743425837317,15920.283008983442,218.82594755504797,,2.868458650576228,2521.8317057882346,0.36530397489122224,26.610130405467384
2110,30.362375259399414,1939.236750724789,5.3925896491573235,309.86162979780704,504.6750331755006,0.8206361807285768,26.020439607108145,109089.18493440025,590.9339799881285,,3.6548075837595477,3922.841396629648,0.16002069444595168,307.4295476735768
2194,30.236215591430664,1838.216068825959,8.547352535243716,142.3004142916897,235.99124661190064,1.0686703965441275,26.89985287888839,33949.95808192393,285.6658416554518,,3.5078271459302357,2852.0344715210954,0.2875630764032149,75.40749827077506
2195,31.30821418762207,1850.598863222216,17.340485759519186,79.23336069776707,139.36366729157143,0.9524187946495889,20.946068132676686,14105.617766159465,131.36043916390233,,3.2158582274941163,3234.9904251375206,0.2287717016207251,57.76407806998881
2212,30.095685958862305,1127.8043871250136,40.11684105624365,16.12054326657981,34.71020669199063,1.2331399859538419,28.39134188650227,1294.4924028987532,44.34612053145592,,2.1252092485567875,1537.5568355574205,1.179269226978543,0.0
2294,29.792997360229492,1685.012464684232,20.511584797960236,62.55918438166383,113.43592834913584,0.9285340308063462,31.98997878605936,9896.157819138743,163.29658236596123,,3.1130580655598354,3130.249252396678,0.23494793163613018,45.839912501065285
2322,31.849102020263672,1539.4831294261041,30.689181165592544,35.12581464494126,61.32512297695043,1.0098299102422823,17.585838466860903,4163.605787815777,48.53041679848636,,2.9099646358270235,2361.352070469128,0.43482965044799915,3.709843865002644
2323,30.8912353515625,1109.258434190016,39.60707386201692,12.907407399845841,27.70650388020849,1.534284739453826,22.446969396820478,927.4457655483548,27.98671701113675,,2.0648832527243335,1179.440047227019,1.9655000641577756,0.0
2351,30.81411361694336,1921.0338428431908,36.20784893748469,33.11386520260838,56.402382010923446,1.1329413209747854,23.473564914870877,3811.0514379298766,59.57842389690406,,3.4322614681010277,2841.8153013450924,0.3071678440555446,15.700519806451089
2352,31.246307373046875,1917.5608900235527,9.009760581592403,153.14479241158318,260.8500330403094,0.9826948533325569,21.077261357560598,37903.85184957586,247.41019446835134,,3.386418446297279,3227.967122266031,0.23183052544579727,109.28524253181429
2374,37.599891662597656,3940.911858392697,52.34704903596179,28.53672743872995,29.857569287935217,1.8654574711267646,7.889610117651831,3048.85132252943,10.600406133416293,,6.7189610932972474,2762.8552616591896,0.4859757080159675,0.0
2375,37.3463134765625,3976.2531686958937,56.31916373575084,27.321832063313877,28.276333258037706,1.827229151452168,8.05109408077142,2856.240165150037,10.244493869386835,,6.862544129435779,2851.911740140852,0.452823141648244,1.4544203909912699
2381,29.663057327270508,1381.1272639938047,10.715026875618157,94.96967245944035,187.13612165837762,0.9597110512383312,33.23895997230153,18510.042073890298,279.9094525728553,,2.603839339540092,2469.168539163821,0.4434628215284139,8.94400810405502
2382,33.56673049926758,1629.4664227281723,18.826930447946282,60.654078154662706,107.5132813398487,1.0089993654843943,13.326690553070607,9447.56754257413,64.47583038426228,,2.8141939629809665,2447.508444253867,0.36353986913176856,16.864589006249926
2394,29.706274032592773,1873.274349317942,12.733638552610708,91.03055866996905,155.23104126587916,1.142737981329526,32.85531134951481,17370.439533907007,229.50738863549284,,3.4994894533868144,2821.511947175382,0.31550021225274155,41.937105798082854
2407,30.702646255493164,1904.2808696169234,58.2564304840505,21.12860421636807,35.113825810285235,1.093959711277046,23.7822055096022,1942.3889893682235,37.57878997418599,,3.5138100244656973,2878.907893400147,0.36972739106943725,6.04639080057795
2409,29.996238708496094,999.8644774140838,24.876606753059118,20.632419293328734,46.506379437572136,1.3774785524811555,29.09209940250443,1874.369583671033,60.883569605179645,,1.9172278474096116,1213.9234203568485,1.6996499175356723,0.0
2410,31.33658790588379,1142.4044749536142,10.784526616992048,58.79855157746436,126.99141017083574,1.2739054135702994,20.38704188205002,9017.370988664858,116.50406390160394,,2.0560376008862518,1461.5548669287957,1.1054371968868142,0.0
2411,29.90643882751465,1051.6966680757948,10.046392840450718,60.58936053879223,136.17100871057505,1.2217123807187544,30.375384990584006,9432.450811595756,186.13110663629485,,1.9774420805246398,1462.113165132338,1.0443482584767019,0.0
2412,30.690452575683594,1301.8651603582396,13.437442873040588,61.63203736907952,126.44450608344546,1.111547053190415,24.14184754183838,9676.97863732179,137.3671794766318,,2.3543193145777117,1960.5580348662763,0.5533323133836331,0.0
2413,30.74061393737793,1256.1928594191304,24.24572668711352,33.89706232182312,70.4540457881164,1.0807968133356196,23.75269800398503,3947.054185096927,75.30631527438283,,2.2793978025380257,1937.364482361569,0.5747649708251193,0.0
2414,30.468605041503906,1236.082378828916,13.429043514999185,57.678048184299215,119.7860394722873,1.1284356052228661,25.483331567989943,8760.841615318688,137.36463124898827,,2.281127616496203,1831.276227261454,0.718173802247125,0.0
2423,29.649965286254883,1988.2975136474574,4.465276774500278,362.91953430758275,588.5714328826003,0.8675762275869061,33.16394718865421,138275.58772102188,878.3708362591093,,3.7974857790844525,3905.579981899985,0.16286695139666926,365.168849378316
2432,30.99661636352539,1272.5918393979007,23.188083680771815,40.855570788166496,84.1777949836366,0.9498564907911458,22.20477466702533,5222.8423765998905,84.11170363104176,,2.297141826347715,2213.7225237260345,0.5166433394087905,0.0
2434,30.898820877075195,853.3200332671914,22.235006098889823,15.952966125527126,38.95138432844686,1.7010545771131893,22.373268302039936,1274.3600849452066,39.216139754229694,,1.5918431363763537,817.0768327452436,3.9757554074838106,0.0
2435,31.543983459472656,1118.1030044913641,39.05141862248568,16.428869177300978,35.63665246160526,1.232316689252907,19.387123649330082,1331.8076423519153,31.090148447460496,,2.0133030726142813,1464.6291677533777,1.2888677688449168,0.0
2436,32.000518798828125,754.0436853701617,25.8942190625699,12.95293067246536,32.67137443420333,1.589683442010677,17.162637281911906,932.3566167511258,25.23271270120927,,1.4036830088996126,736.240273777463,4.667483376258353,0.0
2448,30.80437660217285,1607.577450373399,10.721589804615434,90.6026334231731,164.61844702580177,1.1701913926397036,23.206648652851243,17248.098633081157,171.9109107857604,,2.9442349483329626,2271.077257944243,0.46904024851833637,2.432219327493487
2480,33.04793167114258,1750.4949736393796,50.66348909474226,16.379009447099474,23.83501919666842,1.4916369789302573,13.190268528207095,1325.7494199297273,14.147563661056234,,3.602226406351196,1644.3181084625126,0.8446571190570661,0.0
2598,37.67315673828125,3396.1494098554426,36.151091549693795,38.96209957560171,41.64848066849693,1.7049357742949085,7.6025023212031515,4863.999521906337,14.248470193057463,,6.094954344318471,2523.268070030162,0.5182983519874478,0.0
2599,30.638938903808594,1005.28875181455,25.860972892408423,16.633636565025856,36.9636056894177,1.6525087136605137,23.801995987309578,1356.7842950556646,39.591341743320605,,1.9129016395557552,991.5017766017944,2.7383209766751415,0.0
2600,32.33035659790039,1357.507128280158,15.37117757267697,57.16921296334295,112.72675557310104,1.0923398254152803,16.54887279773285,8645.165581905156,83.94753324961673,,2.3872666376005434,1964.2329667911024,0.6117620082374573,0.0
2603,33.6283073425293,1641.897461154765,29.08350914507361,38.9393761821734,68.13164097237978,1.0251684626720756,13.134262426647423,4859.744985094686,40.268648344021194,,2.8572221797749133,2410.664579864647,0.3747372545293265,9.650299709867989
2648,36.44330596923828,1662.6153863081565,44.24457190502947,16.39502851179632,24.92631782893305,1.6207074325338346,8.558033616709645,1327.69481756728,9.599411966435909,,3.0848201925254264,1333.254505303605,1.2022091474655483,0.0
2673,32.754920959472656,2204.431438526575,49.18627521051846,26.449164816411937,41.68794467384502,1.1981900254612254,15.494117654830138,2720.495049859128,29.06630638040718,,3.7618474127349417,2904.784848295408,0.31683802842376885,11.075952508371811
2690,31.495826721191406,1291.6738158298044,24.44687900048798,30.218852254722655,61.13005745152674,1.236335870074835,19.62074982857046,3322.361945231869,53.97379039181455,,2.323551303359699,1691.0810501335382,0.8050087874352028,0.0
2692,30.190200805664062,1606.8881938986735,16.76435673290264,70.04060480245266,130.84808710838612,0.967684714030541,28.10817838192857,11723.4335738383,165.50556180194903,,2.9154388176073973,2840.0279848474056,0.27937030045840183,40.16624362800364
2702,34.248992919921875,1871.6204495840775,29.622624551837507,42.96667118822775,69.36645289022256,1.0397945609195665,11.912500265046468,5632.84185251203,37.18475497980493,,3.2533484916862836,2643.303429279717,0.3815430497101284,9.676275670011885
2707,28.37010383605957,1187.6046681206867,20.997356187603735,36.926107093101436,77.78903182749589,1.0830755647954942,64.26964524314269,4487.766816840998,224.97630657123133,,2.3522998176120504,1949.7936467690947,0.6264686762082767,0.0
2708,28.644804000854492,1388.0217599779394,8.698013029545121,97.40034509006617,193.79582034000535,1.1585125085799421,54.180293711534404,19225.194359430603,472.4961509740159,,2.6688368962409426,2137.052347083824,0.6070701897170532,0.0
2709,30.505443572998047,1450.064958366109,6.804791975039312,131.8805015327203,255.02680218815698,1.1425547406189678,25.338235794214604,30290.11211102309,290.78681614596206,,2.6505483605068183,2129.717551746041,0.628332452060312,0.0
2712,30.08929443359375,1753.419018797077,69.32022387640244,13.349393349284606,23.88845037480991,1.339828551805936,29.035241100739523,975.4888073817779,31.21231122700457,,3.1890574455610103,2245.808171996225,0.5735864914366335,0.0
2713,29.794269561767578,1547.8468075841806,31.43851697718357,33.24283273879609,62.64196879876388,1.0472561085945555,31.90273427151444,3833.337276218125,89.9302538174158,,2.8709457454107556,2543.5684630960945,0.4477616240425683,2.76417984704203
2714,29.614517211914062,1579.2738641318015,99.89144069163159,14.548347765064891,27.286469057211715,0.7684232550565071,34.199147263714266,1109.8147858729787,41.99282881174647,,2.929622937545001,3567.34917645303,0.1767932979666267,14.038732115018057
2715,29.631080627441406,1547.627254713341,6.372863315320905,164.56182494997768,310.4261940168198,1.0434885132278753,33.899154105156256,42220.52584874483,473.543342516399,,2.882038567856514,2566.6159431511546,0.3494682230557168,59.0968179477093
2733,37.74277114868164,3278.5505347726635,41.04153909046517,29.91042860669225,32.24477770801415,1.8885157413633031,7.514430387391864,3271.628254709854,10.903551184970878,,5.928646240931094,2184.2048440639533,0.5603746897728387,0.0
2734,34.81431198120117,2160.9053638444575,18.940921025865684,43.72226679439239,59.516865177018005,1.845087583987659,10.4491238377481,5782.078727775957,27.985459260114837,,4.0868849056429015,1602.3966372494413,0.9793786215603361,0.0
2741,36.6431770324707,1370.5837700297743,38.9891386600908,18.75598270472614,32.703529263501004,1.3252784081694386,8.578270674850852,1624.5748702288245,12.624287672034782,,2.430713229993284,1369.0450520953011,1.0023161138460905,0.0
2762,37.82789611816406,2984.844591345434,25.19553821148064,43.26302134661292,49.28449068220573,1.9362714437726176,7.4912218916949165,5691.218563894754,16.614047498380817,,5.3430164142923715,1944.9080446286555,0.7293908714880993,0.0
2831,29.996782302856445,1552.876731818562,9.620844052446632,96.04962409004847,173.51490519467515,1.188264548178457,29.066805221423508,18826.6695533581,226.95857785383248,,2.981163327843841,2184.000090793606,0.46085412583346014,4.573412743595664
2837,32.01013946533203,1340.9701707709257,60.293057753079715,10.452001213090409,19.16398663967008,1.5046564750742026,16.828142020360943,675.8170944797706,14.51224299819005,,2.5744035532934473,1358.5748352751,1.3922171170016562,0.0
2838,27.953432083129883,1555.5256692262371,142.85308888775705,5.755285836581692,9.996476572280557,1.337844541795238,89.34022684975464,276.14064969128503,40.18893680996112,,3.309785944415701,2027.4288481950075,0.7356943772173291,0.0
2874,30.765832901000977,1310.2383754466812,18.925963801441267,43.117225560212056,87.11062439380242,1.1353414783530174,23.495451112311837,5662.473822975749,92.10165375633946,,2.393147215641883,1914.1961517667542,0.6470709444500342,0.0
2876,30.526512145996094,1249.155263978683,20.350290287102627,33.08033975570478,68.86097431592825,1.3120816284728771,25.174205888633306,3805.265272939425,78.00841553044806,,2.283922217639213,1595.786328967505,0.9323121045322532,0.0
2877,30.222564697265625,1110.132084862636,23.78754411990082,26.130231041292053,56.201886515740924,1.262893710508131,27.135048157363187,2671.4365910615174,68.62684037126807,,2.102746370387277,1464.6513435767665,1.0928417450146597,0.0
2880,31.666288375854492,836.6224690926772,15.83614080214833,24.21513280527509,58.67615921465465,1.5426887649037166,18.51375483361741,2383.1988383044923,48.88422118252876,,1.5536057226426883,855.4682756951563,3.412317284684431,0.0
2884,32.01032257080078,2173.7378546339655,15.917617665680318,95.48798193642018,149.04060234039608,1.0112659552461383,17.61973936300391,18661.780120293683,118.17254554843002,,3.8503389031700075,3430.9983660859057,0.21134848735200915,72.51911952426548
2885,28.954809188842773,2099.989379547199,12.414037484566174,93.16318755523706,144.9417879173309,1.2839399396259195,44.58664124982927,17984.422833787725,290.81103749904923,,4.1571216537458335,2825.183561705805,0.34639401486819354,34.25022376760317
2889,39.028926849365234,3386.547553599174,48.3963592256381,29.424381218757432,31.966200007242104,1.6815978763683312,6.813449270980095,3192.2066910007206,9.801003696090643,,5.8121744307923,2496.8562457555777,0.5260963950982883,0.0
2890,40.13139343261719,3482.767410947029,37.619812571223385,35.52074282701606,37.12478004051919,1.8429383494939693,6.1627138901931495,4234.021458395071,10.295522893173285,,5.985699103414319,2257.034896605357,0.5801872890286314,0.0
2902,30.389001846313477,1318.3100939694511,27.298877752148027,32.846707180925904,64.75415548611362,1.0395992246958359,25.78653923796687,3765.024043910176,75.14035070688344,,2.487606972048628,2101.0092230835016,0.47839789340337746,0.12854825445069853
2903,31.014822006225586,1352.5478540888466,26.40418226694065,28.355753073103134,56.6408011767492,1.2773906532454025,22.097667503675005,3019.894522201328,56.32333161955055,,2.441450990677179,1748.0828768872898,0.8037156056253224,0.0
2906,30.67252540588379,1630.2448668809836,10.893822240630948,86.7315974588734,158.5425046615626,1.2200572603860889,24.218656026737193,16154.592741175806,172.7858873707093,,2.9584407795821,2234.142294542225,0.4760796384855452,0.8392182596964738
2940,30.68924331665039,1618.602755009768,14.93852190684666,78.16381816610928,144.32274513363313,0.9801936470239467,24.198182957194017,13820.973819231946,157.15566862326614,,2.916972730224749,2769.845244184489,0.2964245115949099,39.70797779302026
2941,29.39706039428711,1553.8429610830558,19.298459126669247,54.61046681189997,102.87473001329923,1.042542104556991,37.21985067253104,8071.3063049052425,172.3041940082375,,2.912729070370998,2598.87698540722,0.3715998618465647,16.17798785442359
2959,36.346351623535156,1064.718786245231,108.71611581159357,5.410189917566016,8.876276522902522,1.2800103485394336,7.950825475601549,251.6800327116502,3.175817647804979,,2.292852092086827,996.4163288205268,1.6791206865431243,0.0
2960,36.36875915527344,1372.3330669313257,47.45753237088862,13.905838730500587,24.14845823253017,1.4704226675682612,8.809954110180042,1037.11228420926,9.573606398708561,,2.4580103486261855,1241.0752901184644,1.287026083197604,0.0
2962,34.84832000732422,5645.052171555957,27.60856950426447,76.88388277834244,69.65891048301543,1.8805017823603634,10.847544711687247,13482.88894909487,34.00326657143682,,9.915943943057606,4278.591115470003,0.18867707227199645,57.81143840949341
2965,26.92751121520996,1413.0279036735517,47.48167698331281,18.305377407118474,36.34985639993572,1.1495583062382937,inf,1566.3832362843348,,,2.856082855822473,2330.1033104112885,0.489271757884638,0.0
2973,31.898616790771484,1903.5912039870232,58.826523510760616,20.923466801185135,34.820858756477016,1.0935832854892515,17.997609807486253,1914.1698087171376,28.20115030772989,,3.389921916261458,2783.591699046182,0.3892452951339902,4.70748455751684
2979,31.24628448486328,1197.013196180139,35.383342713150746,24.404577251183028,51.387944689715404,0.9801979558554119,20.795737978179393,2411.220510075244,48.08926048520235,,2.164285241938064,1993.158664204004,0.5755273919198215,0.0
2983,29.862934112548828,1736.3902021956292,44.038596855732656,22.8874087725929,39.585411314725114,1.2181540946507678,30.63955609462793,2189.903284890906,54.57957437278977,,3.3060221680865145,2408.766855283856,0.5211936874975565,0.0
2996,29.822345733642578,1871.6724999919302,13.643315059781841,83.46861289202624,142.76241137337743,1.162175610403832,31.551325668936357,15251.578350565307,202.69545005358427,,3.475210807671366,2766.1971677710308,0.33184145945375626,34.1703732361426
2999,31.844165802001953,1577.2612917559618,30.749625839216737,34.43256219100061,59.97239881432378,1.0533664241393834,17.70206824195462,4040.954928733029,47.773597340019506,,2.9528558439166788,2332.58841617911,0.44265058746982966,3.0110420420474444
3033,31.16225814819336,2060.681472366865,3.329221505355223,500.59070723524025,802.0240963009508,0.8743199616895624,21.194445038907777,224003.1732231535,764.9305033018579,,3.7411685320110917,3852.4047115514395,0.16886896263615936,470.8021707267567
3064,36.20695114135742,2030.6192999615766,59.28517082682188,14.602266488481456,19.733370770789016,1.6586210247261317,8.68676800634919,1115.9902506859194,7.713864624110232,,3.857001535609253,1583.8617220482267,0.9430021002962533,0.0
3065,37.248756408691406,1886.3679580906758,50.1658365470135,16.355505188949035,24.045466178612738,1.6256962019364063,8.02628857468143,1322.896722249904,8.684813270802968,,3.334848871661023,1505.2293266033926,0.9895686031695328,0.0
3071,42.127098083496094,2446.976333416824,39.57540500878963,26.911018664155183,34.921816792176244,1.624647945305213,5.488869351825926,2792.0629252157073,8.625658045529526,,3.882897125886159,1768.3793995321464,0.8694492905829591,0.0
3089,32.39681625366211,770.040191479579,39.319619429252164,9.343704185366262,23.132382005990966,1.4820744120420086,15.83177842716081,571.226854764989,16.48020358850808,,1.429404605616444,793.9333501991151,3.06381721877329,0.0
3090,31.236204147338867,914.4080820346252,17.7750438474451,22.008861708545936,51.66821122578153,1.6527866482732316,20.539022364290144,2065.030012806262,47.75465456501374,,1.6971691561014368,889.9816590998963,3.0181290732607664,0.0
3091,30.52182960510254,1042.2306182539803,18.24222147666252,30.33670095331982,67.86342724649218,1.3316888242610103,24.941651338068027,3341.815902936401,76.16816734447592,,1.9415607001844841,1298.1759223226006,1.3713883676326608,0.0
3102,33.08454132080078,1259.0588891833258,7.197714574425724,94.12167274324916,197.46469246168726,1.3141555941816216,14.707419730128732,18262.67754388323,130.68882512616696,,2.1169735031790564,1504.3717135366535,1.1200333860936462,0.0
3104,31.454570770263672,1833.9674568626594,47.07159395675509,34.800607572413426,59.3240969812939,0.791645771080671,19.848706828749016,4105.917652463359,52.98779739878896,,3.2893870587310556,3763.0555243798995,0.1648075761159069,33.099697575809586
3105,29.57735252380371,1531.8522665614028,24.362553492133472,39.7259467774274,74.42577722836802,1.1191925834426548,34.36915085189357,5007.7354790002355,115.10778441740428,,2.891824674112835,2356.333734722401,0.48866213345766385,0.0
3106,30.08568000793457,1649.9630156269266,25.161785113463267,48.53407457549577,89.65223151325361,0.9553687016302275,29.091493472391083,6762.38862346293,117.36527885339002,,2.9972017259831776,2966.3289945937786,0.26242901435169774,30.721021547356283
3107,30.983821868896484,1055.8415339730698,167.19256840714425,2.940712689490299,6.093577660421419,1.518497842204691,21.187582649903486,100.85766027210246,5.809868114120294,,2.0812803641518705,1093.1576876155373,1.5588634092757891,0.0
3108,29.201915740966797,1620.5310344390912,31.391957096623845,33.00058390117846,61.402088862900236,1.1061202378035249,40.71722331823559,3791.5119748671946,112.50551539965848,,3.0299287731165565,2582.903442884676,0.4472862553683849,2.8532847014238674
3109,30.615924835205078,1725.7768253166307,24.068039750727422,41.9495957339421,75.44694389279154,1.2086516100354916,24.76973957625755,5434.025418060156,84.09605184220325,,3.09889911524333,2408.135671331641,0.524240727373141,0.0
3138,32.44513702392578,1030.191078444813,24.20309503641127,21.107568348646115,46.30150690465882,1.425915127106112,15.913300922420587,1939.488916158427,33.156441564091665,,1.863481354265993,1118.093931013794,2.1586809474703075,0.0
3139,33.256446838378906,1225.2874270139293,17.09929342798701,39.504298558107216,81.0770450407463,1.2826272412316353,14.016986241627489,4965.883513153952,51.140512118157886,,2.125025658493709,1463.0905745595448,1.236568751854815,0.0
3141,30.057004928588867,1048.4386623586681,13.82413037536361,39.838456075953886,87.35827815577387,1.3461321901484535,28.45214096486701,5029.024419172569,111.84885200412633,,2.014366797855803,1297.3133665509956,1.3696387971862285,0.0
3142,28.73270606994629,1082.9256075081278,18.524239539200604,36.30340183145586,79.05398677164351,1.138664850387861,50.44679370033722,4374.727234384021,179.46090728362293,,2.1478952587577127,1659.209276708735,0.8270935876212195,0.0
3143,29.804218292236328,1034.1914997841395,13.464696525238717,42.69201661370005,95.27170572797831,1.2721629020363838,31.204749258357197,5578.91828506762,133.78183598959004,,1.980979153548234,1372.8718438225055,1.2759414145174968,0.0
3178,30.33000373840332,1309.1485467206749,22.03750938613159,32.32453822856943,65.16811573360671,1.2995083977058526,26.527991912112398,3675.602090874765,77.79506611989257,,2.428308597340134,1690.2175501305032,0.8355371218676442,0.0
3200,32.89463806152344,2013.6556160009761,24.83227646079699,59.46684461720452,94.87130312380087,0.9642258498275953,14.844299087577737,9171.541553154568,63.37340992790766,,3.538688048253906,3223.164487851742,0.22907977387547832,40.12913360472809
3225,28.412656784057617,1617.2724616617138,34.26858704939197,34.283989025206616,60.915066708341,0.9733760321966891,61.7710338067205,4014.8286697811527,169.32539902408053,,3.250147244808141,2923.75406625313,0.2619793510662056,22.287293758342496
3231,28.31234359741211,1542.676362958016,27.857971677358602,44.08087052842654,81.9800933333195,0.8883010436602093,67.3343866501008,5853.360055338834,248.40356859526887,,3.0425130270601453,3104.7767228464572,0.23591979135786362,33.3157770977956
3235,30.522546768188477,1911.4006365161176,5.942908559015321,196.65313567621234,331.6706734760049,1.1564764801782168,25.23471678005362,55154.545385573365,376.63269792374814,,3.4873612936502116,2774.2125121210224,0.32992669543949094,79.79468427149997
3241,35.97354507446289,2179.096697119528,26.997586934709375,34.18789476601122,46.67390810606424,1.669414563333401,9.145322698203326,3997.9608169787066,19.208157804731048,,3.977223936495895,1742.8419515849878,0.8330460211603283,0.0
3257,33.48938751220703,2246.6271854485717,59.48150014442058,23.82633711556235,35.15936685222947,1.1209256744122567,13.310744345825157,2326.0332526980806,21.059880458899762,,3.977406291100319,3004.4534767428177,0.31141605761378516,9.825802565903173
3335,35.97439193725586,5547.617165148822,59.315071690679645,33.87433851252807,30.6757478101227,1.952340675596576,9.44576132684634,3943.0858291299205,13.039010655162674,,9.566733238497742,3918.919288619942,0.21421401612918417,21.932356339448873
3358,30.969186782836914,983.127385452661,15.327195725791489,27.15615522634039,61.01087519012528,1.6701820433337085,21.82183946137554,2830.299661067588,59.911628570862014,,1.8531120866121746,950.0427906566636,2.941911058871732,0.0
3365,29.21334457397461,1889.021133367083,31.150303163718974,36.659284200578796,62.580744840682975,1.169702882895638,40.28834984710067,4439.212828618522,113.45737238251091,,3.564281282565331,2830.7922923590318,0.38543580903136543,9.44214066766218
3366,30.008485794067383,2019.9482799399632,49.23832228262796,25.14043245074124,41.65830588419687,1.1538497526427771,29.70981927265698,2521.0944218841264,55.69473325610483,,3.7054932403334293,3000.959206354815,0.3483929031560671,9.023306191419382
3383,32.75667953491211,1336.4676909857744,19.733625821507314,28.040568227532585,53.18494197837641,1.7078501693588501,14.923915212590241,2969.6838069756996,35.71774041023194,,2.4339297114585143,1190.3624536575949,1.861926997038793,0.0
3391,29.81208610534668,1101.9044449409512,9.730997529527446,64.75597866879626,141.47246463090593,1.2364931178833396,31.304209362703926,10421.96961512294,199.29076433386223,,2.088202041458679,1513.6231425500523,0.9790011522732337,0.0
3392,29.40175437927246,852.827130609308,23.426170128722404,17.09453650126061,41.292214241201414,1.5058696736848023,36.073267944242964,1413.5656739088492,67.02952987502746,,1.6826192913897604,958.832302484819,2.8955945253777773,0.0
3404,29.809436798095703,1839.3701868559317,65.66116901841959,19.603314098410408,33.41772251815336,1.0104528102313284,31.479077075470332,1735.8981626797608,47.338157827603354,,3.457919407238707,3106.4467644743695,0.26312922009107875,12.28194344587653
3405,28.756553649902344,1557.1182944263626,23.887649933044035,39.4164208602811,74.13503223515222,1.1693809027035338,50.76945481102207,4949.322747060394,169.3707826039301,,2.9797181946715066,2368.3077106871506,0.550670499937282,0.0
3433,30.743785858154297,2103.846885077904,3.403955453998861,434.48991096768304,687.8265681962471,1.005855435286427,23.537750078856313,181133.8175216105,728.5450436910306,,3.8726052495490557,3457.4570557315064,0.21057102587636828,342.9707208300902
3434,28.98505973815918,2097.2698256205686,6.068944598189444,245.18451726142328,382.25877470372086,0.9966280255516909,43.944074315872896,76783.79249919481,755.910360156367,,4.141732259271508,3634.4898951560112,0.1939002038582907,218.24056452107803
3439,32.4267463684082,1836.1358768002972,14.189177249257833,93.62805769861352,163.00519901632057,0.9772970563805494,16.50388987044965,18119.199918354643,121.05989337942371,,3.1361685815721696,3006.8580407064646,0.26086523233498377,55.6897189159379
3463,33.76105499267578,1616.875912134754,32.45309843374378,34.097534072413,62.21219509140672,1.033195614654075,13.131773506363832,3982.12101304209,36.76304048733327,,2.7096150469487066,2393.65400953793,0.3809750773821695,8.047120988188595
3468,30.038795471191406,1194.3133639477003,26.31921796200802,26.622557011843814,55.60950620761482,1.2052594565257464,28.894360045506666,2747.2908788926566,72.30604924420473,,2.258224349242158,1667.1390830977355,0.8027773020762151,0.0
3469,31.021839141845703,1496.0667757994881,19.316782490739346,47.11102821421244,88.99937667350775,1.1624615794859643,21.991806525831667,6467.16393757058,88.07656827255292,,2.714454353116717,2117.818094587093,0.5534072557592217,0.0
3495,36.02998352050781,1811.7333925485168,32.456481505353345,25.717798592613946,38.62687631316965,1.5347726898336285,9.104945620931396,2608.4389820309298,15.82630237520337,,3.291896523887024,1576.8338868324222,0.9163980334073476,0.0
3515,30.78948974609375,1861.5119739496772,41.82335042560294,31.193907513773112,52.4369059661512,1.0089327868222675,23.23879434386455,3484.4534414841537,54.83567131991783,,3.4259351955607396,3043.7621241937595,0.2522860992275301,20.015024325608334
3516,29.849885940551758,1644.8555721082535,10.829693320809037,97.8415112863924,179.068597418989,1.0976742136008035,31.302413417962473,19355.9603646234,252.2375669962747,,3.0420093232058774,2576.258292779108,0.36531022873497626,30.357119360656846
3527,35.077789306640625,2066.9601349550358,23.47157452312908,51.30349986755909,79.82559550659225,1.2137462064752478,10.775342882806676,7349.3763159752525,38.706667308349346,,3.473960382437284,2466.937276000342,0.4670121768545256,1.4316902351013308
3546,36.62548065185547,2345.9154093597936,31.926039830587225,49.5948794518874,74.36116193160608,1.0476481731745784,9.19227522808918,6985.303079995015,30.759672004012383,,3.6996698143006257,3171.974198412312,0.24582930863308075,28.2519912647657
3560,29.997987747192383,1800.1324800538284,12.501053517035105,80.64830507528896,138.14620222081942,1.2625471654746219,29.40071198152479,14485.145519473153,182.77185162761066,,3.384940954775399,2411.0426058706003,0.43870575035818904,8.482693536676463
3577,30.3602237701416,1253.7516603057652,31.98783492761623,26.984824948158305,55.674953661452996,1.02705114717518,26.31213292751238,2803.557084204689,65.92170516629595,,2.3199918604397136,2048.00790169282,0.5526316437382418,0.0
3578,30.794404983520508,1332.749645706067,23.125160014864907,43.450294225254545,86.84767941111296,0.9378990797763227,23.28948075119719,5728.211938888612,91.01868110690668,,2.437585045151391,2352.043738923004,0.4670102577213291,1.3856656084717422
3587,30.020912170410156,1912.5105321098597,18.07484554228157,67.85791519447744,111.93558680690718,1.1025891900082776,29.05420618601601,11179.715829664543,146.3489828388259,,3.620561804418406,2918.728162918682,0.28609139220583857,36.81331104097306
3588,29.28902816772461,1823.643990408202,92.08147302100649,13.75367499062308,23.569228538667577,1.0182022361739664,38.65169933673403,1020.1361361892539,40.99458307839077,,3.4804020284530366,3107.507257338967,0.26409415760278804,8.715187007878248
3594,33.31804656982422,1210.355952912227,30.389333231086187,16.094996050373314,33.026292591471496,1.7497905505475433,13.830788431545724,1291.4164298064243,20.55508494799357,,2.1089932641543885,1053.852527319944,2.5227569687286846,0.0
3605,30.342397689819336,1322.9901499856683,22.03700664916361,40.61177608355895,82.15656477538019,1.0452905574031348,26.561208131028174,5176.163311475908,98.19799273481271,,2.431866503379989,2133.275005447762,0.5233388465213031,0.0
3606,29.546695709228516,1436.78678930834,12.727935491177119,78.98605209349608,153.99670914799833,1.0105759429167,34.938539994736146,14039.628192381228,242.11890817312903,,2.6937510390899932,2460.936705124955,0.46929241118373805,2.1687298141135725
3607,28.75061798095703,1495.2226550898188,18.525633059077833,48.858404343971024,93.92921683762918,1.1680959923009446,50.988968028015734,6830.286404015773,215.52092254036944,,2.8571575740271693,2279.218691844295,0.5441135232931078,0.0
3638,30.21369743347168,1447.3256591875818,95.571664299627,10.896065071748987,21.16845495083943,0.9827712127317828,27.694115637715004,719.3405256978805,26.380873767613853,,2.6588036468151053,2498.1420973547715,0.4504407713072303,0.8176282994276212
3639,31.8751163482666,1563.8525722751099,25.722770904704547,38.38725882701798,68.75768320471568,1.1198915306066595,17.82991652609155,4756.7535074718035,55.16746884303874,,2.8566614791252087,2203.1341539603322,0.5095784640622977,0.0
3649,34.04173278808594,1538.4867538871813,13.067087949400984,73.79602943373284,129.40541379735188,1.128150275997756,12.154295076113883,12678.839049969454,70.7774212682835,,2.7301299803094863,1995.7865809639422,0.572698476899797,0.0
3661,30.823060989379883,1401.8645665873635,15.118232293216003,55.463087826956055,106.73416822233929,1.182186517924707,22.94887808340432,8261.065443254141,110.22432362406143,,2.5944203661430034,1947.032147139438,0.5690713413718617,0.0
3681,30.280467987060547,1545.3142171618401,22.4063891192308,50.74360125555149,95.65647559533573,0.9610558858149806,27.17171423251429,7229.394497735075,116.96176887146727,,2.825725502943458,2726.178610962292,0.3013284429706656,25.26862351401174
3682,30.04634666442871,1592.5436930260416,13.381765326622697,79.78383271825754,148.74562727949046,1.0547464047772481,29.32455459724431,14252.870488149447,196.28546707164463,,2.9209532858923923,2583.887538311312,0.3682909358980317,23.95455894899396
3694,32.95384979248047,2003.4800961682495,40.89534529153411,19.00632181613816,27.42090374806309,1.8226281623530507,13.85632146030477,1657.2083520373367,17.097878567935712,,3.896954715626555,1596.9208057035721,1.0383602760071815,0.0
3695,30.11112403869629,1348.5671327439652,28.42518730363609,32.01278689225713,63.51722125130212,1.047926334534215,28.37389526120812,3622.5569440133045,81.1003942380343,,2.5207441746833346,2171.906441676745,0.5512370373212842,0.0
3696,30.23237419128418,1948.861685805342,5.852234607478707,287.6142208063564,472.1489677919644,0.8187172411593667,27.226484322207387,97554.1005177742,578.4730411200444,,3.6492314992135344,3990.4826415707034,0.15601026961305353,293.1329238541545
3697,29.390140533447266,1542.106449736403,15.834921643390551,61.514086612993964,116.8740292434947,1.1194607141793853,37.42906653911435,9649.212380077688,196.8518617762122,,2.8776382553058033,2409.075274603548,0.5018649148933886,0.0
3720,37.32461166381836,4316.6655916061845,49.54652687245254,41.91623435588319,41.61425363450542,1.4697312596627776,8.065537838876065,5427.544407027981,15.103860179656015,,7.457468349588486,3849.9725706853274,0.22627147353569493,24.353660990980256
3721,30.967239379882812,1458.8895815590465,19.116311005467452,47.36485314204181,90.86579153036983,1.1393237284754594,22.329663617638534,6519.499979376196,91.30511516506321,,2.643792426312423,2113.854524417235,0.5645595189851974,0.0
3768,31.22188377380371,745.4289997853665,7.213985318172344,44.648019675197176,113.13976784693678,1.6364917923079731,20.30763428023578,5966.687559778858,103.3920462593867,,1.4202017184534272,722.3387375608046,4.76824272364668,0.0
3776,31.27874755859375,782.5699677412111,68.13187445816693,5.684171798603238,14.049604591643968,1.4288631837112222,20.03144736565362,271.0383776079646,12.664526169859268,,1.4894103452696252,866.8090148332443,2.5576970291184766,0.0
3795,28.533010482788086,1928.4365695713702,18.930571358709575,64.41811521889896,104.760701406948,1.1181977780232741,56.90516698176852,10340.511368582085,268.26413430103054,,3.8625581044322983,3022.1110695377315,0.27200895132906955,39.46584893720077
3827,30.302310943603516,1586.101509447491,14.601138957657694,73.81466098259982,136.46381134955243,1.0406066981348137,26.89288545156497,12683.640961144503,165.14575411083678,,2.91717075895249,2573.039368356875,0.3437674103171108,27.089624275470026
3871,31.522537231445312,1831.6043631262999,58.01127999977576,19.228322128872126,32.46296247423686,1.1610818447080888,19.436175003708676,1686.3281098192638,28.393011890464287,,3.312771501438259,2542.4304192992317,0.4135872016486916,3.144740459095833
3872,29.5751953125,1712.4947080594807,10.108518870238683,98.63698293526257,176.12676391242408,1.214470400086436,34.54954108768483,19592.491423800613,273.8294489894968,,3.2082669255255847,2438.4055094671903,0.5249400839700199,0.0
3892,35.7509880065918,1544.968172213628,62.5129376646719,11.794031651219358,19.67472753923491,1.4817411501913649,9.529832076423755,810.0716418008413,8.43735823192344,,2.7554377847463,1422.6332091833112,1.1531147837826985,0.0
3903,31.174970626831055,747.0623198951647,7.472762410599256,43.90137027441696,112.65631083285824,1.6102102390611295,20.69653176277919,5817.643566495516,104.92177119433991,,1.405879619586372,742.5128536934114,4.594193475078839,0.0
3976,30.436416625976562,1780.9446274273705,39.36738795182517,27.075309050972457,46.72939807343907,1.1814773391845173,25.685303025888064,2817.6700097274943,54.01164373801346,,3.2979567652361372,2518.8806120512945,0.42942951325126627,3.464304317527665
4001,29.75694465637207,1502.1198612226544,29.498074509399004,35.460344746390135,68.00185487163282,1.0154369646266983,32.38108816876278,4223.2270037483595,99.0888326206989,,2.782257688271461,2552.3622829440096,0.33743035395056165,13.979294913388946
4045,31.93572235107422,1918.692036076335,4.827082574913648,270.56812718325847,458.50821265896013,1.0387927534529349,18.089233527959394,89011.26005362296,373.2327959973839,,3.3387913715513973,2988.0169247482977,0.26496046672345286,159.1058186449269
4046,29.234771728515625,1742.2769660005472,8.56872221687294,125.1850099083915,219.25696088076745,1.148507419543249,39.56684716516267,28012.926884124907,390.38879974803194,,3.334091566961977,2634.9587406002,0.35781323538277404,42.008450208759726
4109,31.763521194458008,1837.637878322765,29.712111404979126,53.52538737108327,94.57396956003194,0.8170555841896086,18.959051038176003,7831.946717649422,80.68647220971971,,3.1490271877339,3698.509945176515,0.17450078371054623,49.42462436144553
4121,31.5129451751709,1686.1329025032207,41.86287124589125,27.909416030707447,48.548978968823214,1.0204624857659454,19.350004586994036,2948.873345479767,42.274033458327274,,3.0857271485515505,2646.3278910140684,0.3439140875171792,9.706163932889545
4122,30.409727096557617,1680.155340025705,20.600807091245077,48.12679711800385,86.84604629681134,1.198293610202419,26.115181440770726,6677.446783899958,102.06001154046612,,3.0661446518651916,2365.5898526012857,0.5218951955985246,0.0
4129,30.411243438720703,1573.969345997458,142.82813798663537,10.224659580388154,19.186618639904292,0.7621117195661237,26.20027480217486,653.8878714061628,22.621260640051027,,2.8537109395054827,3497.1717882586713,0.18481055554469467,9.292089128704154
4137,30.643272399902344,1125.5041822283094,11.138187567695761,55.938918192226566,122.03481701811985,1.2773312133049626,24.295838296920557,8367.603454524564,133.4222181389938,,2.061497264676177,1467.4701077077982,1.1688900859753648,0.0
4151,32.60448455810547,994.4932688249635,34.53100804585386,12.514140664856123,28.523926672141375,1.627333486082258,15.646288629942894,885.3837445806082,20.08321153072427,,1.7543717011136866,952.8497756902808,2.6546755262909016,0.0
4152,31.666261672973633,784.1926230342019,42.27598305872041,9.52019022820268,23.8283157466625,1.3777436345108782,18.51433583529825,587.4872357448462,19.85244480554558,,1.4561793155950682,897.8804547194545,2.455975604073124,0.0
4194,29.476722717285156,2142.135984080471,6.550619733849726,143.38064701428453,222.05915087999742,1.6127205270841867,35.30385062766138,34337.27284610824,352.7794391927738,,4.1495854487993755,2264.2658180204794,0.5431321548127073,0.0
4227,29.27838897705078,1805.8565289826074,18.289877759656868,52.87910369225912,93.9745414077184,1.320302232943221,39.53692154968452,7690.527393579612,167.1958832087044,,3.3407600718801564,2416.9735017522453,0.5455241295783122,0.0
4256,29.410280227661133,1659.7789733893528,9.414015392152352,101.38371840443166,186.4810142392392,1.229680089082792,37.208961937213076,20416.548234146343,312.2444232378333,,3.081841235754349,2364.8990117922244,0.4500771890423325,7.956117413474938
4273,40.60706329345703,2491.6388123694924,65.20635861768518,21.127228233920487,28.761849941936525,1.278903033056898,6.28986671494729,1942.1992478017419,8.140869117454283,,3.8491214105820326,2435.412405249148,0.4612994854133202,0.734781181848624
4274,38.335758209228516,1669.1303516319579,39.97302732060731,16.054716111424923,25.0659747423035,1.8391010218760815,7.260954577634225,1286.571543649727,8.190130682159658,,2.8825009267931705,1148.1912318472234,2.07625853227839,0.0
4277,29.79155731201172,1474.465208929028,15.479745337150144,58.908262958954154,114.33559869675979,1.1433508085603776,32.030119263199765,9042.6208343493,164.79822880289535,,2.7206726491372764,2226.2222746702496,0.5625203974026907,0.0
4279,32.92409133911133,1606.4617923455435,37.11242145344639,30.55538923090909,56.697736185428965,1.0017244894464388,15.09614067648165,3378.0161861698225,38.51626506719759,,2.715326024509703,2527.646519962352,0.4472889925233793,2.3616491872484113
4300,37.266387939453125,3310.0711100671206,44.03773062948522,29.155540879704443,30.204908504155146,1.822956446185653,7.703469060969194,3148.5576501291484,10.470716016802399,,6.266408846821844,2263.6592827452087,0.5395623065975694,0.0
4301,34.93841552734375,3087.1237965933947,42.463754049257595,26.40197278539817,30.23197747626576,1.9470821833475347,10.318674754283274,2713.2172169421356,14.037927424038184,,5.789074320947753,2169.2787543390627,0.6256704705809255,0.0
4330,34.982704162597656,2057.6185105126797,48.02411566359092,21.813916422291975,32.12422616033749,1.388854784303582,10.55171035309731,2037.6541011756237,15.253448839257265,,3.670840736226337,2081.9632583512453,0.6745053925395277,0.0
4345,31.934682846069336,1740.5056001518742,99.05367629187522,9.013450175855112,15.307397460601985,1.3784745935776137,17.617902759043908,541.2109679824498,12.135790797971463,,3.1731981088524748,1989.0183301887448,0.779070729094356,0.0
4346,37.19657516479492,1839.0699597625285,39.85830927125465,19.713692270375162,30.34608936147264,1.6549939367985553,8.221782982091138,1750.579970428353,11.22745324883277,,3.148598003696687,1470.943938524046,1.148184811083011,0.0
4369,30.58197021484375,1336.7882602279965,20.873570406285168,42.69214710008329,85.35587885966865,1.0607252003238559,24.69397130345967,5578.943862686696,94.84990304140068,,2.455896580498987,2101.2119588565242,0.48402346930097145,0.0
4370,29.577613830566406,1147.3762660027091,24.19750479271381,25.244927644787325,54.869258959443236,1.3281470114965073,34.44490509047335,2536.828984651058,85.0484887759182,,2.1572829752717873,1490.6687712458347,1.1229195029364925,0.0
4371,31.989620208740234,1327.0998630345305,71.79444342197606,11.788538744671582,23.85568116388543,1.1087606343882113,17.824072032424684,809.5057882624156,19.134242075144275,,2.3217867989783554,1925.7924544649563,0.5588733006478147,0.0
4372,29.88935661315918,1435.02794112636,14.56379538582289,62.371916871629644,116.82491632831709,1.117073371397808,30.089746044125448,9851.755675606795,158.18544287753696,,2.7730378228327197,2149.820455444007,0.4722967263365801,1.1892817074914237
4373,32.287986755371094,844.3716806402538,23.431307483942135,15.799147129918092,37.73128127462266,1.6128296340682082,16.249961349351935,1255.97345561374,27.590933806836507,,1.5563290536891243,807.029826022073,4.05273083133518,0.0
4374,30.221553802490234,724.1739262026007,26.84711878275966,11.981237510020947,30.91181619408378,1.5919467051124958,26.656871312591193,829.4352948461159,37.08055378458737,,1.4158555888676174,744.3828853357628,4.275197631395293,0.0
4377,33.3707389831543,1939.2947730286612,57.34734124595027,28.790232109836126,47.163118703064406,0.8305587827434063,13.799293447638373,3089.567905464093,29.286797170022435,,3.3392208680575592,3573.727148663002,0.18439363073890477,23.692940581773737
4379,37.78443145751953,4436.26104250606,65.6482005265212,35.81172688504083,34.79940167548923,1.3343015963683165,7.691188438144244,4286.155186461354,12.044194011938709,,7.6437371645921734,4293.841819335174,0.15712368266308951,27.985155062187864
4389,29.782535552978516,1599.004946696798,25.84937107310773,44.04145157479605,82.99591821361335,0.9931691110016144,32.337370230183524,5845.510332704987,120.7741380690441,,2.9188618541138722,2797.699040887049,0.29501798676695334,23.380289881121048
4391,30.460330963134766,1788.0553315246061,45.60950590792576,33.6540998198829,57.829253225423194,0.8237067218737384,25.473061147302897,3904.6936257169978,66.28896465813307,,3.316721599277877,3619.821665034217,0.1781082657702365,31.02032431332165
4423,34.718414306640625,4743.087036379969,43.306180149228226,43.73270429073291,40.95910194484006,1.7708830639056534,10.694576412314568,5784.1493212606,19.71181104879934,,8.821562976771132,3713.8433492423837,0.23779638139266265,25.396914376942213
4424,35.4572639465332,3607.18913540379,71.0770756951397,26.090392608041675,27.94322846587062,1.3754466520769226,9.75086734592428,2665.329568509717,12.261182129440185,,6.60503471018137,3564.6972966552485,0.195935304024054,18.109879789880946
4476,32.0282096862793,1354.3505927435695,22.867278499589798,40.09773244862712,79.90487997531218,1.044435944075102,17.635001655308553,5078.199006840763,63.410521078433774,,2.3792851951454046,2077.930246213884,0.552826730553281,0.0
4483,30.517887115478516,1427.901233696244,36.20342310823052,24.19640401865248,46.232355739000845,1.152610860904272,24.96611641299961,2380.4345054801197,51.94090689421976,,2.6609767370222546,2054.8427367571426,0.5013287921413461,0.0
4484,31.031614303588867,938.2803313206362,29.563443244469813,14.906818904444085,34.32026319374402,1.5054891309753624,21.49828568353024,1151.0851703814658,33.20220702928756,,1.7633922350082314,1004.7165514110353,2.5748200981852314,0.0
4495,29.37979507446289,1603.9800391785675,33.666868927552905,31.741199602737925,58.42291637123877,1.0613482233046185,37.333335290385584,3576.5557565763975,98.15050464883262,,3.030409336599192,2625.609872783818,0.42135781968676955,4.919075579620746
4508,31.964773178100586,769.0679693522626,46.78708405537958,7.192973719994735,17.862438283927165,1.6159029483107297,17.229511650034837,385.8270798939312,13.849248982992814,,1.4412992010235042,737.0521420096188,4.157940751657,0.0
4510,28.969999313354492,714.274063604906,14.224331461300077,23.12816575291682,60.358558063221096,1.535241945877431,43.69180218884556,2224.548006309944,118.67283806859923,,1.4446418652301192,793.2496420099332,4.003793278969446,0.0
4525,30.222457885742188,1575.9500495180541,32.68542103871634,34.954682382686634,66.18021004005483,0.9753668844849537,27.885150683192258,4133.215373066412,83.0450308145509,,2.8461451285866946,2766.497300835075,0.29441841625113657,18.35162386550542
4533,29.835948944091797,2049.1869980227843,3.601385701349164,452.0666567988078,725.5417024859756,0.890009171427553,31.073162197197952,192235.55215105216,1014.5193750980037,,3.873539295249031,3911.8901291323996,0.16520885454163772,448.96333334323907
4544,27.983810424804688,1657.4923995284196,24.438150044254318,57.96638419299593,105.02807677281903,0.8273552172842659,90.32132640663501,8826.617604986406,426.8823841826509,,3.2719322745848016,3640.5215553888797,0.18010416233924553,57.71801682347511
4612,34.59553909301758,1905.30224503657,38.05986500076094,35.43685419370198,55.084542588085945,0.99891026533849,11.185428085343215,4219.031210995741,27.726488537987745,,3.379198319300224,2730.8515657628295,0.35042782883709694,10.444553962599628
4634,29.462129592895508,2114.713372687738,11.579384189993348,113.02077089267382,174.30796504544563,1.142596225445988,35.29788787458611,24030.753769695875,276.87163526196366,,4.1421123471455745,3137.297614791464,0.2636183959913416,70.15032936668895
4636,31.084871292114258,1746.629065087008,8.651476910501886,141.12964788283827,253.9290454181638,1.0115262881965896,22.010778619525272,33531.83979970034,251.51292016949617,,3.0738606655913365,2883.1233634551722,0.2811825000298284,78.18972672598336
4653,29.659440994262695,1495.1197988057631,9.7747963009711,102.97063447314672,198.65270360280118,1.050364149463559,33.637636657076044,20897.77643494901,300.6993359131581,,2.7674198845159688,2468.4826767262593,0.3726486844498445,30.02442891798191
4660,30.67132568359375,1502.304289953714,6.993755597444175,130.71996751141444,251.02736675754716,1.1619582581562982,24.343614213379794,29891.168486902683,274.9911018005847,,2.703460174280867,2172.2721367257036,0.6006553107843104,0.0
4661,29.245304107666016,1524.8900120475391,8.266007603943702,111.54686102125622,212.92554171122768,1.1694195985280238,39.82058453799682,23562.210197216176,381.54687903048193,,2.861055141397298,2289.4602957690327,0.551173203420193,0.0
4669,29.192230224609375,1705.3218987257574,68.44826898332626,16.226329552927876,28.897531327716433,1.0856969293038197,40.47164506880092,1307.2553681034756,52.628878406695264,,3.2483242511988966,2741.2042729120794,0.39711756337398485,3.6212898388903727
4683,29.479080200195312,1977.754428005097,16.00922592626629,67.46378672502456,109.83690841814304,1.2948406341258885,35.47331541792898,11082.457314313453,175.3325683581135,,3.79259368023437,2618.5239822998387,0.3890733895770105,16.30459733044166
4697,29.329421997070312,1880.3742077035088,56.71113904641652,22.97350250893053,38.74554169413821,1.0205486329564935,37.96782217885412,2202.271273857395,66.19877267698881,,3.586478326483066,3191.6211454153795,0.2569167027680367,15.104989245838608
4701,31.304729461669922,935.2536695530757,34.74128765482735,12.700195965589822,29.076661586138158,1.498849714964355,20.053806221045182,905.2022587981297,26.239398165149527,,1.7565327873943923,993.9097912867767,2.0181603000262713,0.0
4713,31.756641387939453,1380.4609567340522,16.285179657762175,55.382267076483345,107.52367178479479,1.082295484639553,18.464206353504117,8243.014999828294,89.34026686744048,,2.4843980890016253,2040.1813847644012,0.5696226048015989,0.0
4720,30.83823013305664,1761.8099922354602,36.797440241016325,33.579804063963856,58.02878701077277,1.0082037409352067,22.945474649857328,3891.770594153996,59.91741275929456,,3.237488943561302,2878.882843425517,0.27650063744998254,18.856823705146734
4721,29.709619522094727,1880.977418963039,12.674120874576206,80.21119082284874,138.26447291525608,1.3083254073846895,33.0563860792751,14367.54088344159,205.6735708980381,,3.468702611519667,2492.507421701419,0.5089876977316482,0.0
4736,29.742155075073242,1858.818460386087,74.91559159183983,13.18697120947496,23.186000746688602,1.33046883994113,32.92474001800786,957.7399042497228,34.35268709889263,,3.377199425497779,2439.022368791945,0.5329370545910886,0.0
4765,31.019775390625,849.2636710867306,42.26477266620207,9.057699472646119,21.7677178743022,1.568668242809061,21.476112746888745,545.2012667390461,21.036868348994073,,1.6077692898180718,869.6128829461278,3.0924400781035026,0.0
4770,32.60291290283203,552.6874411729813,90.61433296204218,3.420534612725245,9.185744728922687,1.2608798693273298,14.532265147451701,126.52343666753592,6.007035508988009,,1.1101125404110936,634.6352901507701,4.312750661361285,0.0
4771,33.96528244018555,1007.2276955570477,28.313451979815515,15.655415427609514,34.290637917398314,1.6067756549328103,12.361761488656324,1238.8732917067491,19.075170925293875,,1.772016502101013,924.8091607476524,2.8487830376095244,0.0
4777,29.033390045166016,2086.886938304135,17.174612825522697,71.44614365238576,111.32690403797669,1.2025916254236257,42.82553151954398,12078.087856330436,214.54352270332285,,4.127497029665394,2987.3604702377265,0.30402341196655547,35.50941592880804
4815,30.850671768188477,901.3859231264906,35.1056135140717,11.241444636611376,26.70389963223835,1.6150913099105662,22.651717595920278,753.8122392593185,27.22001369306681,,1.683988021303902,910.2830799300297,3.2313291282993246,0.0
4829,30.150367736816406,1511.6529140087832,78.97852223658366,11.589398052100185,22.0102577290873,1.1677965955918992,28.23493165375843,789.0805069307806,27.965615519807468,,2.7849010755407884,2198.7606083169435,0.5565001902225474,0.0
4848,30.76883316040039,1759.0811256319532,49.5641466370744,19.52135852059908,33.54102971919837,1.2855625138280165,23.28033197430056,1725.0236437824722,35.138083798026855,,3.26026542445696,2250.4421187065477,0.5585010832268704,0.0
4851,31.988187789916992,1548.790320908451,28.04462289221513,33.81254029975123,63.06063055840798,1.154915535657266,17.784501363064493,3932.30047520227,50.467584155477084,,2.721670644411157,2152.3547100645424,0.5984688326139758,0.0
4852,29.966384887695312,1551.3576335082807,13.330073625831625,78.6941553576969,148.6146565060587,1.0457356233183912,30.110334499257682,13961.873962433274,201.36766585003693,,2.8529527041620746,2544.560559195498,0.3604398849225517,25.473269595261815
4857,28.555240631103516,1488.812347776793,51.42958163668835,19.7061198175797,37.496180685070584,1.0387495619863385,56.985612718053595,1749.571414223015,96.15342739165172,,2.8985915683561183,2549.808119681193,0.4407493177901429,2.070303983420159
4891,28.89655303955078,1943.8213721326206,12.854964566626435,92.73981704145379,157.20396991940166,1.1529334415293229,47.21010607008483,17861.969679903013,333.97272425400195,,3.6775909746158586,2997.238121541253,0.35474415445422713,32.71664976706736
4908,31.38077735900879,780.5639476355283,18.136332646685798,20.488939283061484,51.56200798812469,1.4853354362631321,19.75348111076674,1854.8517702116624,45.833811787198115,,1.4567099716695437,837.2413833552591,3.4582104444329604,0.0
4939,29.67392921447754,1278.3116147439803,12.786903498959129,59.534030689245,121.62874640712205,1.1873836444870514,33.05602411889257,9187.089053685799,180.9253248653023,,2.4153094620939672,1843.8680771804732,0.7876646101516227,0.0
4940,28.976280212402344,1560.455223368926,26.890033302183777,32.097146211951724,60.373329543409824,1.278434708197896,45.15622553036617,3636.8854845334745,122.68042581965997,,2.962009090237784,2157.288275754775,0.6140511140509165,0.0
4956,33.414466857910156,1739.2280791479636,83.39992740099147,11.12183677172672,18.298256991494874,1.3258651363342797,13.318634407129402,741.8135656002136,10.96685078208389,,3.1450157950168918,1948.7834245242734,0.776098219952595,0.0
4990,29.412128448486328,1517.8220563834132,21.16892266120357,43.16150132570185,79.70811336710302,1.1746556249888889,36.32576673967517,5671.197994482065,130.29562500448358,,2.9351556128667244,2211.7694742355598,0.47706626292044524,0.31978359711078813
4999,35.50415802001953,4974.748546319561,37.76899764780184,55.76240074047682,53.19880110367369,1.6702412818027543,9.950380183036716,8328.028264257588,23.820673331848788,,8.697874166426502,4149.263676255308,0.18307410397814164,42.01233220568823
5001,32.859458923339844,1898.3666638492284,43.59520021651695,23.35093004616891,39.49770143351322,1.3186278429941454,15.182843928895297,2256.764647178349,26.98593463868109,,3.2437293210348206,2261.2541142641608,0.5588846091432519,0.0
5021,31.5250244140625,1058.5105536044566,23.792692453557805,23.531139942298235,52.801879279624934,1.3368837272332559,19.54065169562774,2282.9397270333116,46.43024093449804,,1.8946668406061427,1283.56416205381,1.391851433553985,0.0
5022,29.40045928955078,1305.5324753321029,4.359233111316533,172.14061073052554,348.6427459982321,1.2302099873728818,36.85816935632852,45170.51112558493,578.2650019586218,,2.483019718702506,1834.8858532318407,0.6713401177947225,0.0
5034,32.4206428527832,1443.4487159441933,24.639265639143357,37.66542390426,72.42453583240719,1.0998051306908407,16.325674129593622,4623.217070097168,53.20707169441303,,2.518100652603035,2075.824754170017,0.5803385717788874,0.0
5035,29.355440139770508,1104.848978596224,22.510862017681475,29.13938143502149,63.1480019573129,1.1910101601672491,37.22469008370527,3145.9403829947805,105.77991610197839,,2.1377747556489837,1591.746848588627,1.002187339389362,0.0
5040,30.74275779724121,1931.7611331797957,61.54842285329155,24.095126437799546,39.74187792855596,0.9210692585653335,23.522208453885497,2365.5046714086707,42.0667531642964,,3.561771494661529,3463.749781287207,0.20314169212866545,19.666085225599737
5053,30.277481079101562,1436.4544363282487,51.48315786136829,20.07572742402205,38.92424511072399,0.9827439727381346,27.066270312520963,1799.0238933000442,47.40903629449551,,2.649051840004476,2466.565139880749,0.3479322201033544,7.120098205083309
5058,30.452287673950195,1895.5266318445604,7.701789887137686,140.2316285656595,237.73433423383293,1.2410156223854596,25.762170784121974,33212.30076848568,275.60486339016927,,3.4621895772523343,2570.5558091672888,0.39098773370403556,32.53215328370975
5078,32.35029983520508,1580.334292094948,21.497329310815505,50.83967772546833,93.72570874032346,1.0224608032958415,16.56988855671021,7249.936103593756,69.8861046926628,,2.7534326046967466,2453.8076587913565,0.35323554794559503,16.22562755345931
5079,31.388586044311523,1991.7635363443574,30.304119618688713,36.05348130138867,60.63655542589407,1.2890622836115615,20.46894672446789,4329.630208677209,55.85248901555416,,3.481077904844722,2554.802724740852,0.48446841062274854,0.0
5083,31.10743522644043,1347.89154690231,19.83381527999097,43.70061318673571,86.45308737934569,1.0996289293946486,21.460182719135208,5777.78386715964,83.48845733073541,,2.4543070290658817,2005.1701121257772,0.5883621698722584,0.0
5101,30.34954071044922,1649.9266695536724,17.42828941530182,55.7187103218765,101.24043048973182,1.2014171466134693,26.55058626124265,8318.24253707067,120.95967522793342,,3.0230033145523456,2318.2377189586286,0.5582199059211617,0.0
5102,29.520206451416016,1651.9303477602393,12.856588205435164,77.0334666515214,141.17506416411146,1.1794283365120741,35.46462961585228,13522.25617405567,225.3024612708477,,3.0753464142603297,2437.2739604395097,0.40182991578374777,16.12200353060106
5110,29.21246910095215,2152.0366004170173,9.674072476593464,146.7984225764215,225.78759620878296,1.0715290011357088,39.41423772858271,35572.31086969602,400.46606969121956,,4.222486907345174,3442.7561306122366,0.21469799784648902,117.86723051446019
5132,30.092924118041992,1503.4229511173305,8.216339070201057,122.40905033439233,235.47770570106417,1.0569983176186502,28.92527027149902,27086.337691839544,306.5065326142104,,2.746646551727536,2434.204336800731,0.39386225342026476,27.8961633450605
5155,28.914836883544922,1746.2219816933168,27.75820394177509,35.87639598565954,63.65160768548418,1.239893210647775,46.54616636211066,4297.770385801598,133.32322442449566,,3.3283629968113155,2490.849578046657,0.5004408733406186,0.0
5175,30.239070892333984,966.1837644877764,30.666526716791964,15.333689777116696,35.17690275917599,1.4528924746692626,26.920503715388364,1200.8810856306043,42.61409736409136,,1.8382790916874434,1104.3506705433788,2.086539048384876,0.0
5176,32.5711784362793,695.4870050366501,126.37053351259135,3.019394242032931,8.045478805152241,1.288867819640189,15.537212065401723,104.932429800115,5.625193966350536,,1.2561350818568437,831.2967595198651,2.5457432703373097,0.0
5182,32.01841354370117,1696.8355923900435,32.06704660817556,33.29510835027047,56.095382847714184,1.123790539902876,17.121158159448978,3842.382931770757,43.218806478775015,,3.1508400899515094,2345.133983780984,0.5167840472011028,0.0
5189,30.446142196655273,1302.3877113374638,18.442594771905746,40.34796943748688,80.4824443132413,1.2376036595746682,25.441860783514702,5125.810193932556,92.14304146805068,,2.4395051602523945,1746.24794835544,0.7660205768894353,0.0
5236,29.575984954833984,2197.6127766687136,33.95585440687083,27.484948643601047,42.69165707252346,1.6650473216670638,34.250387883625606,2881.856757133135,65.79926163578956,,4.177903528286089,2263.25736002221,0.5726249772145019,0.0
5237,31.624752044677734,825.8232628070389,46.980467746542026,8.051835809122867,19.606280504121347,1.5436892078295832,18.662574676050976,456.95387139555055,16.465665331249518,,1.5378181534238058,844.0987212152941,3.231044819637834,0.0
5238,33.547122955322266,935.6082236872483,28.307052639226416,14.982758290194473,33.972334762849776,1.5598850895594152,13.130334888732795,1159.8922739980258,20.073065957476036,,1.6679033592912573,893.4199130414494,3.172867759249749,0.0
5283,30.825328826904297,1539.0907594904363,29.433334970917183,35.082515483766656,66.60858151871291,1.0539476366353004,23.374578688399517,4155.909522076039,70.06263885143228,,2.7551838749793323,2443.4809114471554,0.4656453293605769,1.2507642588465153
5292,32.053871154785156,829.694589328849,27.771871866237163,15.254165455880793,37.21215429053087,1.3848720637398075,17.122322908742827,1191.5511076544547,28.672133485159325,,1.520149927978174,936.206700972266,2.5577136917700094,0.0
5305,31.90293312072754,1896.209162098436,34.644962335879036,31.996000311824947,53.49135269798362,1.2095823942830504,18.008756975557148,3619.7079712939703,43.349074696431,,3.3675290796584214,2510.3391814427805,0.48883362909086897,0.0
5306,30.534852981567383,2017.4087245070623,42.169820931769586,40.4930308271391,65.37243641930641,0.8354045876191537,24.907552942822665,5153.47794575604,73.27203395018323,,3.7415509276184484,4013.367848533585,0.15559502682851636,40.98589489697074
5315,29.886396408081055,1355.808590806028,16.105850054415647,51.061805192775715,99.51311694374222,1.165745016880223,30.315671812147357,7297.50232880377,135.75631474216482,,2.5907533443589217,1959.121029879142,0.5599510083803382,0.0
5367,30.92193031311035,1782.5360745969513,7.838436518636798,158.52545943185768,279.41987453308974,1.0143664205945815,22.787882784146788,39918.89641692677,286.5324306789473,,3.184887394133996,2930.6047876929106,0.2729677092734778,91.93220943737805
5387,31.50594711303711,1897.4663645478777,20.31600423970789,67.90365094781322,116.29726902510787,0.9725852257576747,19.86766800221732,11191.020307624753,103.97499887499279,,3.3253560436318037,3203.871490039959,0.2353307338908604,47.27987978115548
5405,29.873376846313477,1032.5447677480838,16.86318006028279,32.91337289028623,73.75879688656664,1.3154732617264113,30.513584612785014,3776.4921026715097,101.27903803809637,,1.9669612925738276,1325.3463240935118,1.3757243157463512,0.0
5407,30.058334350585938,604.0014842811566,75.01485807884077,4.345067680728594,12.143693925252887,1.3103254325417135,27.906016345281195,181.14435892206072,15.249695452658955,,1.199543301286384,753.3599595217539,3.306505974293354,0.0
5437,30.73919677734375,1504.4429564499599,22.30736367598132,44.17961155849226,83.15622702164028,1.0794203136699332,23.639716146899865,5873.0383307867,88.46053211874332,,2.7546655820519206,2311.3581585453744,0.487773930181847,0.0
5450,29.862022399902344,1618.9293050600675,9.818046075911088,100.31308474511825,185.8274420813355,1.1623321087484806,31.243942167088143,20093.99890176215,261.2691834051226,,2.980535843623716,2399.410205050045,0.4164734197814734,16.745715367279765
5458,29.774105072021484,1460.5032408457394,8.751187665109418,104.37746215909642,204.0984541447323,1.1306125367600994,32.28077104879632,21327.50711128647,296.48049613467106,,2.6891418041497963,2234.5867220053897,0.5754352322445258,0.0
5459,29.617080688476562,1403.6420402399592,48.88141759735516,16.946846900515038,33.22083750179569,1.1981430449863213,33.87861590567394,1395.286379267979,50.64641972046652,,2.6423418300093036,2016.2198188625798,0.6328014552685665,0.0
5491,30.89495277404785,1184.0011660646549,21.670563198120263,29.813218771648632,62.448943265706625,1.2958599475714347,22.53007480418244,3255.691878395494,63.314071344833195,,2.185921624294602,1497.3214394098343,1.1048425542579938,0.0
5519,32.197181701660156,1695.062935919027,25.86170185240125,38.697310050612636,70.1982473795667,1.19765836498654,17.241873421274732,4814.499671166933,54.465718307121875,,2.910322485511147,2280.967783663389,0.5598211129648404,0.0
5556,30.042144775390625,1428.736633962063,21.773979030250604,45.55872045907679,87.58726980546271,1.0184222152444702,28.972429656254867,6150.172158835413,114.19272059499828,,2.6833043319912813,2368.9958509526673,0.38621621730090927,11.205845776451042
5569,33.893402099609375,1845.6259220282182,41.85596242046481,29.23886808992664,49.8309939426496,1.06637706282311,12.865931326559055,3162.0652658105205,28.850496570013945,,3.0885715320156524,2635.119078309486,0.42515188446490504,3.706021062214142
5570,29.220876693725586,2021.6240858268084,3.582173850395271,458.4394593973145,729.3804025327793,0.8704759052604756,39.322944054998466,196314.77348490438,1290.6623143623933,,3.9553628339587314,3985.92882223982,0.15843572802353018,473.4356547359321
5574,30.710439682006836,1451.3018116670619,26.684644963683244,35.64278230528789,67.95121970035405,1.078970852029426,23.752056058441237,4255.860585328119,72.62915308030196,,2.6734610626957607,2225.910076543564,0.4292696721539698,4.531073083719797
5624,30.885929107666016,1519.9539478627821,30.880454269386036,34.69138457919775,65.11094073439615,1.0032521936366046,22.77793087577286,4086.6029657959775,66.73916282870785,,2.7648524189146944,2504.9639643947085,0.35442519940430156,11.413820577896445
5649,29.836883544921875,1603.872278581564,7.864608806248202,148.64876260127915,275.6226991091148,0.9700996762669643,31.45314744388933,36246.989599513654,390.11406272827793,,2.966169263391744,2844.2138773933684,0.28112574592908474,84.87988987019249
5650,29.08493995666504,1543.044071946307,5.4348956346938655,193.77328428989645,365.35533581653556,1.0360440562257336,42.72538319775934,53947.44066499587,702.4476026748389,,2.9283504937401803,2618.515631217662,0.33345666365973137,80.22520771775989
5652,32.14944076538086,954.8284560791575,22.142517068771046,19.555337848300045,44.322988945386435,1.559258226711227,16.773807992951753,1729.5295271419,33.45593878096358,,1.7505232676173883,952.5748200474422,2.879204551691765,0.0
5664,29.772994995117188,1393.3453443103228,14.692006545667114,70.55370333777347,133.96078019739346,0.9504796985976209,31.33115739759454,11852.4932765194,188.87158302610953,,2.7050896541173004,2460.3561208529695,0.3656887806484572,21.29430856707829
5685,29.978580474853516,1562.750458679214,13.525239214113583,67.4935746198924,127.83479779001581,1.2105068523279416,30.100072400284937,11089.79813063709,173.15265009398675,,2.854010987873892,2221.861886339173,0.4889585250155136,0.0
5704,30.561174392700195,1255.9191670865387,20.362008742369724,38.28540151791852,78.75690610854858,1.1391813462540918,24.799437965281168,4737.833613867792,87.89071533193908,,2.31502905875288,1836.4167171553388,0.6851284606411753,0.0
5721,29.387279510498047,1545.3349839894893,2.374937080380985,492.24923016404705,930.503766938698,0.9346962165196745,37.387404371033966,218427.6252212678,1565.5104271488353,,2.8956041550151768,2884.9081079237462,0.2699131976710028,303.829041169742
5722,36.63120651245117,1975.135435130243,57.10923121530082,18.518031775478264,27.964649591610083,1.320628738699391,8.782018044556615,1593.7574692378623,11.051372579545014,,3.370090972283988,2024.965624920849,0.73396369111431,0.0
5723,40.90187072753906,2187.3856490242247,52.78397275027623,29.781281200361665,43.20272853348187,0.9839316016266626,6.153467365588549,3250.461763511387,11.963096106082284,,3.36430415113742,2759.9441973000426,0.3323813137263529,8.776858298350481
5754,27.25048065185547,1418.2660257209395,32.22003444730144,31.092844897242937,60.66575845453841,1.0010510855321026,353.9485864727912,3467.533666187565,966.2651753527642,,2.880241185753215,2632.470846956704,0.4157634096395326,5.663272870025957
5755,31.188121795654297,1647.9618778025617,48.26711176006583,23.666269321106192,42.08002270271378,1.0201194984202313,20.972796244099317,2302.6328670617477,39.71410839409902,,3.0123807814025163,2627.1407353691834,0.366834797491435,6.846773616061457
5760,32.657875061035156,1215.3726656545628,17.887321941619284,35.55717796508536,73.21520513828413,1.3512069107121614,15.487282827103472,4240.537652750021,51.025706514945256,,2.1437673862200763,1399.3392461218962,1.3479720965787185,0.0
5761,30.84685516357422,1414.5808110207986,22.24094105818187,41.510223347024095,80.01941228947949,1.0834391766400533,22.888361890998357,5348.8768724527545,82.41809700539737,,2.59990933282079,2149.898700802561,0.5292498709992316,0.0
5784,31.659513473510742,1889.8624783355897,7.004820334532823,196.68848839473173,342.1341339152378,0.9699274743809255,19.363205196698846,55169.418914602735,298.1166047908016,,3.253357434639983,3210.5544563771114,0.23019202987465778,140.93455039198057
5803,30.551864624023438,1148.785995615796,49.93344131174978,9.944758553511063,20.917499189643173,1.6358308473541465,24.548992401370402,627.2221124928121,23.10765878979998,,2.1659808929670024,1155.2584089984973,2.2097768271815337,0.0
5850,29.483562469482422,1434.8530591798751,41.05427238250411,24.767021714251605,48.4864748384843,0.9978385674869223,35.8965786193184,2465.134802362194,78.32243502059646,,2.6861144457233515,2498.7502664724498,0.35206518215084026,8.738439281786821
5864,31.690006256103516,835.5950748287512,62.54421321718208,7.210257227492274,17.387860685822456,1.3102162500213412,18.363558305327906,387.21853140067077,14.36863470790588,,1.5590573144188609,1002.2441704426174,1.9973068550455293,0.0
5885,32.18980407714844,1288.805825514646,36.45723156871676,19.169039207049394,38.65434946486776,1.304032634654028,16.961285474890907,1678.5354358909774,29.503235525391837,,2.2833802449465885,1564.995864450926,0.9502753812342793,0.0
5886,31.820465087890625,936.870721248908,16.518878257383573,24.61913685787221,57.0307624904737,1.6289632772844835,18.04211574741486,2443.088669428486,46.30300281074036,,1.7122428413184114,909.3061769479413,2.9865975873486965,0.0
5924,31.60359764099121,900.7075295647754,22.92182713121152,17.381848160628383,40.82726945933496,1.5985403780803982,18.827311238155538,1449.3521643402946,34.590046910172354,,1.6659414683903928,893.339696727507,3.1716791832717806,0.0
5929,32.485443115234375,2260.9750781082116,10.782221543608363,128.2220368623765,194.42434228265998,1.1564047178794468,16.01268863586014,29038.48823990284,140.09654052918592,,3.9893560365668264,3063.7763865508805,0.27168706839794404,70.37291744396391
5944,29.655567169189453,1510.4340519497207,31.48488753166588,27.31465599670903,51.723896932587,1.241906466873535,33.42737395913428,2855.114953796832,77.8047320425187,,2.8341648117036873,2093.1608314452938,0.6336744551654844,0.0
5952,30.28122329711914,1220.6416913967803,60.53946877724806,8.678178205748464,16.62750014153925,1.6428807148763191,25.632393914940547,511.2965258498641,19.17911850518987,,2.4708168794938494,1188.5857380515347,1.4841328569884193,0.0
5954,29.26285171508789,1463.1278748001419,36.19782238685706,28.88116480838435,54.45336362313367,0.9896238128611446,38.77350054100173,3104.216856485851,95.01063857554217,,2.8357702798908857,2545.928534625505,0.42418486583331366,4.215592889581816
5955,30.339529037475586,1460.2327095982253,28.434038243947,29.850127448544765,58.10610804254969,1.2165286512635998,26.74954032347272,3261.7395545946033,69.94402560559104,,2.655365462805585,2035.9174479112135,0.6642505829994564,0.0
5956,29.4716739654541,1516.4290583468376,32.0088686869598,28.536427521773636,54.09410628973539,1.1739164069424612,35.9748515019067,3048.803258163519,87.57123484057145,,2.852907860405097,2239.6667549926024,0.5712679261784396,0.0
5976,29.284860610961914,2041.0013881506507,21.411710207294337,53.751620681181315,84.97082528484803,1.253964905265515,38.18601435753093,7881.65354595648,146.01137194343065,,3.9919555080093043,2785.2559549123034,0.33375091102355214,21.612283672448367
5980,29.03990936279297,1317.0435678395654,22.893954783344682,41.746112326574384,83.76637736795043,0.9744247038679802,43.24745737991752,5394.53545338944,163.02072757907357,,2.5457515018299604,2356.7696495560563,0.4922554450725812,0.0
5981,29.750642776489258,1167.2801651330142,14.180954378585511,52.117342340567625,110.21047598054207,1.1167922381898852,31.934112791067385,7524.945997985114,158.3763196823934,,2.224607317749996,1774.791361359289,0.7388924931564791,0.0
5993,32.327056884765625,1924.7501316524438,43.70806934559521,23.631216375341204,39.11931314652838,1.3176851755233112,16.55596708151938,2297.5189957486937,29.144612731750744,,3.3862281733034063,2308.494508144395,0.5329534081950204,0.0
6015,31.814590454101562,818.1941250614626,30.511489050318392,12.859468053198537,31.49994071710498,1.4745345468069115,17.94182043346816,922.2836326139567,25.432482600503537,,1.513474457480166,871.4964858921785,3.1556463504083023,0.0
6032,29.99004554748535,1462.5677261750395,38.67204582134173,22.604467920554704,43.9538428097395,1.183067574987922,29.86777796770963,2149.420708827534,59.076162804100925,,2.6884520569735058,2118.6188120377037,0.5745958065714104,0.0
6043,30.905275344848633,1391.0808883184593,29.486243389320247,31.714271489691555,61.56544522591175,1.051872740679405,22.528821835009566,3572.0053865730633,62.41486260094228,,2.5558650548807402,2172.215771075055,0.43905343298247757,3.2122020368779953
6054,31.0245361328125,1746.2932412343941,51.08992498548119,20.81852341517802,36.082036910377504,1.1609592790308985,21.866328706922054,1899.7868646644265,35.504175577392395,,3.196354263022756,2462.5672581721897,0.44646998069317756,1.7139829075316642
6061,25.65118980407715,1333.4235468740521,37.60736267341142,22.16352105378332,45.10847607814793,1.1312054459221552,inf,2086.8350893558336,,,2.831861157339659,2331.774458597849,0.4990099517248804,0.0
6103,29.635181427001953,738.3496961879131,14.400631242551247,23.10725628495142,59.84881360232726,1.5689792209519442,32.83645521429608,2221.531969422927,88.43502993667079,,1.4496565140967137,789.9793707996051,4.077641252140328,0.0
6122,32.01398849487305,1012.968041532237,30.38229530843866,15.387611545165797,34.167314311291896,1.532106486380427,17.314619415542854,1207.2210983483392,26.621731968806245,,1.847417488931322,1037.6989555102011,2.0912954027591115,0.0
6133,29.83055877685547,753.6678130830754,9.017414017765987,38.9224854029476,98.48057292215294,1.5183867175685735,30.343245417815467,4856.583302030139,134.46990868787816,,1.4903500971045665,822.0900199400589,3.7964540250239134,0.0
6166,29.69526481628418,1642.748504724203,53.03800152144479,19.292075515527685,34.71608046944892,1.1352459940154735,32.76642153410439,1694.7218369764025,51.18847770032332,,3.1065293536195147,2474.6226184705574,0.4486701470040965,1.5483731685733462
6167,30.75403594970703,741.2454434722828,30.802769637963962,12.056195505103478,30.667913313614232,1.4113898471121706,22.847336855030093,837.2312276352385,31.53060657526529,,1.430118059587402,844.7322059757147,3.0346747955795745,0.0
6168,32.06584548950195,872.816718677184,11.146119729743859,33.63654636447609,79.87093299691358,1.6461634570718244,17.065856750888283,3901.639082842722,61.33796554883055,,1.6012638824042027,827.4825416075806,3.6539671565525844,0.0
6181,27.689367294311523,1397.3457421957164,6.844856465910568,125.12736397279895,246.5563607762333,1.1536451299150559,128.78787483400737,27993.57977382731,1428.9061379030056,,2.789473995546067,2220.736638849187,0.5731488165622127,0.0
6201,29.735063552856445,1468.2670070500537,41.129437592811726,22.262121309812095,42.67669970879832,1.133889480598807,32.4215105251604,2100.776318594448,62.263938095456155,,2.7535396530664378,2220.746963518807,0.5443840266257755,0.0
6218,30.345420837402344,800.9262513603803,11.109272289733964,31.932825189968824,78.58253691505497,1.5964472590294372,25.716262376056594,3608.992761209187,90.9382111867668,,1.5553213411438935,819.3666462052232,3.911819831169811,0.0
6220,30.87323760986328,1288.0115330776684,27.277685776216675,25.18696449633152,51.3304484333246,1.3256271850881571,22.846787780052292,2528.0970428618725,52.77311379049881,,2.344825845426651,1606.692273386135,1.0710217994016904,0.0
6224,31.156888961791992,1667.4813094554243,36.40988484447059,33.49153828808858,61.04872276418609,0.9669222991655421,21.504597287265362,3876.436184263762,59.0772689075579,,2.958440099637445,2856.7866001867224,0.276102204107862,18.95418936609608
6236,32.00255584716797,801.0226080411928,20.960631360090165,17.19894582143206,42.581054188568906,1.5711714812695872,17.269796532035393,1426.5360076463403,33.09147638802713,,1.473849881068746,796.5440907460339,4.010706435738408,0.0
6246,30.575361251831055,1484.5339581721917,6.471635133146063,115.03615791281862,217.71674161634775,1.4100247836451967,24.704940221827353,24676.385604780204,242.0405589115306,,2.7345545599978607,1753.2755097879551,0.7891026796139577,0.0
6262,30.69864273071289,1903.19591626687,44.1616237981823,27.661497939141114,45.57089515954601,1.1016604820025075,23.685456147099288,2909.668667890359,48.571534749846876,,3.5440603503710886,2842.7938480329626,0.29890838013874327,13.574242623399902
6263,29.27142906188965,1772.3799026411862,84.86747175521977,11.737682180374355,20.531429397793936,1.2581088243210763,39.09059420957822,804.2730468319371,36.116359880929544,,3.363298922330411,2454.348014084782,0.5087036809328538,0.0
6275,29.828350067138672,975.620438289877,24.283110614589003,19.641094339413414,45.245096499895276,1.4464249087842158,30.984694960003928,1740.918811648062,63.08574810683384,,1.8625679420199035,1139.9412098566804,1.8348435587028742,0.0
6293,30.569406509399414,1474.0769000694459,13.321687571655266,67.60591701080979,128.2304030978869,1.1573406053084945,24.72702344132635,11117.497938986016,142.6840282481479,,2.7194379770502555,2119.7624028455207,0.4937917016237731,0.0
6309,31.459075927734375,1573.103961783083,88.02763023981208,16.38005028938177,30.731508812203206,0.7714507146019342,20.046617047145467,1325.875793686797,27.722825479764627,,2.767691738040265,3348.2687741636123,0.2025438843951888,13.328414850738312
6327,30.00243377685547,1498.626608966829,19.086483210630668,48.779397250159285,89.4476584865255,1.1381934903740962,28.965214792579907,6813.72560340975,116.58917883399948,,2.884684838377791,2196.4883342266853,0.47499202494546294,0.6019094298255329
6328,31.921762466430664,1383.096941919451,12.329592168331237,57.44253572761073,114.69372714731449,1.3808779943009553,18.14421582778782,8707.237694655692,93.64624827544266,,2.4068398004647684,1621.305341167698,0.9176006445677855,0.0
6342,30.397747039794922,1236.252186824216,34.736021995699566,20.805334710994128,42.82367508692646,1.2095874909332969,25.882457845259403,1897.981854928623,49.877188434740674,,2.30664136268839,1703.5837304644635,0.7888956071852273,0.0
6368,31.184101104736328,1712.2495162920895,28.543413047959717,39.19255974613731,68.42686604390344,1.0822872023859678,21.003600939886223,4907.218989795709,64.67447645789396,,3.127471106062448,2574.44214010212,0.3537199162409071,12.76799447528474
6370,32.866737365722656,855.9479480026665,77.20741568939931,4.74786390923264,11.36013467726297,1.6511064706712486,14.724655372480415,206.90805046448168,7.527333064844756,,1.5394842729969025,790.5105121512188,3.969649359811688,0.0
6382,35.26728057861328,2112.03337971768,33.83877160307505,41.65960749866105,61.81919834764972,1.059390360458462,10.31198099071758,5377.776592294014,28.686527920006355,,3.664865052928687,2814.966553938334,0.3537759387471282,11.770516098027155
6386,31.138879776000977,826.5917604198667,12.90321934904105,27.818691570920503,67.70012004044487,1.628325763683679,20.847655975529502,2934.506290700447,63.51249654473603,,1.5609623935276358,812.1339076301767,3.7859338606194823,0.0
6391,29.75501251220703,1535.6422730679362,15.850674821974366,71.15897937492012,134.8695487103212,0.9627146797586016,32.390954599947186,12005.34268667252,196.58490431361207,,2.8464877289628014,2751.29305530464,0.2985980733516086,36.673079337844484
6397,30.24111557006836,896.9912872311934,37.203404837587065,10.716047335953848,25.281883053130755,1.5909477447389342,26.763306076017845,701.5876421112183,30.448204844806213,,1.7222065516028904,931.3583488050476,3.2169332713428425,0.0
6408,28.94203758239746,1422.0717319230578,20.480171944381834,49.77017961323238,97.58614302565285,0.9865150137894746,45.82383920824598,7022.371609997617,201.2297277132185,,2.7155029689903882,2543.3619617567037,0.42979049728906976,6.674514944554813
6423,30.645339965820312,1057.4054090510426,9.510730264857447,59.71137094399732,132.75582498250034,1.3166053714536834,24.112510681565062,9228.169425453396,144.04843115687345,,1.960544321843034,1328.1335048858352,1.3290530582878546,0.0
6424,29.49138641357422,1081.2453183878267,28.483035015758716,19.991797980266455,43.55171731412587,1.3426756841407772,35.082981099186426,1787.7540784073892,68.75658339158646,,2.0949392809425573,1371.6159641527634,1.3379723533547663,0.0
6425,29.864532470703125,1764.2020340602617,52.23670078712302,19.231161923835923,33.26349460258147,1.2418011465194183,30.762781028273032,1686.7016995831277,46.047492031245994,,3.332048727674436,2411.627073971614,0.5103358876606051,0.0
6428,31.602331161499023,707.7424981229927,28.91016632618458,11.468409878646838,29.55203884858161,1.5094074194186415,18.534433228406204,776.756336726566,24.64786308610359,,1.3461430776027803,731.6655692630633,4.35287682442827,0.0
6434,29.638423919677734,969.5030884580644,12.998600097265149,38.4554630706408,88.45391937488114,1.371448711609817,33.12552955513512,4769.4364203616,131.85373142340737,,1.8703099678780644,1198.498535776597,1.7721489831174246,0.0
6436,29.310388565063477,1478.1022769061688,10.654622822588362,82.24767971644921,153.9006523634826,1.192690480890504,37.92211332411676,14918.16746606235,262.63070908125684,,2.8676946664357508,2127.894104981348,0.4927637227235914,0.0
6442,29.89837074279785,1898.162125014308,50.912090266613205,23.188041504624408,38.663476190875464,1.1369289065248354,30.402607612595656,2233.1921842803913,52.89617230065546,,3.581648582738863,2831.0570913856714,0.33261385102218927,9.317832775172638
6444,30.19000244140625,1696.0264746509797,6.576484305835991,171.79835435748157,307.9229962381808,1.0614629549782137,27.878943825144642,45035.86357024417,386.30555615675104,,3.12193866051604,2710.3030189737,0.3155464562374086,77.97525168860165
6455,31.32613182067871,1112.6694627958097,60.37109108532476,9.728700249301484,21.119586004374415,1.3395758939609088,20.342219464186538,606.8931414363715,19.33286640721861,,2.019349640605632,1347.9046176555141,1.406280242856613,0.0
6456,30.009235382080078,1088.1134446895376,18.58422970156649,33.75563865855105,74.49223901569371,1.2265020675141711,29.318137211391516,3922.378408460194,98.27881580906462,,2.0420544261788907,1501.0999682503837,0.9770702576350674,0.0
6463,32.070003509521484,1667.4812565332059,45.641314412682085,29.11790413134811,52.96754190913798,0.8872126147872299,17.618451434512664,3142.4629310683263,41.99427291292477,,2.88874500237823,3030.3076046128645,0.24689963930812947,18.77628555810428
6475,29.496231079101562,1503.3880040482559,7.786437818397104,133.73887020219408,255.9919408041241,1.0208445462714852,35.731136718404045,30932.603214936396,411.60973660567896,,2.8110251115745766,2559.2897960618347,0.34190843049312314,51.28016242785992
6476,30.437938690185547,1408.1553963548818,27.829789174895136,31.61644122241094,60.927216934183356,1.1316514543976712,25.56882137745346,3555.4900799380107,70.10267070669713,,2.6262968552475914,2070.708310659491,0.5114646599201759,0.0
6526,31.500490188598633,857.2225003348392,32.286052094318684,12.868379536769535,30.89106892394103,1.4589478201667545,19.22506206421867,923.2424987756166,26.72472227817703,,1.594897197604449,932.7078485141769,2.624589010254286,0.0
6537,28.848491668701172,935.051978482225,13.962293437949464,35.19612797179305,81.53528108976127,1.3454547815448286,46.97738644648511,4176.113829371615,172.36414839494273,,1.8692198750328985,1200.0706164169742,1.7347677718890409,0.0
6549,28.67940902709961,1114.493993240256,30.429878969224557,24.914595104648843,53.95925920468748,1.039462139486214,52.31333387543526,2487.200212928975,127.02549341006862,,2.1945964414742765,1883.3006176004267,0.6564985540655882,0.0
34,38.49158477783203,3058.2757048893586,37.648812982737645,49.60213602718452,60.66268339701062,1.1580037607554252,7.407571330420332,6986.836239238508,20.221341946112755,,4.964023953452101,3443.0200439221917,0.20000722056989037,32.4185531289343
40,30.969839096069336,1697.936912255082,44.42155360892054,22.9356517258872,41.61876508039227,1.178424391286773,22.574453802759344,2196.830874770507,42.2784400335844,,3.015158840344715,2406.0570430452904,0.4676884303080308,0.6991435580734308
41,31.64427375793457,2141.733496081825,8.738628420093221,149.6448615898011,230.10075938494882,1.1580981006944489,18.763541844175744,36611.93722272029,194.28773521932456,,3.919656409679781,2944.5199771229104,0.30834451902572035,66.88921293173316
42,33.32841110229492,2295.201517583279,15.411117086589636,79.13976670988616,120.71124065275475,1.3306901397595101,13.993650690389757,14080.63186893643,76.01359212442014,,3.905939904933468,2662.381258515306,0.3933098542033034,16.376571347635906
43,33.56035614013672,2510.3512027589713,6.857143409786009,155.96421764856365,224.86597938379177,1.6597828891361197,13.412466427755172,38955.38063609084,135.7203329653227,,4.295114156799403,2305.1123898931173,0.5627897632174085,0.0
44,31.22916603088379,1752.2231138782165,42.39165380583372,36.62609400186561,62.25274575830744,0.7980010109356683,20.599326427220802,4433.185501359847,57.7064083889772,,3.245605410320679,3537.3998651690276,0.18481702565854208,31.666607566612406
45,32.69271469116211,2507.1503676032157,8.84424350347354,110.09719318760602,162.40512313421166,1.8206583005285413,15.64569993493832,23104.3825364663,114.34238210045632,,4.293899756533836,2175.4680761005475,0.6449279389603939,0.0
46,28.769264221191406,2237.183142994544,33.64632727440367,26.383534125294727,42.28734573160032,1.782033671724393,51.020114350392205,2710.3754205300997,97.0877346660368,,4.189464136127744,2259.185272506802,0.5654295123853682,0.0
47,31.047727584838867,2528.1645142060056,8.600415996113789,111.88777700265616,170.2806536895839,1.8577541056068152,22.435382654652592,23670.310976706674,171.9140230894588,,4.376886686640529,2297.533213316496,0.5759291530204946,0.0
55,28.579919815063477,1901.8219407754668,15.893367635666722,51.228505056306744,88.30359897978704,1.651685072308743,56.85703292521718,7333.267367645847,225.9306285574017,,3.613496169760611,2074.589394674735,0.6290775089857203,0.0
56,27.319276809692383,1899.5778431498927,5.251484805472218,154.40445126746337,266.58182938829646,1.6565332898198613,281.4847419499207,38372.4668963588,3376.7422854256083,,3.758201148464145,2154.8401791915703,0.6409288221198886,0.0
57,26.974031448364258,2598.170291722218,11.121834354920729,81.25613823346599,116.33281752794545,2.032918714875603,inf,14649.211966584659,,,5.363072407278648,2387.802329808596,0.594926537416891,0.0
68,37.197147369384766,3307.694896640561,19.1128321006226,52.987232084905436,70.80598143165055,2.309479794456209,8.967511140822468,7714.128095839269,28.572904229633778,,4.864196866425152,2067.901592327928,0.8068840269395522,0.0
69,36.21364212036133,3782.5459729949816,36.79486476655891,29.791744707368427,37.47392998375379,2.439978887239258,9.95254389921292,3252.1749646554345,16.78324199577034,,5.654654800493523,2299.076668015609,0.7862619738166244,0.0
70,22.662582397460938,1555.886534084528,55.08495756267693,17.943421467790326,34.39059655837452,1.1130755595238957,inf,1520.1550377002368,,,3.6495366096902906,3137.105152984209,0.24618432675228707,16.164819659235874
71,24.52289581298828,1619.469237397221,112.22758056678197,8.971270289914944,16.141152021454374,1.1373762703681667,inf,537.4163906821075,,,3.682004773851568,2894.1545741733253,0.2875370605460609,5.828821853502091
79,30.682615280151367,2906.343834266275,9.60295545288254,104.95630096176788,144.8108634513046,2.0390062822053534,24.25976612092218,21505.164549502024,158.08849555938517,,5.2318679772481165,2393.1183939706816,0.5803580393276379,0.0
80,38.630027770996094,3962.6792531427845,36.893097356523874,34.07990673128551,40.491997113919936,2.2285911823372575,7.753904997982696,3979.0334672154427,14.128699445996611,,5.798612234913175,2447.877638444505,0.6203598228153164,0.0
99,31.04905891418457,2673.8271420138735,6.6747847287867925,163.91760436030435,231.9239546214279,1.7280466711520532,21.859932196760564,41972.84360284987,228.1428865273044,,4.841447120239709,2546.0311037784218,0.4542019287655919,10.391998925807217
100,30.99124526977539,2948.0438641391916,2.5214589387996003,443.9972424131722,595.2581606163886,1.8620304136932027,22.112109170909367,187111.4674745706,592.308604459093,,5.374018579355754,2602.0023755150164,0.46028275859151435,21.41711478384237
101,26.839677810668945,2150.9429546748,5.3851061687130395,161.54299397033574,254.1946903667548,1.748362557425882,inf,41064.08849161088,,,4.460348302968822,2309.2040065675324,0.588082602476764,0.0
125,27.59697723388672,2147.9094191530876,11.630880756009594,77.55413984958511,121.40016497083428,1.6837723597483036,147.4339502263735,13659.58402089277,805.432764590258,,4.36681798296359,2325.7731388661537,0.5657561732864109,0.0
126,25.719345092773438,2595.6547938396307,17.90520016079622,49.00608843683206,70.64750761679474,2.091715987777523,inf,6861.278611450763,,,5.5642907718645365,2432.1857319355977,0.6190063625710074,0.0
137,32.55002212524414,1372.4192952590465,70.82873818142161,15.656253716771776,29.645143222644137,0.8751338083947491,15.580511120806156,1238.972798611654,20.78489176462342,,2.484578624432833,2414.9068161397804,0.43414664366741496,1.6693798467797607
138,30.682416915893555,1891.0608877451984,15.865063300465025,75.03358757886511,128.05921428050738,1.1232928471313048,24.23050147360774,12999.108342643613,139.63225411497976,,3.411741171453172,2822.950354819541,0.3083272659908794,35.326071141683606
139,33.790740966796875,2326.9192170228835,11.1992739693034,88.8694116434688,135.7345426884182,1.6531951956745208,13.106289491808086,16755.540932991928,80.05392947306662,,3.8800555772723393,2156.4439293749583,0.5836985268603891,0.0
140,28.611318588256836,2014.4286639547008,8.261108236088225,125.57398579469437,206.06030385025082,1.3730896804016417,55.10171895704705,28143.591246436004,510.9424627932109,,3.902600391395429,2609.943164957741,0.4109731104551119,23.59770134788233
141,34.23554229736328,2463.678541000004,7.732976218473932,168.14176621502256,240.13148402330478,1.3398209467828448,12.036065849796866,43605.71412568797,130.0607259441273,,4.2209263842995925,2724.226307686155,0.3842767605745589,37.07838994786656
142,33.80581283569336,2488.651151255344,22.553065188587826,53.75208868248814,80.41014691770019,1.4516038307910903,13.173573778983524,7881.756481425449,47.66800513496526,,4.095257440664984,2644.8948881980555,0.42457124931867846,6.978869030968772
143,31.561729431152344,2381.5294260280057,16.774213184923642,58.15015627319519,89.05649335195476,1.7264257690380032,19.645355974191585,8868.625680596862,78.729593117057,,4.15960126004795,2264.0860319319736,0.5768447454486254,0.0
167,32.80156326293945,1760.1140648046194,14.88020182099543,75.2012204448588,127.07758826906513,1.1122235975007642,14.997747012133987,13042.694711285896,85.7644883897204,,3.1313288666355437,2434.981603300515,0.36728997568690647,20.495797501227226
170,30.889148712158203,2070.0907985210633,10.581755542378497,114.56062307782052,186.37233746715467,1.2074837803298717,22.90912073803356,24523.533503615763,192.1331871569062,,3.7221758954712327,2852.9997816100627,0.3312336517345197,45.64457945335384
172,29.51947593688965,2176.83237327387,6.623378910315394,164.85883683394658,260.2310632533774,1.4096722724741895,35.2462298775665,42334.88093515394,412.7473744520439,,4.098756292313334,2669.8828252213298,0.39843963353597533,35.84013966823257
173,28.330533981323242,2423.5627421418035,15.23320725944204,60.18457173497621,88.17820002019101,1.8692300062831135,65.93575755691711,9338.083594315507,261.6343388251496,,4.837806743716869,2299.92062049217,0.578546550124836,0.0
174,26.68475914001465,2317.302242962921,21.81080528057758,40.09072670669715,59.88877152954073,1.8739243522788718,inf,5076.868196011601,,,4.902877090496807,2314.018738463282,0.5752970428637364,0.0
175,27.46742057800293,2188.26981543965,13.089535536965911,67.80685417300425,106.0761910559725,1.7433638618391567,189.23440848080395,11167.099608508723,903.2969370768166,,4.429568073120902,2309.8680122620967,0.5407415997963666,0.0
176,27.320796966552734,2287.7197110722873,11.474925468130309,83.47043074443042,125.50668881780093,1.68890525971398,272.99558930843835,15252.076596583174,1541.8247614184859,,4.735513567431084,2480.2587240292464,0.4689970803584983,2.491691650789442
178,30.05097007751465,2297.5288823015794,13.466014783925155,59.853843199633744,95.96478491717752,2.015648748754306,29.827474244545183,9261.21695156146,128.80742177251938,,4.0790431712679345,1986.8217644344281,0.8104454379685018,0.0
179,27.619077682495117,2203.2962548343044,12.939725198216758,64.40245949479983,105.43137912239463,1.8695211898329551,146.9216919922759,10336.741970268251,697.05704743836,,4.225908506392229,2218.8714884510223,0.6051649724273774,0.0
180,28.144075393676758,2276.515923451473,20.84300509556563,40.02519323447012,63.89197701656961,1.9295761502497375,79.10311893449509,5064.425089004053,227.43245956057797,,4.329638534770595,2172.0673918492516,0.645361757175552,0.0
181,27.725727081298828,2191.196166673585,12.730041145762932,66.94822381325959,107.8933758314208,1.8180147185941244,124.01812770104907,10955.66098033054,602.1330507881291,,4.265740426466644,2237.4648407983505,0.5985664537914546,0.0
182,29.703622817993164,2426.3922646792926,18.938986629051712,41.59392054582108,64.62214419777467,2.178007744287639,33.57570953046022,5365.062461208895,97.63804542689991,,4.371792929356457,1957.7545787912302,0.8737807014230392,0.0
208,26.2088565826416,2665.480539006036,14.649738682171973,61.3128666645762,86.8019190447218,2.0983552622600956,inf,9601.905524580077,,,5.641873430157583,2439.6436699361197,0.5988546873851663,0.0
209,25.417678833007812,2461.0337140781135,15.236947128410902,56.01723185230675,82.88863887280696,2.038839133695527,inf,8385.18138520545,,,5.3370079976821865,2391.2794384287527,0.599163223564462,0.0
210,26.075450897216797,2310.499621183993,13.417485889748193,61.048172851524505,94.62793757821122,1.9945599134623297,inf,9539.794092693663,,,4.820363729057563,2260.0153544340615,0.6483782088685788,0.0
211,25.860214233398438,2322.0391587387217,7.758026610692966,107.26520070917188,166.06625193858198,1.9730787846380482,inf,22218.680823077237,,,4.875684462568463,2315.5072008295347,0.5806216171273465,0.0
220,30.304410934448242,1748.5698661854954,13.070465752136935,79.03204648646182,140.28032555176983,1.196943637573536,26.999677620918323,14051.893107941785,170.43856049048654,,3.1900093147249082,2477.3141327844382,0.3959534333102964,17.391433258395853
222,29.679706573486328,1715.3767752183217,8.332030704988528,131.02930859605056,235.3388902821749,1.1110285442229124,33.330146506479295,29997.334762009847,352.97458612997156,,3.1820208630694276,2671.559764482104,0.33594370236374455,52.3953619398844
223,32.274940490722656,1859.0224552674713,14.85151004504327,78.01457181053293,135.6174648167269,1.1345490992846534,17.022954052386932,13781.407974165108,103.88744425243546,,3.1736678293989256,2640.4329331999934,0.3610454865469846,23.59577794696717
224,30.49847984313965,2827.615139208257,15.246253101153057,70.02692515894547,97.66974409807352,1.872738410411943,25.492584117967567,11719.99918256818,112.04343752402274,,5.132772294068985,2544.598756119135,0.4850691967276067,0.0
232,32.42741012573242,3198.0284629204384,30.134499685996897,35.23722011983301,46.649691456336825,2.1296179665249744,16.535358518037192,4183.429501976441,34.711621784385564,,5.442877252122947,2408.1728621851735,0.6489062902422787,0.0
233,36.70647048950195,3816.727003933758,42.49097898558397,29.632272460587046,35.437308843404075,2.1434551676148628,9.206415932993332,3226.0970870112415,14.681277214124433,,5.905290574255058,2542.4752152420538,0.5670146859519034,0.0
236,32.41448974609375,3437.0646706799366,8.306463731903266,137.01255132709161,171.46199564014995,2.135483299082511,16.38417317212076,32075.285141826833,126.41683630525343,,5.971384563890628,2552.2996158570704,0.5793405746058842,0.0
237,35.1237907409668,3729.1838250750534,17.719796784521623,68.68795648525997,83.22037835927043,2.1665038295650887,10.993126128033992,11385.468069851757,41.16834520767766,,5.985710070086539,2555.3592983266967,0.5746608691227076,0.0
238,30.058998107910156,3051.158965959829,23.199666635512912,43.29763395284939,57.481764547780436,2.1478499020000843,28.96320297864381,5698.049824027993,74.91852063755894,,5.675563547653629,2410.1208035899617,0.6559813071441799,0.0
239,30.961593627929688,3254.1554945437124,18.33521990423471,56.715652265573276,73.40200620685151,2.212759679276769,22.457815764597893,8542.488293545895,74.1801929465404,,5.853907218778914,2438.6138077961523,0.6990263571532646,0.0
240,30.34969139099121,3354.21263760948,8.699607698030368,112.05499047934511,148.4093240708742,2.4330146340992944,27.140655512403175,23723.39282592733,181.25668527462904,,5.913200301685905,2379.0129274541187,0.7455847711596763,0.0
287,29.104520797729492,2053.9499546319794,30.821544927711514,25.41158675012047,42.72562600180766,1.8543370332931013,43.020952920933986,2561.991425023935,82.71437151335401,,3.7864044961903773,1978.069075929883,0.847459962349019,0.0
288,26.924774169921875,1993.4807596621815,18.414785941547674,40.29853036278203,69.19262991548304,1.8995081769013713,inf,5116.391962771919,,,3.923699031806687,2020.145986730022,0.8094362603287112,0.0
291,28.56688690185547,1800.7796365694298,29.9860424413777,36.048790263069755,63.84327505124204,1.1779740590902112,57.32252494911998,4328.785222292976,164.68459771312578,,3.423707126951727,2755.1192808205606,0.32872302084450206,15.844681129542595
292,29.01791763305664,2125.506374678909,240.3703539717136,7.100149864901106,11.421242992991296,0.8806411912834445,44.17673797702276,378.3826975681551,22.704896658297766,,4.03696841584503,4255.559441742964,0.15076644061638964,7.781988963427197
293,24.833736419677734,1918.6146985832374,21.61859110512768,47.07888982847086,82.22303133768195,1.3329662976320595,inf,6460.547373483631,,,4.0801620855117315,2983.649751815382,0.33095799971087914,23.4127075790489
294,22.905567169189453,1785.5451650409993,22.20085564380257,31.738230124438566,57.51858945840958,1.7918573173626369,inf,3576.0538730729313,,,4.093155138917994,2230.2378607045557,0.6225959658150528,0.0
296,21.684127807617188,1609.5119268142437,25.38206454278364,35.33328772028191,67.01899174682443,1.2690192422602906,inf,4200.54914828251,,,3.911267193566637,2979.368679341004,0.3088791143886526,23.219887347917364
312,22.002073287963867,4033.475674296642,175.58290304505738,8.341049688325917,10.374978737432272,1.9474284514246096,inf,481.79363494064535,,,9.312044794505574,4902.152598378801,0.19903298477739592,9.941092327673873
320,29.992774963378906,1793.1307860988386,18.08523571066654,44.60069029342419,79.31650597243535,1.5719228074536347,30.05600524618877,5957.20254401207,107.27717938275958,,3.2545804278576256,1968.8631794127496,0.6838264384199947,0.0
321,26.33824348449707,1828.408826029227,9.280137368256488,82.17063876309439,147.19026246393247,1.6954588098143544,inf,14897.211726014324,,,3.67621449420066,2117.622246731131,0.6383157713094947,0.0
322,27.735702514648438,1976.9187229743436,9.318494762040602,74.5136024320014,125.85700842699394,2.01322581683533,122.02154610343176,12864.216370234297,691.0770040296499,,3.864721892883678,1817.6270946458862,0.9244725307839633,0.0
323,27.016143798828125,1829.546159702186,12.861602209807899,51.66349996484742,91.50900972499878,1.946926138441259,5588.578612937913,7426.868461117883,23013.238258811503,,3.63237741470516,1791.0852355877848,0.9314291586310934,0.0
324,27.621490478515625,2129.6270135962413,16.386934633816654,49.97038207254991,83.63255418371013,1.838984876977829,146.77762135380001,7064.785831188,552.3924316872495,,4.063546243234033,2186.468733393875,0.6182415867333466,0.0
337,29.813617706298828,2160.3190053534595,10.129361760998565,105.35764220480195,163.00979967661357,1.43137940327252,31.136981723608834,21628.632436400607,228.40349189849343,,4.128417484709671,2551.0469179595752,0.43052483119137175,13.33222380106426
338,30.888057708740234,2108.0524887336105,6.461273995563658,178.67750187460743,287.4786647559605,1.2911550329946233,22.88949342857324,47767.75200847707,296.11084535039555,,3.798105874402377,2714.0422282955833,0.37066775086639053,50.92528633230928
339,32.106143951416016,2105.568706751025,9.796657968732399,117.87227047613217,190.74267334556842,1.2893321876176875,17.490412227416662,25594.548292129526,150.12755937780625,,3.6453566680994673,2629.8449785685407,0.38573082169070133,27.799784318057572
340,27.030405044555664,2175.3820111262335,10.884346102145848,81.81326980558339,125.5714034773788,1.7274060712309474,2872.7288897719345,14800.13310177991,16232.966932440331,,4.568652633064591,2322.654848436239,0.5695251731328428,0.0
341,26.8038330078125,2254.7404068070355,15.670794592770763,57.16579405890613,87.33460459295328,1.7797306979490086,inf,8644.390080069617,,,4.709428370372964,2372.8048066303536,0.5657296331583641,0.0
342,26.382883071899414,2036.0238867544542,23.579569993068386,34.1339361447576,55.02828049252963,1.7887334085308426,inf,3988.499603588007,,,4.303637299992037,2166.7672371389194,0.6224880802472702,0.0
343,27.606597900390625,2068.4257717237547,21.520767889343173,34.56573573865765,56.59606679900926,1.966171395694224,147.27653650651996,4064.421160055026,375.0872714122378,,4.095542587501013,1946.2238494865962,0.8143509068075259,0.0
344,27.47817039489746,2428.1118558158605,5.542490692369323,172.21023775150522,252.23819521799433,1.7988284715369685,183.5236471505767,45197.919586497585,2083.125309168846,,4.9817395589451685,2463.55986038198,0.49035848301537394,0.0
345,28.226829528808594,2658.956448511432,18.00125759775666,52.33257654762172,74.01450731820867,1.9958195025808327,71.96115681005338,7571.608876761112,239.6776305305006,,5.2670749780893695,2386.2377190095845,0.5549200708864718,0.0
346,28.483530044555664,2312.5945983531396,11.200007394197415,77.1394908513514,117.5728792314035,1.8927333376817752,59.682491821993864,13550.182599733573,315.76690814474296,,4.520355864984997,2176.5770686481405,0.6796614956260367,0.0
353,25.58316421508789,2629.5659860865244,24.05558866701743,37.51489586392228,53.8073672325772,2.0603895631883966,inf,4595.530084396707,,,5.657006792372698,2515.8525942969163,0.5325527130349478,0.0
356,28.764427185058594,1923.1929100098596,9.412598822944034,107.20010764355253,183.56345451001337,1.3477305752662418,50.88296440715969,22198.459037250082,420.31137250297286,,3.6364060512624325,2554.436827778058,0.4114463308415784,20.125879296617775
357,28.742109298706055,1869.122852360755,4.361456676092852,228.2147595218132,395.34978283196835,1.3278455368628834,51.45698317086605,68951.79688466714,915.4578204805563,,3.5460218213855623,2517.7887917604703,0.42261633550123145,35.604799793536756
358,28.217164993286133,1790.4106853087312,12.549778089014188,78.9649064380705,138.53830285294134,1.277519363900733,73.27217455879834,14033.990666607147,456.79512193741743,,3.485264256457795,2536.6006974529055,0.4137317453114463,14.470430964183734
374,34.04883575439453,3429.3742133521278,38.63724138984109,27.33775615879873,35.432736929729316,2.2957833580621654,12.845219503357049,2858.737600221485,20.481357756018536,,5.513683260123942,2312.2722991275186,0.7286421923894347,0.0
388,32.03231430053711,2876.8251813027796,16.64546942873478,61.49391756725977,88.45010311836924,1.987331264545119,18.138262481602716,9644.467138869613,72.19490340986137,,4.803693204093795,2387.5297451610636,0.5475502937705921,0.0
391,29.48867416381836,2525.5079006248143,15.583741201601157,58.56758906368413,89.55873538493019,1.9566117609836515,36.55974848512329,8964.292433020095,147.34101781434416,,4.561659468771523,2288.7259499028223,0.6080585048424552,0.0
394,26.333816528320312,2148.4982678018937,12.906980381023876,61.224467314413374,101.1720769060581,1.9225176911831883,inf,9581.14733215141,,,4.320422771220969,2194.8114073109036,0.6564260210332751,0.0
395,26.042343139648438,2249.3859016585516,32.96803680982052,25.461522601130053,41.28261890146898,1.8948355040249716,inf,2569.546918522438,,,4.552352338964022,2360.997217467485,0.5581707644514042,0.0
396,24.60536766052246,2041.4664217845404,25.799784519982847,30.70112916831902,51.8023197300159,1.82245500855317,inf,3402.2131506992837,,,4.39427454896326,2337.6011116390932,0.55517637114792,0.0
397,23.915061950683594,2057.35275932205,41.908681655032034,18.49020164957204,30.726106760128783,1.8773624144592211,inf,1590.166012865716,,,4.600555569614931,2333.6212164115486,0.5647426525495726,0.0
398,24.53417205810547,2130.1003148213367,32.10919085491981,38.27559270612349,63.19685393518848,1.2255577272857132,inf,4736.012963972307,,,4.599575704801258,3635.981475133579,0.22240693246234117,36.157294663054145
401,29.29903221130371,2701.140432689963,11.972567747477234,71.65812512603142,105.41837628245692,2.2262781388918156,39.459241019642064,12131.881432704555,187.1878102932954,,4.9325731471043825,2157.802853318986,0.7608349343246033,0.0
414,28.856868743896484,2448.7716501234863,27.435752394549407,32.595845448695464,49.64482574349163,1.9362176120377834,48.451492016912,3721.9743048630557,108.24146451862973,,4.599814860870313,2262.040392914644,0.6268470994809608,0.0
415,25.632448196411133,1871.7754775975088,14.853006856166731,55.06744281626247,90.65119704392397,1.618189818799182,inf,8172.828014154456,,,4.150988053193752,2234.6519258509097,0.5864289093433899,0.0
416,27.37311363220215,2266.101885117819,24.873317311471524,36.85725613665202,56.97682834311428,1.747864345224279,237.81982709599532,4475.2211011156105,609.7598759266939,,4.57612180674538,2401.081463100067,0.5447892481567403,0.0
438,28.227954864501953,2577.588331578388,35.67906623561443,26.415400021188272,40.15045566464826,1.9338727222108645,74.25448832150096,2715.2872690069535,134.16081935641046,,4.825210074148972,2465.563657322724,0.5321305268230452,0.0
440,,,,,,,,,,,,,,
466,30.492116928100586,2466.966652833928,15.369277528090677,56.50853610092453,84.03456776323524,2.0085413248235877,25.47924597218934,8495.73741250921,96.35118399927376,,4.497347656393508,2065.4925072927113,0.7547333097519933,0.0
467,30.03757095336914,2532.7185598832943,17.646332312314087,50.60290044849823,76.42078977943565,2.0055896104838884,29.76949548808577,7199.347077451068,102.37537604406873,,4.548630087020957,2188.157211210255,0.7232629384604474,0.0
468,30.318363189697266,2543.7587554272695,14.145876134356042,63.796278586291415,97.5775562662839,1.9931304620356802,27.485679355605637,10191.145789890043,120.68934407273909,,4.4632011985525795,2211.6011847448303,0.6496193714106197,0.0
469,30.117523193359375,2585.896030292457,14.444921845914989,63.183719158755835,93.87124450060935,2.0034369491443402,28.907814585989176,10044.718602134464,122.1125638940852,,4.660741399826628,2223.5087212469134,0.683513603315735,0.0
470,29.29189109802246,2468.015953498452,15.203185223236593,58.17537302914727,88.9732547794778,1.9731459095489488,39.440188288571534,8874.395111680835,157.9104864517343,,4.536291853549215,2217.0176617270954,0.6407186936438779,0.0
471,28.76409149169922,2401.2190675708966,25.30201925268185,35.03360348439193,55.34294977915041,1.9154763464182878,51.78365554294589,4147.221306295209,128.9637111642335,,4.4044834431028805,2283.3511999546586,0.5973135980904484,0.0
472,30.185937881469727,2637.6295470134305,16.48985429192986,55.85689062922919,82.38988111582533,2.0249076770389833,28.331290714375225,8349.20510702481,105.03952532168674,,4.731446316533691,2242.7894257900434,0.696682540848067,0.0
473,30.72221565246582,2818.811012913859,10.006076300734838,95.65858641526161,137.2637503529575,2.0823953852337636,24.33268559232942,18711.81581380924,150.29980562531298,,4.948476328485893,2301.3103106957133,0.6590910751636222,0.0
474,31.507421493530273,2966.2211189228983,16.1113514843687,61.500083703937044,86.47949501765561,2.1168049658881367,20.16069703788664,9645.917784616253,78.45691045681717,,5.063765560713636,2335.7886940164344,0.647073335436956,0.0
479,29.636892318725586,1826.3151079674824,25.21031633622738,53.761053776160246,89.22905644569707,0.9528282962839351,32.96178246460437,7883.72841311525,132.3516936638237,,3.5576871797174734,3231.805451604435,0.22175793605640648,41.06012355228003
480,31.136594772338867,2054.571952474546,7.633021928564737,157.93824331130438,243.0319046484937,1.2050984949436248,20.821815037914646,39697.298273902066,227.716441510637,,3.8923600183597107,2722.872356366972,0.34921920316580274,52.45266686168885
481,31.97975730895996,2394.6898821616874,10.387857647998189,88.88009780983278,134.03546355755134,1.8340187359013107,17.870008148004413,16758.56319695908,107.78466716527461,,4.186311455665702,2102.6625323039393,0.6708177201141302,0.0
482,40.260074615478516,3102.4100371635723,41.25461857499931,37.6355973609805,49.19747129255885,1.4129045027643843,6.710936491449507,4617.726598979251,14.857249742292273,,4.504906035353825,2875.5951249245645,0.3304658896518645,11.8676439592939
489,35.39470672607422,2987.8005147252516,20.383904169881742,83.35504831586009,107.62345698247138,1.243418496427183,10.35752491790985,15220.462766530683,50.162068685139566,,4.994062489743217,3449.133600713012,0.21112682128942606,56.98778757159705
490,36.97076416015625,3203.7249208736407,49.43284415952011,34.16910793341763,43.00593713563083,1.3411920867241196,8.780090363316235,3994.665848025643,16.991820639447123,,5.10916817434702,3319.9438817420564,0.24927782392420136,18.76169371823294
491,27.403745651245117,4590.382860884025,72.7934775162884,18.61031217358838,20.94079186129711,2.396005365480537,224.26042941339688,1605.6854902058594,211.32859387819755,,8.938609958999955,3616.753917698158,0.30488913500794385,10.086809186082093
492,29.166370391845703,2466.596117043805,10.316197203103867,74.0102259646744,113.92721464809571,2.284397520023923,41.8721564528381,12734.08049862037,214.6670170191509,,4.523357748122649,1928.1665031993375,0.9299000788177383,0.0
493,30.071271896362305,2980.4446924653666,28.22887048903084,57.682738182868235,77.3598012081071,1.2942754098494447,28.82145198272119,8761.91019785172,100.33298081605419,,5.550764981398751,3901.918745593457,0.1982287663210645,49.39690187516711
494,33.68124008178711,10214.33657707353,85.11771571344346,23.077706919491657,17.501583160301596,3.676906216736444,13.624280952333894,2217.272017382105,10.73009187389631,,16.419072385656836,4365.738909921968,0.2562754970838665,13.813092845209805
495,30.729755401611328,3304.1035047385312,30.392877254931218,34.12017960753845,43.576869744754866,2.2529705822750623,23.77476703617324,3986.0887002071063,46.62134668562458,,6.018057964132002,2440.4965219195883,0.6912727773105954,0.0
498,33.47931671142578,2564.390249034058,10.611703014688306,100.85089577725864,147.9433677984237,1.6943544666745065,13.798176365198078,20255.810983256437,91.86069064248073,,4.275726634843887,2348.8444973464766,0.5067191290409632,0.0
499,30.215578079223633,2439.164055840719,12.363636788108465,81.1331571428442,121.8700152722529,1.7194177252941192,27.73686335559478,14615.96720020934,152.11313823378276,,4.463958470148657,2411.360203968958,0.4995595585109309,0.0
500,28.582767486572266,2265.3984382586023,7.559499574277179,114.0752328347389,181.85210346554072,1.857569998396738,57.057828498737535,24367.8403958954,466.9238759252173,,4.263979489118093,2208.8298095233945,0.6489623132411,0.0
501,28.501283645629883,2255.7319544617962,8.258878241126263,103.382648745,166.90770269193737,1.8681157223073765,60.51699100125803,21023.328579782425,454.53383738318814,,4.212310281163483,2205.948569287288,0.6422415220270622,0.0
502,28.898456573486328,2384.9419427389844,13.063344832642438,68.76745686677761,108.65763266199117,1.8772644621781387,48.03270234568506,11405.240333268452,234.86038772580937,,4.369864932321232,2300.026838845528,0.5771192947433864,0.0
503,29.360063552856445,2428.213637687812,8.284560836081097,116.04136064956873,173.3763565824177,1.7860334654821854,37.618603239205235,25000.52993116191,293.49793661998234,,4.5961464203840645,2361.8062498817235,0.5352363502881985,0.0
504,29.302242279052734,2412.1509982256507,15.561610218311172,57.43283207563367,90.31827630739396,1.9084233757792908,39.632683451853396,8705.031443621496,161.08000446635887,,4.360078548271427,2260.6889981043323,0.6011746208912443,0.0
514,31.466262817382812,1893.5994056705686,12.172946208043529,81.65868254463902,142.36851440762265,1.3470230862021866,20.237079082475912,14758.20535076951,129.65052982147517,,3.2670147919588337,2333.457227774052,0.4761171172885448,0.7769054107709036
515,30.848289489746094,1934.2770040768314,9.695824085756874,106.7979280664119,185.96707909545106,1.320857955376704,23.60699551277903,22073.65429157691,197.55558007789213,,3.3655224903264425,2487.86483170269,0.43467799058715695,12.414089884273528
588,28.906965255737305,2325.31512007145,5.8480900406854355,136.96370652548333,219.25544141124334,2.052802966648,47.82913647890475,32058.134472601363,471.9059293950388,,4.257803277692292,2050.667268358803,0.7795436303157671,0.0
599,28.06766128540039,3089.1229972146816,12.819207988031271,76.87314871671319,100.51506365728012,2.2165847387927733,82.52179339446757,13480.065448821626,373.26074922710217,,6.172694696416792,2504.1336814791935,0.6571453796352389,0.0
604,31.117929458618164,1571.8988772687646,10.892794115429622,87.30783490373511,161.78970510283926,1.1687378048351347,21.546577293321985,16315.85448939604,156.87064738179433,,2.82863709613439,2213.9575823728,0.4739668933792818,1.2813592384922774
605,32.3866081237793,1729.5645658689893,9.045580464814536,113.21094911367277,191.35354005206807,1.1942545614471218,16.070895938986368,24091.433518367317,138.38502733800507,,3.1386438631292877,2242.8129789782934,0.45432287982873343,6.722949313738731
623,30.974946975708008,2686.6765883320027,7.567956742230501,121.18779606646174,175.4479057536524,2.071394718768666,22.591759901130274,26681.99674164501,178.36546328741912,,4.753148832158681,2170.0236418878835,0.7122232470839208,0.0
624,31.14103889465332,2740.7415434723966,4.33902559539555,212.55080290306833,306.4600193122868,2.1013486876477123,21.7599500519233,61976.08240685174,300.0849620916065,,4.79728503214845,2178.9512030763067,0.7153350443470331,0.0
633,31.474102020263672,632.1831404654664,35.47984262391707,14.431278552402082,33.681236173617215,0.8730546251572253,17.44393081838487,1096.4459051145743,26.438991916061727,,1.409807427669949,1037.6425616010613,1.1149229477801639,0.0
634,33.19041061401367,1145.7173455905986,53.91741130187217,8.97254104757333,18.653270390694253,1.6746266717806506,13.999264811379662,537.5305802263822,11.75094323089183,,2.0321800866284,1037.3321275640772,2.019039043745175,0.0
635,,,,,,,,,,,,,,
636,27.20401382446289,469.3513595809157,66.29035582063555,5.159425414737403,14.536983202417046,0.9703566659573418,390.8691815512426,234.3861814001853,255.69264269488104,,1.1491951867076835,809.6371996193602,2.0694414920989836,0.0
637,34.00107192993164,1018.0576566675114,71.97132961362466,5.939457230162084,13.055033311935286,1.6840349145584905,12.361220794080948,289.50104430073253,7.261926715931127,,1.7736479421708171,895.5592551989573,2.6231806092810217,0.0
638,32.12201690673828,538.174796853196,48.28245029010313,6.015042676104307,17.298505991109483,1.3103289694150413,16.401755092219066,295.044868114009,12.767663642735789,,1.0365532912209936,621.8870662359719,3.5254637474458144,0.0
639,36.6347770690918,677.0779109475072,17.469909271564646,21.107327354690785,54.16805726241132,1.2983738277555403,8.753607382786937,1939.455700316363,21.337465768356115,,1.1609958066572976,703.9733318572099,3.1920239220854656,0.0
640,37.674896240234375,1108.8982991769178,77.01895100389653,6.116708780346789,12.878942313047098,1.6644138318433963,8.132687084085216,302.55664915520174,4.7133183512698515,,1.7680732877434948,902.9119655780198,3.1390503830764223,0.0
663,32.07503890991211,2115.344601565288,11.649760165620878,109.3603399466588,170.444735805031,1.1740572980290427,17.2464652095008,22872.823199438117,132.28061427918104,,3.796945352967068,2846.0776186257126,0.3286469303481079,42.153453087807875
664,28.489627838134766,1712.4865694020823,19.49831496875189,42.975761486687055,73.4287771871768,1.4450787476990785,58.228822311667656,5634.6295260869065,192.40520487278192,,3.4692768243273413,2067.695355809851,0.5643380709452183,0.0
665,31.9382381439209,2161.6699816980345,39.37512619892585,22.166340410760295,36.59482805058984,1.7512914874622207,18.42944010140097,2087.233292341553,30.34899862107361,,3.637437340001807,2035.2594996956534,0.7196108988494291,0.0
666,27.632423400878906,1920.393039408977,11.028387304405555,72.35851903709636,125.66027647017867,1.7016625699226051,143.02871349105564,12310.182742784627,808.7862456207013,,3.7174446354918547,2112.091657471395,0.6617882876437681,0.0
667,34.466758728027344,2741.59170183853,15.611814118410487,65.02939940999518,94.62104059737709,1.9095219911876091,12.156041811725148,10488.046645406086,51.75977965967963,,4.344585788913788,2203.5015076253258,0.6611067242613909,0.0
669,30.15838050842285,2692.2761334479287,6.249931506555588,145.1097169536108,211.018206286765,2.0990986559202294,28.513599886631127,34960.266787409186,270.75999162849325,,4.852659301933772,2205.1730034229554,0.7019293374905633,0.0
670,29.058982849121094,2651.2855911865504,9.21041491624989,92.67838634415158,137.86457928077718,2.1962605223723197,44.10243554032734,17844.225011654096,273.60736744611705,,4.869264482100066,2165.3084771990984,0.747248823846386,0.0
717,29.48208999633789,2953.451113484726,8.489987408371276,112.28282208045052,154.7240840288713,2.190758085232579,36.11970114752772,23795.78163652194,251.48644539515087,,5.475296692185339,2355.941510492839,0.7402460081442982,0.0
718,33.089027404785156,3338.150317292276,17.5051167188933,63.05314765256406,82.63206088974664,2.138548523057691,14.839871255796517,10013.598016944696,55.18121153422404,,5.517612035919511,2474.5886739721454,0.5522433719094356,0.0
719,32.00245666503906,3195.7657537802534,18.78412754854224,57.09318708876337,75.7058364904244,2.1070974668674536,17.948829791688944,8627.926293123472,61.147402803182764,,5.496535553778537,2462.750863512229,0.5617742736167693,0.0
720,31.686494827270508,3057.5193683322314,16.91484063739185,57.71142626495875,80.52868899078885,2.214748932650948,19.474666128486298,8768.447517099938,70.57211993371455,,5.154641201815756,2299.3077787913417,0.696637034039491,0.0
722,30.46784782409668,3210.0183330913046,10.352536373364785,94.82392518405804,126.28173960095558,2.3122129070038335,25.97154466969559,18467.4481677006,147.5879328455888,,5.732742180072871,2364.9368194666044,0.7532148430774499,0.0
737,29.980854034423828,2031.199334710083,14.421967947223088,95.56843247559901,153.75411957461048,1.0420739970748059,29.530383880304427,18685.36947301583,204.31881783974148,,3.8302893548837824,3293.452581988044,0.23071562620208966,70.04032554582227
749,26.576982498168945,3288.4401712939166,90.81763189194818,14.988065780899609,18.557387748636845,1.7082804991816256,inf,1160.5086487499948,,,7.073169219086019,3589.534562814901,0.25118713454602065,10.932544640112479
750,30.835824966430664,3496.7902283976464,39.87645520809009,54.66026545488686,67.33460105217583,1.1344002159669277,23.015992701799185,8082.349015445319,69.73977088779473,,6.39871647327675,5091.056156523433,0.11207162692195931,65.98019163924197
751,29.124731063842773,5188.409819004382,62.837950039424726,36.46468165087167,37.6504700970281,1.6011235292479595,42.02525210055242,4403.912030584135,71.20217238893622,,9.793384898581825,5703.6622152733125,0.10756257003140998,47.80013054832001
754,32.41598892211914,1880.1031238936498,26.95261829200745,36.994449957597624,63.60633756950663,1.3333038645225592,16.530194278530086,4500.231522702459,47.31413028163702,,3.2143845697713562,2256.566154569697,0.45831311480934844,1.9132150357721864
755,,,,,,,,,,,,,,
756,36.073875427246094,2439.8108386062167,15.389993546823751,96.41665006674667,147.12406918149608,1.1626545153333647,9.955202401619363,18934.683619124222,65.90924490832394,,3.7561607775432946,3076.416921401175,0.2771112092659398,48.01281554492111
761,26.674266815185547,2142.9436236089005,12.791583714327297,58.22122587940235,95.31530509168051,2.034651744231873,inf,8884.889152189366,,,4.303714832858983,2031.609493344949,0.8093015137479415,0.0
762,28.169588088989258,2397.252180711093,7.594850952687927,108.12889705351478,163.59050241292508,2.0641330902555692,76.15818444433074,22487.576578369437,560.6440045246926,,4.683908694945183,2102.709158007253,0.7623854035956531,0.0
790,35.5657958984375,2413.46780389387,23.275764789608683,73.41316197672224,104.15292559136175,0.9987312108226895,10.07983827489399,12580.296895815065,47.24300906180974,,4.067775641941229,3429.6113139989525,0.1975135035057134,52.827966131875705
820,28.992191314697266,1888.6436347173008,11.50195103950299,72.1489581655684,123.37959324588581,1.6092867761816874,44.80066476324074,12256.743342661011,248.7369508035269,,3.5824774163016833,2073.3959085072206,0.6463503807764005,0.0
822,38.163822174072266,3523.774565976927,24.079580038485364,48.94050794446463,63.946205273526644,2.114344439478996,8.242775086477156,6847.510461217418,23.719238446652078,,5.023625225848733,2366.6972263452144,0.6582080368298061,0.0
823,29.29254150390625,5926.357448760979,81.57819712568632,15.883905433032002,16.450462286598377,3.2340106714771677,40.52941737872383,1266.0939537615682,30.00274434389255,,10.380341161174416,3338.662675558787,0.46247354132502955,0.7541212659845803
850,26.66144561767578,2006.8738377731725,44.935334027746315,21.479000201790452,36.394253194143275,1.4702901139766893,inf,1990.9075281916566,,,4.02581852320782,2636.4867871565507,0.4238550533214993,3.5381240753296903
851,28.128520965576172,2579.183411506903,6.58601985366746,141.325976734061,208.86392301364404,1.9593959130206562,79.52438258225372,33601.83455301055,747.4398534615339,,4.980229236136081,2404.404274705526,0.577213844225142,0.0
852,29.274457931518555,2708.3491834446095,6.539540870381945,146.74351537129942,211.44591607396475,1.9956458881845411,39.445299007968536,35552.35499939439,375.32463225981115,,5.046553579414746,2388.7965356036093,0.5805642418375251,0.0
853,30.25844955444336,2716.818729576834,10.973563769405876,83.9730813206804,120.26843013065965,2.0847687257955654,27.470556778531645,15390.053514912957,148.67283323561185,,4.934684590696216,2220.259228616243,0.6846549536792078,0.0
855,31.2331600189209,3185.0043106110893,11.197121959156147,95.62631265611677,124.39121794732564,2.1033483653393663,20.951635853314958,18702.34698743774,117.27897758022164,,5.716914497534561,2483.2543412689656,0.5994111338092967,0.0
856,31.11396026611328,3249.748083333342,6.56765702695083,163.4739482310036,209.33867252268286,2.1403050757243394,21.488465666395353,41802.554662014576,202.4265094718603,,5.8862184068079655,2490.5465758600267,0.617261427257183,0.0
857,34.467567443847656,3797.0879592604147,13.005408585095951,90.26739006580594,109.65507115992853,2.2870769309382246,12.032903791434675,17152.45640749523,59.37610146796544,,6.124117703431283,2522.4421888009824,0.6275890118737013,0.0
860,30.450651168823242,3239.350838875064,13.728844953899014,73.50995468618775,95.12443334217292,2.2696706085102965,25.742652497287803,12605.185122987741,110.19398541880385,,5.92974469457534,2399.141243580782,0.7318908571045244,0.0
914,39.734527587890625,1536.4512950327914,191.9852188273136,4.868871064982482,8.516491782164616,1.1622718862055272,6.74728007608581,214.86832907822557,2.585841989397653,,2.3952730290236386,1691.1616865803057,0.9212184008560429,0.0
915,38.309532165527344,2762.2636801953286,42.897363958501955,36.75385726374373,51.31564808713749,1.2388439528751114,7.884230365516332,4456.40222344011,18.206297589364176,,4.149000390107715,3057.7528032456803,0.288358782648989,16.032519012380305
920,31.998743057250977,1513.3543019442598,9.002824242560818,109.61549047431589,200.49170850750454,1.084363559837293,17.43500125921269,22952.917348944808,157.30079356305203,,2.7424424097678233,2199.9107188926887,0.45315144855073236,6.9323489175365935
921,32.32270812988281,707.9958784930027,69.51821939837752,5.225942589843975,13.352780030532358,1.378010280034636,15.956050993315317,238.9334463220001,9.587593758136354,,1.3307441956559365,782.0125322967915,2.78757797734473,0.0
922,36.98767852783203,1184.6766365142691,74.75186281281283,10.666149474864273,20.27086536381366,1.050642925426558,8.348230250824408,696.6930754319877,7.615163314826005,,2.0567541616572926,1491.9868919793196,0.6857665485711966,0.0
924,37.53229904174805,867.0219385875174,49.46769506794494,9.692755205202692,21.934502122357582,1.278633766776833,8.005194712235676,603.5327791480788,7.9015482182438594,,1.4593338636774886,895.5018083185251,2.040529062951433,0.0
925,33.12458038330078,885.2474494930769,74.70188457900584,5.303855624016668,12.325002040840271,1.5798884872097771,14.007436770944823,244.29666380039083,7.7688759054976195,,1.6008984331119152,842.536204083512,3.446034427014449,0.0
926,30.36557388305664,830.9744775047387,71.75807509305609,5.166560128331927,12.506946908746357,1.5848947213048183,25.591346811593276,234.8725309841513,14.40313271531606,,1.6095177118573538,856.7565721572761,3.6224726878465545,0.0
927,27.51239013671875,773.2395747814369,25.00947409998448,13.834883694685265,34.02371249579203,1.5802252737103786,166.0695953396097,1029.1845652561633,254.2636874757332,,1.672441905785336,864.960572725227,2.627323552978671,0.0
929,29.928470611572266,1999.5443234515087,14.550603401403224,74.42552536814306,123.35132956790349,1.3056089698317401,30.4361722713226,12841.414341835689,168.94540424814298,,3.6948787078781744,2624.413432853298,0.3955874926707969,16.62566329242186
930,29.17159652709961,2221.44806866281,23.583364670398513,36.45751977798257,57.05036357701593,1.826956810218761,40.92302681663474,4402.614663870895,105.0603101352443,,4.222051056495664,2126.8821777153253,0.63617993215287,0.0
931,27.907155990600586,1934.3787324785162,8.29933645250594,99.07963972234039,168.9760076331246,1.6634077517634978,98.89243614309508,19724.528191865524,751.9702070058264,,3.764723943676632,2138.8909821392213,0.6359749878629573,0.0
932,28.42449951171875,1908.8114386514044,26.94481292151077,29.836299220288428,52.1259506698762,1.6789118888557217,63.61218230620601,3259.473290150374,149.21304646034096,,3.589644220373257,2076.767403675304,0.6822865355086329,0.0
933,27.508852005004883,2094.9507030368704,23.21125825956618,34.75542678576644,57.239476078153665,1.8362740650084453,176.79454632858742,4097.924327963315,455.38322423954446,,4.111171237214658,2132.350483960329,0.664193360833944,0.0
978,34.9930305480957,2529.285702621665,14.311883078007524,74.2153120966719,109.58751019908453,1.6838080968072646,11.195467249168756,12787.047335021729,55.2097521608309,,4.057903460048907,2242.0002706980563,0.601613203324534,0.0
979,32.09922790527344,2564.4651402923246,15.527003160756317,58.52725031282106,85.02139645518065,1.995427898131206,17.420934817771133,8955.032718915147,66.65184925927109,,4.482325400003633,2058.989883032705,0.753654373831059,0.0
980,29.92827033996582,2205.2279215426133,36.37976517081879,23.484767734145894,37.38081353127664,1.8251237818447543,30.586868106653533,2276.1946575420625,51.451290594025565,,4.040391914371779,2080.6232073760652,0.6640075144959949,0.0
981,29.749126434326172,2290.9835533923915,10.284036486215598,87.71252346007694,131.86580596503333,1.795898381915889,31.878369106955994,16429.426514100338,189.16500758128072,,4.383963534234354,2161.2591971721454,0.642255076796193,0.0
982,29.520748138427734,2260.7946799253627,12.57905664453853,68.56617562914617,106.19712633403118,1.8534809431569483,35.2272477583264,11355.202561043736,168.34646162660422,,4.256936777958445,2108.7567325314894,0.7028071666166749,0.0
983,30.931215286254883,2500.365994307116,3.4467306719237265,271.9258179717882,400.8704425159039,1.886386993880239,22.611177073179288,89682.07767551404,407.8868651608879,,4.5088306109811915,2197.928961412765,0.6245570048418264,0.0
984,24.81771469116211,1849.090399135558,23.257833673776133,34.12146151099031,57.42910911897802,1.6475790484679018,inf,3986.3133398008868,,,4.158990580629582,2255.251584365771,0.5463142014988244,0.0
985,28.672563552856445,2546.62427819298,25.027840977876963,41.43008334487609,59.452571773280305,1.7366435329448462,52.57483256354928,5333.394468011002,140.65690529036735,,5.00783968697157,2578.646470848384,0.4504457518598157,3.222270387592381
1006,31.603775024414062,1796.740196864946,22.148583628641166,51.23394358738987,91.09911464956856,1.1196094140463426,19.560194361802253,7334.435172394966,80.18623749301506,,3.108181073997921,2643.4711137787026,0.3400573216193835,18.89380922929816
1009,31.97541618347168,1951.5947525010104,21.356784133283043,55.15681754270603,94.39987337209234,1.171492697399212,18.13502259368342,8192.73289431199,77.03747263996868,,3.330407743733378,2720.460136151144,0.3393741115656839,20.272721466356266
1028,30.7214298248291,2536.137112246856,9.837983328078813,93.70008320807848,140.18753689871204,1.9454123683264726,24.184302270414374,18140.11184778473,152.5651995106494,,4.5019159049921775,2202.3961829572345,0.6341349140893273,0.0
1029,31.201278686523438,2803.021859503951,4.8088964183405505,193.02299455265432,278.9443102700128,2.1352907326640884,21.614980377119725,53634.417600766596,271.3219106757985,,4.831951100435989,2206.227292802651,0.7082887107251007,0.0
1030,31.270612716674805,2818.0047695841463,5.043333977125654,204.86700392328015,284.6674731195593,1.9285769911470123,20.82485354400348,58645.94920493083,266.76712964053667,,5.028705830728527,2400.169048303599,0.5657325756077031,0.0
1031,28.896760940551758,2650.1986699340437,17.272799231365173,56.397383572228506,81.56642314944477,1.9237195227727035,47.10356784534931,8470.683016192295,172.89312960250544,,5.032878220745021,2443.820877428313,0.5313627495183899,0.0
1032,30.746389389038086,2732.851472818072,15.290804025024629,59.14260707821316,84.70127085532746,2.136831337084307,23.936376710732755,9096.633404238923,91.23486871819173,,4.878438017924805,2151.224766550739,0.7477531291165739,0.0
1033,29.416183471679688,2607.040323003307,8.288548202905675,101.48286497407842,153.71618894577347,2.1916013726279004,37.793721247061825,20446.504605301536,261.4278058279762,,4.689420270569889,2121.754553765404,0.7705789820115646,0.0
1034,29.58871841430664,2587.293610305167,8.26625644329698,119.8351520656655,174.62265034451963,1.8468754678687496,34.429786546874,26236.526810536157,270.5499259925051,,4.830225360757562,2425.8073447421684,0.5279135850110644,0.0
1040,38.345436096191406,2283.0438779348397,16.59401972790287,99.06621346070447,147.5751057253406,0.9820239842736925,7.723924052479265,19720.51902754524,51.29365088966079,,3.532507838687016,3130.682402815705,0.23865175783695414,55.633440115981784
1041,29.378076553344727,2065.704508311638,13.550326878654309,76.79153316467539,124.76922981295837,1.4037510336770602,37.39811388862875,13458.603645784238,209.976023985368,,3.896052428692401,2559.35034392382,0.42844428211997354,10.431508050664664
1042,29.366243362426758,2255.571857411425,21.257506318925408,44.56944219100477,67.91642711047137,1.6834187261588207,37.154195507740425,5950.943044498594,113.5521094972345,,4.342450867666763,2304.456342385777,0.57308061613884,0.0
1043,30.2235164642334,2153.183214461323,27.620088485653394,45.35291881519312,71.65523134849128,1.2154460304027153,27.482287196708185,6108.546152304948,88.61623411796123,,3.986508160632745,2990.265232736368,0.3137290829873457,20.7372700139566
1044,24.62009620666504,1865.1069843402322,7.90167334369099,97.19392567620073,161.46487186605177,1.7172382559865407,inf,19164.111156439994,,,4.263636497308921,2187.9779585980614,0.6183371781109722,0.0
1045,26.33188247680664,2064.3819480338566,7.936935616181441,102.83004911877455,165.45336116597204,1.7885544010919794,inf,20854.99358268731,,,4.349741892656697,2207.3803001074207,0.6156968476581137,0.0
1046,26.89318084716797,2159.840118582435,27.71781348066907,38.20793013897871,59.14723090101572,1.4420958498185301,inf,4723.460220447325,,,4.534840671058025,2783.2253354705767,0.4005589337637232,8.684860212313037
1047,28.768924713134766,2402.399411697488,11.438405894595748,78.68963445216626,118.98405231669966,1.8873271334584478,50.37384420436554,13960.670834836912,269.7157851392478,,4.601942945311288,2261.253644078864,0.6184173228058533,0.0
1048,30.457910537719727,2625.862386417111,3.437084946716745,277.52823316339243,410.95955774608103,1.9465229470593375,26.130240376927027,92467.84831222863,483.23124130953244,,4.6644818902884575,2306.1163397856335,0.5974618356169955,0.0
1058,37.20667266845703,2108.5574339595632,37.852585971608896,33.94847838605114,52.275491497608556,1.160257993899731,8.542602733973094,3956.038102075673,20.095594046426616,,3.369511378477581,2501.346319862781,0.40231344925389645,5.583405055107729
1059,29.281904220581055,1950.0273873992435,27.680003371379026,30.512639296511175,51.34183179981235,1.6326000269052026,39.111256751660235,3370.929411070419,90.36196045303566,,3.6661568860634297,2090.949301679503,0.6123383525607304,0.0
1060,30.22873878479004,2078.686189741647,12.705103018193812,84.86319122290537,135.98502119094715,1.3632527516617983,27.383172179071412,15635.401369193603,167.56655620708713,,3.8614430504281136,2568.2788165669385,0.4226598389014719,12.45789320561053
1061,26.81916046142578,2006.9165033949246,12.656525033815496,63.31495938378749,104.89678980379281,1.7708977712875724,inf,10076.030990736048,,,4.094953213340489,2149.2922516939943,0.6382189557770622,0.0
1062,26.9713077545166,2038.9780583889292,10.597665055510085,75.35277143704371,123.73649515396635,1.8054610977028145,inf,13082.141455147634,,,4.142611292598897,2129.476682916131,0.6477494810246744,0.0
1073,26.16018295288086,1885.0873904873777,22.631070301149418,35.39330521005477,59.68288686372306,1.664141594173342,inf,4211.2563365676615,,,3.9902547736126066,2181.4133731018082,0.6114224656671966,0.0
1074,26.37533950805664,1720.8246464432618,19.943280768987155,34.18954536104761,62.06511545829805,1.7845622035886222,inf,3998.250353405633,,,3.5145777747630444,1872.7710350379873,0.8829564898892042,0.0
1075,27.291629791259766,2182.1090689804787,8.45722972828364,96.07273600283212,152.85482695821332,1.8990358778244862,305.9951321551933,18833.46520492321,2104.777483903696,,4.3750936235654825,2146.010719357267,0.7024037794779939,0.0
1076,26.100128173828125,1920.2842963390958,10.713502433833,68.60860090184286,118.67976501102693,1.8473130440609349,inf,11365.743226466204,,,3.934378974104915,2046.3059625970839,0.7205402525645662,0.0
1077,27.204036712646484,2026.6371057630251,31.834569081493086,24.14828989969229,40.77401688506264,1.8641275957387013,443.0153548416659,2373.3378587921916,812.8582001395247,,3.984815775931351,2062.812973705198,0.6905914543182826,0.0
1078,27.443178176879883,2281.276249054472,15.634622458847856,53.101933446263125,82.70840582532175,1.9429657657744637,201.4676716902816,7739.189784176602,749.8381477879122,,4.5463048263650885,2182.8154149753877,0.6845075410024052,0.0
1079,27.15338897705078,2026.926475566456,13.02584961147703,59.4856981517977,101.37572800233966,1.8497131106017606,592.447492226055,9175.903555589082,2702.6908122409554,,3.9551469468276,2093.910514331846,0.6998317390501136,0.0
1080,28.497623443603516,2033.911024090963,13.360978390410997,56.76064873270267,96.3471256417282,1.8964060858539638,60.60780963242554,8552.656333781617,262.77247122863616,,3.8047926562509145,1957.738838113779,0.8132876296303636,0.0
1081,30.43553924560547,2415.402117710287,19.225073366693067,44.26192360895219,68.42399252642134,2.0071330156381397,26.31905214804624,5889.459262606368,81.03845823661842,,4.288095283607138,2060.0698994357144,0.755785262743456,0.0
1082,30.81507682800293,2685.375610115365,2.44238772311173,374.2488614360884,545.243378703051,2.077375217190265,23.61873376356085,144800.72200073523,579.5081189069285,,4.7441760094021745,2180.384886123666,0.7019164100158058,0.0
1117,30.35494613647461,1771.0719494161572,35.05378351865292,28.48958944518394,49.927764585214895,1.2540074475350385,26.497004870648983,3041.3001394721887,59.53212996277747,,3.246769305901308,2382.7332936032108,0.5326449501270475,0.0
1118,30.16616439819336,2042.3930345103645,27.58355284208299,46.58610338895643,70.71953656049125,1.123874280918206,26.938081827250244,6359.3770456192215,85.72718981932776,,4.0478885428091305,2958.4110652276418,0.28011804024443454,25.319837122725804
1119,32.213802337646484,2115.656621925947,11.229062781716921,107.11273535008708,164.66034355286456,1.24378571260744,16.657888328117483,22171.325645296125,123.43021267378846,,3.835026443702649,2655.731824978041,0.3702679369078341,28.78528967745418
1134,29.60607147216797,2120.1235999109276,9.619729557021413,110.23107238922304,175.9661045373059,1.4137717108389685,34.03756251974726,23146.538058508617,269.5255778045219,,3.9891917911666104,2582.986720462171,0.4178601691377442,17.982493108229686
1135,27.093996047973633,2176.3957397820805,7.639512150764126,117.08349655158486,183.62854671172997,1.7205272668242866,940.9082063546344,25338.069385994386,7774.99229349189,,4.462398208212484,2357.180371372122,0.5416568683181698,0.0
1136,25.95309829711914,2616.0740939235225,8.464358648192,104.460524892689,150.07119568506567,2.0921305525224447,inf,21352.970559982627,,,5.558450373438818,2430.90895977268,0.5912725801544991,0.0
1137,31.109344482421875,1415.6528736009236,24.009126335827105,37.8375977402022,74.37313701706722,1.101899191301244,21.672944776410123,4654.95331102657,72.53482011386765,,2.5313736403238476,2123.3390496352395,0.533001746096656,0.0
1138,33.22321701049805,1717.7548073522357,9.62826929388183,109.37220964182602,186.94274935747174,1.1534292484705675,13.979065069609607,22876.547138195896,117.59781859019176,,3.023862365822501,2264.6862894943865,0.447838327328802,8.016631768227924
1139,32.894737243652344,1853.1158135231287,17.868633978009758,63.14785613664403,102.14154735635759,1.161281748926135,14.61041101246992,10036.167755931308,67.154849474672,,3.34823512677256,2424.096252254315,0.41077728538461944,10.162850303934736
1140,33.411190032958984,1780.654810219754,30.401627223820316,35.25484156735693,57.65863071589751,1.1747599782903484,13.369739444380775,4186.567971696732,34.689639122609385,,3.2015458763085882,2259.5236547289255,0.4386467895631745,3.2736292039969044
1152,34.17108154296875,2023.8488335073412,33.37377611806462,33.7276208104889,50.03169905468239,1.2713701721680186,11.731927616183693,3917.4959444002943,26.4135722320899,,3.6892460206203395,2282.1790756943406,0.5089528182285619,0.0
1159,30.840120315551758,2321.160434665242,9.83990545879202,91.3265332232717,139.761569044366,1.8264267680800923,23.149405070112742,17455.225097594477,145.5928728769151,,4.195965235214448,2113.238017534628,0.6534764399952072,0.0
1160,31.35853385925293,2607.2364545002238,12.248885032778624,81.77195034186558,121.9157516736552,1.84062157085683,20.776967442999698,14788.922395780863,113.98678214905664,,4.4966645006478165,2363.149764266414,0.5389238389348646,0.0
1161,32.98565673828125,2250.697602986199,44.19539610929285,31.02423401892252,48.102478835438944,1.1607108716065733,14.84759025566387,3456.0625751591692,32.139265321365336,,3.840051370845844,3032.015509651499,0.2858973403241186,15.65809044770595
1162,29.696311950683594,2594.443695606417,7.8996255433366604,101.86140119518546,154.91829011992047,2.279885837924617,33.90152576274818,20561.010963355653,236.3384881629621,,4.619094133962669,2014.2061030250136,0.8394993181517169,0.0
1163,30.464296340942383,2809.196595100491,22.081079757726897,47.277915790820984,65.16278071349812,1.902779686240235,25.522139213745994,6501.558577896275,74.83921024161158,,5.182351003567355,2469.187560796038,0.5473228262507952,0.0
1175,27.940908432006836,2232.0340107343595,11.750998825043789,93.95299715055421,141.94924294585564,1.4295534183327392,92.68113189777891,18213.606687052234,592.020742871462,,4.559825929501592,2788.4049233579876,0.36874994037147146,29.308565891776798
1176,28.511606216430664,2463.726095368771,14.659976626607266,63.159868903444355,92.32927997134713,1.8814943906888386,58.2371837130645,10039.031698202381,241.96487579038396,,4.860257144752798,2317.156476393409,0.574495246756013,0.0
1178,27.9398250579834,2263.782399428244,17.12891123674679,64.25012877669283,96.99273903291822,1.4545073490355414,93.11937087150926,10300.089522385835,406.4356277032421,,4.59608342323411,2789.5751919290183,0.3793747783979623,18.073255658239628
1189,28.782657623291016,2492.900923279918,9.53520309188682,87.41492718335257,135.1830053893467,2.114825181100455,51.17009797835546,16345.883370931771,311.2797433851641,,4.581591118726117,2142.6978338040994,0.7341944955165686,0.0
1200,29.659839630126953,1664.7439898832595,11.726836256879315,89.50291982307148,165.2786816024579,1.1215390340035678,33.824949584316606,16935.023387375182,251.57443826544548,,3.0507522295027005,2588.799804660459,0.35536915405954744,30.809657161240704
1202,29.62749671936035,3174.7333005046085,12.386446303291168,78.28543618475231,104.50524593474196,2.315072252017367,34.2075759546075,13853.24322131849,160.86920120854302,,5.833646918415289,2391.743111355031,0.7302241733633513,0.0
1206,31.042322158813477,2698.1650336722073,3.559480084094139,260.95070479392933,375.6262225191926,2.0540379842243657,22.17011421999211,84307.79035506878,374.74543157736025,,4.781346256907554,2188.9097931240403,0.6982217328652988,0.0
1224,25.423355102539062,1655.6308297168653,19.497829087361353,36.98084988261176,68.75576207364614,1.6236236178340968,inf,4497.750156136295,,,3.483144154958211,2054.748488082375,0.6669175957649252,0.0
1228,34.90321350097656,2717.0305725431244,14.760305166777622,109.09244911195181,148.23940803131924,1.1931347621281074,11.019844469694728,22788.830240304746,73.51088493531391,,4.58060404453762,3315.6337898014067,0.2185919737700276,73.04278452372799
1266,28.98390007019043,1871.5052771779774,8.648452316907745,127.23442604539449,217.61828493161633,1.202632754293813,44.87537821042497,28703.638264261757,439.4566278814639,,3.5664811695092262,2743.154468397769,0.35002568100170933,46.32672456486678
1268,34.846500396728516,2709.3434386532863,7.5636955054254615,137.97788304838681,197.4768531804068,1.8357162308793267,11.423800399267703,32414.864595254257,101.51712693938074,,4.348971599788112,2214.9502837192526,0.6090519978209528,0.0
1272,28.08129119873047,2239.2227521306695,13.364594106204635,63.17589598657746,97.63890633056333,1.8753188413569273,81.7766488221055,10042.853110556453,359.3062149466019,,4.444236236508752,2152.3074668951162,0.7015315334492193,0.0
1285,30.789276123046875,2016.0711173898183,12.63237974710389,88.71950282919863,143.69292761318093,1.2719984377747846,23.27587695893975,16713.162846859115,150.5060506347406,,3.7004356157200298,2618.7685100490544,0.39396664999246317,19.49502112660238
1286,29.699430465698242,1987.80416567274,21.184843969373876,52.55968922032508,85.95649122960302,1.262352197040417,32.71053260102845,7620.9511635936915,126.52571738861752,,3.7596481170622655,2692.119771324201,0.369654601406567,15.559225822041439
1292,34.19635009765625,1755.1024711241876,28.56611139425561,57.94412630774064,99.96691285382052,0.7497680599599221,12.23628239632815,8821.534236822501,55.045051918581336,,2.9520961651313153,3510.2409699933323,0.18175019189144956,47.26723043812164
1293,28.422883987426758,1774.868850676018,18.662961145964072,65.58571289856467,112.40379021882781,1.0253248288520405,61.69375092256572,10622.918780554632,312.0575146430711,,3.5286856687122707,3063.2914747340615,0.2583830340905665,43.71179194736089
1294,27.18673324584961,1813.8788956414503,18.52575357590249,41.51778106525724,74.72393676076037,1.6675669253176442,486.3937139441625,5350.337734657194,1635.5363904717735,,3.5387604206250685,2075.02065276863,0.6593614182651009,0.0
1295,40.80582809448242,2493.952307752392,24.893716332928122,62.068345302510735,91.72902497605035,1.1413352808564496,6.500662391742902,9779.918755669702,26.833474030187517,,3.533048655346086,2851.953034899883,0.30409425324096495,23.37750728404121
1296,34.09546661376953,2262.8567459778005,30.10853628514165,50.66090272426157,77.95182090415102,1.0490096807234042,12.499210249657597,7211.728723985575,43.8451289471087,,3.768155361503468,3266.6305813640893,0.23847368798877858,32.021835011616986
1297,24.7156982421875,1627.644613098735,10.834963259489301,63.98691062116166,119.86482943239697,1.6600684739073592,inf,10236.858709707873,,,3.519399391007225,2027.3739038716562,0.6805312375979462,0.0
1305,29.983732223510742,2972.781238955284,12.150718613341963,81.48948298483792,109.19134465738152,2.1229727891320835,29.62950316492425,14712.359866595378,145.58783814486992,,5.563199300822205,2376.031372999017,0.6912925202733063,0.0
1401,27.11285400390625,2135.5456984410193,16.624224299887597,55.313411938389265,86.36452475813903,1.642184820290223,777.464368791306,8227.647332950683,3021.5403327171457,,4.437252145430065,2402.506572774727,0.4730301635855956,1.053076068929441
1402,26.05523681640625,1990.9221822061622,17.656950993956006,55.07045575697292,90.56455523224193,1.447787775257528,inf,8173.498771188053,,,4.22060159673161,2661.490696907643,0.4243649482108492,9.00442533719811
1403,27.20429801940918,2718.8081556595566,25.03664994618286,36.831799319392736,51.93942512147247,2.0848000716178303,434.13221363771726,4470.585438134734,1014.6859921374886,,5.526225425197577,2427.8892221674055,0.5936234263107569,0.0
1404,27.474201202392578,2327.2310175139514,8.611070676632389,97.07915538426592,148.188285210201,1.9685269088951132,187.1956014788705,19130.176609847716,1248.308783192069,,4.680457184070576,2182.849711077856,0.7127821896313883,0.0
1405,26.492090225219727,2286.986335007625,8.10234269900584,103.4640324160122,156.63734499379115,1.929072557510714,inf,21048.158070314694,,,4.838434441399696,2242.084041243228,0.680706637191299,0.0
1407,31.16562271118164,2143.3646833663615,5.481830460377256,226.5866722031376,358.24505683561216,1.2201721601642819,21.25506796851048,68215.25978020884,342.6535364590727,,3.866041328470321,2881.47577232894,0.3281535533486575,91.02356884904476
1420,32.7602653503418,2480.334842365226,20.517856437363555,46.97018475476568,69.92944654156821,1.8198729129919913,15.497034538519774,6438.184206284115,48.766457174141465,,4.223823595415078,2153.9364547848927,0.6535451834024618,0.0
1421,30.506458282470703,2686.560286394376,6.858238924122858,140.25957002103752,204.80964316512805,1.9748607517699903,25.731237876394832,33222.227697107824,237.15025414476534,,4.777652762111022,2318.8276572582295,0.6174698989374537,0.0
1422,30.658613204956055,2753.2476295284514,4.241472305728804,219.09709740599436,313.68838554086796,2.0949661803170914,24.55784157578304,64861.19290027441,346.65793543241034,,4.910701056559024,2220.641227324859,0.6895913394163344,0.0
1423,30.841917037963867,2786.824384324293,7.749707788030442,121.05367937975696,169.44940839208445,2.100541579397446,23.168251922488736,26637.716159817155,176.66309617850203,,5.026203019394225,2208.8046556794593,0.7031254536634829,0.0
1424,24.0200252532959,2111.106011986232,10.800401156853873,78.26498848697823,120.8144310533584,1.7659875288031046,inf,13847.815996664776,,,4.996154099298859,2448.548679689399,0.5420487365823825,0.0
1425,28.86686897277832,2859.114037976178,12.646209229874238,73.72599619396725,103.1588889153205,2.168380373163526,47.990562029782176,12660.794797134067,222.7793875836344,,5.408416790766086,2347.7140909590607,0.7187517181973108,0.0
1426,30.475332260131836,3232.6661641349606,4.601998669614694,217.51489710023253,288.2699996514979,2.283549156285728,25.895723368108417,64159.874369116646,335.9232074834955,,5.7796940463658935,2409.1250610151237,0.7045573378584433,0.0
1432,32.40299606323242,2385.0845569699613,5.8766159230757795,145.2073010412517,216.64665874116181,1.9763917018132542,16.354543244262825,34995.538090758884,159.44207170983216,,4.173633328956517,1906.7856355927918,0.831734923134838,0.0
1433,31.000762939453125,2376.4718767182308,7.220500021812467,133.95179796100985,200.49866996540035,1.7374081741713963,22.089716909442135,31006.50503667372,199.3031487114913,,4.320565411235931,2250.421956311809,0.5741492249426464,0.0
1434,29.078296661376953,2265.692745230808,26.54819076538315,32.25261759738033,49.99374751182911,1.8710531271875857,42.76840861424353,3663.3418449583583,96.21688597844529,,4.317136355254635,2124.771435848562,0.7049710218099615,0.0
1435,28.85818099975586,2267.139051794902,16.659849207932403,48.08366180824548,75.60985224674636,2.001218734235794,48.23505383608346,6668.471456131505,164.11703821470567,,4.28665095111691,2018.5248252310334,0.7760898717013323,0.0
1444,31.770051956176758,2249.6288348609537,12.13685947783717,76.98964984582122,122.42757557481981,1.7023827268057252,18.887386206081086,13510.720581117028,104.05516059701105,,3.870676090860819,2167.4100453354304,0.6365730313918719,0.0
1446,30.380186080932617,2177.313654636772,8.353040504615377,108.53102707543906,173.69711563961636,1.698272972773646,26.487780457638276,22613.13966567694,207.03829793342246,,3.938987040211486,2176.839554994283,0.6260235130035382,0.0
1447,27.823362350463867,2176.8560249051316,20.681613496984287,42.3522111281734,67.58015077983949,1.7573335553805263,108.49050402133722,5512.443219501042,329.9312078974238,,4.280318982834677,2274.9066898078477,0.5585514434498738,0.0
1451,31.232097625732422,3126.658891209915,22.17869467525672,48.062884927897166,63.25208010642245,2.074052227142375,20.98552489693699,6664.149767835147,59.73201458353715,,5.598962383189768,2475.651858932368,0.5559345481851431,0.0
1452,31.977251052856445,3083.018649849985,22.596840060862345,44.60637339157857,59.42183645245875,2.162800826528026,17.90246238367146,5958.341196071547,47.8708736336469,,5.377636490539315,2298.7093172197683,0.669595911104272,0.0
1453,32.165531158447266,3254.3507670243694,16.44696111707529,73.74955585083543,95.617982675265,1.8971614376201664,17.251038393601863,12666.864050007789,74.22792706123896,,5.647119094563802,2751.646874734028,0.42526081514103786,9.82837337447134
1454,30.03034019470215,3134.238713791946,7.183373447628064,137.29428506971658,184.9018267231759,2.2471712394320216,29.704343029341327,32174.26878129998,247.1574279481671,,5.675385402315812,2406.2390072945914,0.7172660813361427,0.0
1456,30.28656578063965,3194.600372738174,3.8135210887338093,264.4636248651622,348.808043469797,2.23980103760482,27.21384251757915,86015.93511504862,427.15832237333814,,5.805815573276744,2426.0098894330695,0.6929999794999477,0.0
1457,31.132232666015625,3315.071930536497,18.178208461183186,56.85356710672189,72.50459320575479,2.26813635891023,21.464902683504803,8573.66624338945,70.03368167708834,,5.966528585121482,2404.1409566291977,0.7196531523905775,0.0
1459,30.830631256103516,2544.33363932285,25.839702035498334,37.299223930001844,57.00660347920883,1.8666881261009471,23.805687419795113,4555.957763285871,61.068662248061244,,4.399995622798458,2325.6069476378652,0.5671823976841677,0.0
1460,35.75285720825195,3111.3975193958295,16.408958972661136,71.64832558967612,96.93294063704961,1.871343136603884,10.324557247280639,12129.392892536345,45.03553626395135,,4.821364960077848,2458.138570358728,0.5076713487147402,0.0
1461,31.529523849487305,2967.1719268287657,15.977937131899326,63.81170573427311,87.34688933719937,2.0578165311137773,19.758098160141838,10194.842631352043,77.66137860783442,,5.19948515535084,2365.556428991493,0.6276378868703427,0.0
1462,30.650634765625,2866.5999601646754,14.890217235618435,65.11321627604367,93.00332534329455,2.0906527833842388,24.86298459064066,10508.330357301445,104.05531101999026,,5.023876182265672,2341.065679640367,0.6130557195279398,0.0
1463,34.66694641113281,3587.1062129920288,21.794969390331644,54.944071213109105,67.5655569176983,2.118127694042485,11.6136089035878,8145.378130175094,35.31059790278621,,5.850462990278571,2536.4333696468884,0.5467850835602673,0.0
1466,25.97726821899414,2726.6394762083737,30.705755151061123,29.58542364047402,41.88227108166987,2.122340909000473,inf,3218.449390298063,,,5.75385712881872,2503.959536435609,0.5838874841764297,0.0
1494,30.0344295501709,2904.393098133438,30.847749488091665,31.719772890566205,42.80828750447992,2.0988763002681496,29.060548090302536,3572.9348680721637,55.981453395934615,,5.451228160686366,2338.4428985550694,0.7186200161483066,0.0
1495,32.683326721191406,2542.1633578563738,16.26469286549008,63.42054990305542,91.91818928654557,1.7426596948755095,15.576064254021622,10101.24723061132,64.42756300982501,,4.401759923039955,2291.1358152318153,0.5992658084197057,0.0
1496,30.797744750976562,2663.9416414479942,4.17959748855513,218.9661516797627,316.9609478090437,2.0582506606024142,23.585016444255096,64803.054109605626,336.398812481834,,4.758193451987974,2171.1748830611964,0.705201798050025,0.0
1497,29.434814453125,2502.14523899028,11.97849282181849,75.59408390115061,114.00827141273513,1.953923390710064,36.97571412655227,13145.03383082272,189.69917633188538,,4.611365128117484,2250.580025168818,0.6086441391749722,0.0
1498,30.186246871948242,2534.322521162941,8.876700419156235,94.2667896750219,143.86271372363672,2.1415913543446483,28.557448461924523,18304.92995378845,184.87584147399107,,4.4825126222710745,2053.98040109598,0.7909683960766419,0.0
1499,29.487319946289062,2456.168583617258,10.028535759425003,97.22836512084507,145.2962330624155,1.781199906239024,35.81598158118773,19174.29790118374,234.17672432307447,,4.603466297546851,2394.1469477219953,0.507593121934048,0.0
1500,28.69546127319336,2503.8039009219465,32.55419343927434,26.85045641849102,38.9869501924386,2.025474134917461,51.96270665990377,2782.6430794378844,91.16403553862845,,4.903861060800538,2176.2631473386314,0.6948135256123763,0.0
1501,29.993953704833984,2647.8663140639665,5.919280371081778,145.32171072004658,217.84863592731062,2.1766151310268613,30.45991025403161,35036.90601922951,298.6042454689089,,4.691581051748175,2128.638638645948,0.7656028877240502,0.0
1507,26.73508644104004,2118.782515841715,3.3802865280422467,232.09604111282601,389.25923134703635,1.9096339865386807,inf,70718.2646033888,,,4.168453805744381,2158.373796591033,0.6867335731217512,0.0
1512,40.33132553100586,2508.7624753193845,49.06586545032949,32.159019452909384,45.237418964958955,1.1242484185401211,6.551550676486681,3647.406714386917,13.336885927007469,,3.759048504937681,2863.8356907700104,0.3095998310307916,11.491404168561834
1513,25.54493522644043,2273.2358761922756,18.15529254354854,46.047140857636705,74.69398276235432,1.9227533781099073,inf,6249.337787029291,,,4.657230546620713,2401.8654443824635,0.5452853376762024,0.0
1519,35.286903381347656,643.6242473543006,14.222675459628414,28.50357578361817,73.41225374612736,1.1226302829332748,10.039369424124327,3043.540003614202,33.16557310267174,,1.165071375989683,789.5881664626979,2.3131520105165992,0.0
1537,30.907684326171875,2607.731138500399,10.307305987053356,86.49706200199813,126.88895758595135,2.068241698708773,22.957553138367327,16089.110338776183,131.08769939031822,,4.630441951143919,2111.5400146236348,0.7314988190867405,0.0
1538,31.190885543823242,2551.452211465824,10.073496147391106,89.31393724524064,131.55815942822485,2.0052705747647193,21.32541596515943,16881.415062841425,126.24896130379452,,4.524212663367557,2105.204251623476,0.7312105737041473,0.0
1547,32.16783142089844,1180.121728347056,12.882691014852428,42.19488764538912,86.84247591917655,1.535130793710127,16.80489467064158,5481.7565962727585,65.67203973417703,,2.142092654877283,1201.7100901846898,1.7844068816668475,0.0
1548,36.26289367675781,3118.085631783762,17.924884697288977,96.73073614977498,127.01960449971763,1.2716048525836052,9.601493403968721,19027.281131642303,54.881005265043946,,4.912195984066151,3522.749256519317,0.21224475789039743,65.8441756502803
1549,27.348583221435547,1895.773834000537,11.767324284892593,67.80991249833095,119.11979351508171,1.6799664975991735,260.2343409908708,11167.855129666706,1394.957743396465,,3.68633630947165,2138.2707730882585,0.6394493472853112,0.0
1550,29.62535858154297,2098.838356414828,5.40591978214875,154.59880613977873,258.7567733557711,1.77577632555979,34.61427442928353,38444.941059799035,403.05050835176615,,3.7833457812780416,2084.3502098728486,0.7038474763590739,0.0
1551,28.290998458862305,2092.2674638019967,6.052726677704528,133.66733558389507,222.69347011838644,1.8286300381359881,70.12437784490551,30907.78855884369,702.7308468978707,,3.9580397443077846,2097.0995147888425,0.6931133110160997,0.0
1552,28.79462432861328,2113.0124593153027,7.822211311357116,103.08250597242056,172.59636671974974,1.852987750066888,50.73603869068046,20931.841978971956,394.05851728938427,,3.8943913565663215,2068.2345891532123,0.7154254878069934,0.0
1553,26.67150115966797,1943.8472842710592,8.023211275191448,86.58849407862431,149.3991747954755,1.9785121842642672,inf,16114.62766990639,,,3.8895933587656177,1899.404766859201,0.8696698944734468,0.0
1554,25.36655616760254,1868.9290821619188,7.339872513383945,90.4924647068507,160.6851502351139,1.9896509356486942,inf,17216.648833165742,,,3.8829508279136533,1912.6235960621736,0.8465442259931575,0.0
1555,27.28618049621582,2059.569433411256,13.360997987536862,54.79612100922677,92.68819864794767,1.9891737764732451,317.637939950833,8112.50018626176,1324.8579814329457,,3.9987272348679936,1970.146165391081,0.8189104360126497,0.0
1556,27.38127326965332,2063.0361774142752,20.161603870081098,39.71574221431401,67.15522828840125,1.8218142102992683,238.48229539189802,5005.806067302948,720.6899845403184,,3.99070816480562,2148.4324325588964,0.6307776444245077,0.0
1557,27.88655662536621,2281.67523933904,5.891811687584384,134.45898361446396,213.062571037033,2.0365737887610984,101.71502503221465,31182.7728962735,975.2249135906919,,4.403596527788015,2072.725711712995,0.7640133622381416,0.0
1591,30.337711334228516,3358.7784749356215,3.9134537682604864,259.5683364204672,334.0327351812707,2.338053486715627,26.8043150273183,83638.75629330025,402.9083398456006,,6.092082414686676,2440.4117185001683,0.7007949146194978,0.0
1593,26.807695388793945,2995.2001918460496,40.91259593110443,23.251791547513637,30.821957757921027,2.2263702985559415,inf,2242.407962801313,,,6.2549122922447395,2519.421012573687,0.6568135576288323,0.0
1597,36.176368713378906,1407.4016314505257,82.59705153205248,7.3695841885954145,14.0854452989306,1.6349162979800147,9.56816617687157,400.1238808485605,6.064734658293108,,2.272033953265164,1223.5259740763727,1.7942427269742593,0.0
1598,29.256250381469727,776.9062944625507,67.86640830917663,6.728347204932146,16.153882331804247,1.2030685732061819,37.259128705095144,349.05397433861623,27.08458113994456,,1.6230990501235647,1065.6906864195198,1.640254920047382,0.0
1599,28.75057029724121,468.12501725494667,33.14418014801566,6.724178922668941,20.804881413582585,1.4852525661780105,48.026815695640344,348.72966063664506,44.96364923489029,,0.9933408161320205,528.5871558957948,8.239412670073554,0.0
1606,34.340126037597656,2326.216476720345,14.945775479818527,75.70908938573139,108.95769355489675,1.4536794572861984,11.723797240435463,13175.042643804627,57.48290581604,,4.059212719653941,2336.1852363128146,0.48486727391568546,0.0
1621,26.620079040527344,1894.9222206553868,17.060374307374722,40.88551132082642,70.63121336527416,1.9209603543856246,inf,5228.584677793457,,,3.842433935409104,1897.968319059052,0.874624362562621,0.0
1623,32.77587127685547,2681.5004996534094,23.1421903104859,43.33299025721694,61.14054110738233,1.8907746216770578,15.325836024748241,5705.030682601073,42.166345836425435,,4.632153935667703,2221.593480731077,0.6395063408078745,0.0
1624,33.04920196533203,2633.5102536147224,20.75627458581322,47.46188057321084,68.6127831122861,1.890277940864289,14.763943137054984,6539.543138169653,45.58478527551953,,4.447449833134849,2185.3563149146407,0.6317639963516236,0.0
1625,32.01638412475586,2603.1407836389444,15.659814006507412,65.0710231339283,95.16629956840553,1.8063771193812863,17.85236144445311,10498.117968788218,76.45244297518249,,4.496049102917993,2332.9982865137135,0.5511786859408638,0.0
1626,32.0987663269043,2753.1142613090756,9.13080603913531,117.30106540808318,166.09246982953596,1.8175993728815414,17.52116598175693,25408.72838357556,130.95601794914646,,4.764801400369717,2440.4922911543495,0.5142248373226551,0.0
1627,28.81032943725586,2342.8673859988453,6.260513789968029,143.70696487786486,214.14941469925327,1.841386332731554,48.46499272854639,34454.561042736765,467.0437421799799,,4.605253149416402,2222.547100153159,0.6066285782959099,0.0
1631,28.993268966674805,2647.932849847262,15.962220932918605,61.56722041467697,88.24004655519452,1.9052374306396966,44.58136268678038,9661.717077678326,177.02376835389805,,5.0610925937312965,2444.6260267126363,0.5274048547789308,0.0
1632,22.43321418762207,1920.12297282608,7.3933812733353825,105.1029405487948,173.59018495756436,1.7472541307439822,inf,21550.24916533959,,,4.7503419857352505,2428.893323922956,0.5207933107637044,0.0
1633,31.825992584228516,2183.5994054229814,12.51113159237194,121.78186448968313,185.09141046257503,1.0133950034312293,18.038436783308903,26878.431637494643,150.2441868043188,,3.983613596052131,3409.388016959655,0.21592062540574936,89.73778755530836
1634,23.31657600402832,1343.938430313041,36.20310243132943,31.497698187643824,58.7788015946245,0.8333736579196902,inf,3535.47867088742,,,3.391141048146312,3327.629336776232,0.19421211733971266,33.449138537956195
1635,31.331100463867188,2086.50765570722,26.827663707973727,54.39066586127628,83.64667538608123,1.0111084862376425,19.969615856974574,8022.626228059075,75.16763888278915,,3.9028586687792877,3290.7099591505857,0.22390378078943335,38.88560593670043
1636,26.29065704345703,1528.5937840669335,31.292268115904463,46.833168045407,82.38266895818028,0.7375415844218467,inf,6410.033523548726,,,3.4286226103796493,3833.286157220508,0.1538219184167199,53.15326300605017
1638,36.94683837890625,4187.5635264667535,91.2019833925376,14.07915153057039,16.25824344191368,2.3060336713525134,9.044656996223775,1056.5613516267176,6.617260588194625,,6.370036993794631,2595.156525968804,0.566777158308652,0.0
1639,,,,,,,,,,,,,,
1640,35.821781158447266,3296.2417580524843,40.27756403131191,39.07136712835282,49.82875870926019,1.4810927451079798,10.069296275365879,4884.475180913742,22.578324051476645,,5.255583679634345,3228.6706724231453,0.316079494699626,15.111903787179452
1642,31.428525924682617,3542.0212403140686,31.399668151790497,61.70555060533323,72.53723164625275,1.2926676285345526,19.48565658949045,9694.297505952014,63.604601361503995,,6.6339960103968245,4347.187155814947,0.16645793097695055,56.91738992830842
1650,34.12137222290039,2590.1604525437137,24.35753396669169,54.60460642274737,75.28875897353277,1.3770479793787016,12.157400715639318,8070.007110913943,41.18920255009905,,4.4959984683537995,2778.7077770054702,0.35139577499620767,16.471609053449814
1653,32.662879943847656,1723.6755965133689,8.218669701908269,124.74842790468152,211.55637435571782,1.1887866705055146,15.303360322070441,27866.512342272035,145.68855413383676,,3.099377498950343,2230.6023625075536,0.45846892959949226,6.157001600369022
1655,29.110551834106445,1844.4610443359836,7.947910009341019,130.48631104172924,225.4002099496001,1.257582817164166,42.24677050291959,29811.060492474266,428.5093923472791,,3.4918212399393593,2578.972923659186,0.3892773342743094,32.269228433356524
1656,33.967498779296875,1972.7883355011445,26.220410480439256,40.543945361139016,68.05403651277368,1.3121998970885267,12.862058749034107,5163.200707346399,39.38917570812933,,3.235953904230558,2308.3564818816953,0.4856908387584181,0.0
1672,30.74299430847168,3337.855431634791,4.89467663934419,213.51789455009572,274.54395765465455,2.258365551463304,23.851554128491,62399.54359343245,294.673502999256,,6.005672601672604,2475.264622892372,0.6748607634138937,0.0
1673,26.10755729675293,2771.856058021102,8.684032257113136,102.36045043112178,143.27714052566654,2.204966824624464,inf,20712.29762811058,,,5.840058971394118,2434.4381839266916,0.6905727510176732,0.0
1674,30.679161071777344,3448.826255939517,8.721645869028746,122.21285440546608,154.05298831492996,2.2879207756503965,24.216234436373,27021.24324984257,167.87624762961784,,6.238819996177343,2524.1969328267173,0.6638803358601361,0.0
1675,29.438934326171875,3277.13342390559,4.503647731637057,226.914152442782,291.69205462177536,2.2675304561748026,36.392706905475464,68363.19799972954,477.69585527277945,,6.190853313978104,2503.840819326242,0.6606684341502839,0.0
1686,32.36346435546875,1351.7700103201298,18.052315491852013,42.30057274685412,84.03771498985446,1.251724194426784,16.49780850760082,5502.36463612815,62.38971581935292,,2.3622280962401594,1710.5891801344865,0.8157545824544131,0.0
1687,31.412378311157227,1722.6357846929081,28.80835640303543,35.63186485733022,64.49898838401414,1.18664669238916,20.36963982395723,4253.905368507205,59.12195230763861,,3.005862493295809,2399.9458511251137,0.4153567632064014,5.812405566721972
1707,29.937952041625977,2227.605428176179,9.335318507079899,130.14377376017,198.556377099238,1.2964946646520534,29.842834896114912,29693.75283968839,266.6468330704481,,4.235361351573128,2895.4075904509946,0.32705261209414505,54.139297986211595
1710,32.46582794189453,1756.3670336624857,16.350140094934734,73.54742544283239,122.98487928429552,1.0327883401187232,15.811081632088028,12614.82434827939,87.50357846444196,,3.1900674904363098,2623.3425142050824,0.33223068915050297,26.962613876419027
1711,32.71983337402344,1775.6105203729976,8.173293518376548,137.12039263554266,224.37219707729628,1.1202980189683218,14.97158162408248,32113.161831669262,151.16429982228578,,3.255157010195578,2405.6067113474924,0.39148177987273736,28.52053591656575
1712,34.561702728271484,2050.746412130214,15.583613073059267,82.86679255059298,130.0549841370211,1.1229186030422995,11.536982916160014,15086.927024299704,67.51989585676235,,3.4752649059525886,2687.252107822161,0.346294812107584,25.972931047799882
1713,32.11000061035156,2238.2063529158027,16.40132207202362,93.57386770930279,139.50849333255044,1.0312208580559277,16.971334409869378,18103.47166572207,106.54403820136858,,4.078955259654798,3393.6760157823073,0.21523270451441562,68.35888051334236
1714,31.640111923217773,2122.813288353326,18.64330438602497,69.64281349374482,105.5857252644461,1.1561058576012413,18.58236328594138,11623.701734808257,88.29145371030914,,3.958218096022277,2893.059981088093,0.30668309996873544,31.140401350915084
1715,32.168209075927734,2113.276496515391,11.490442728412608,107.76068226586833,163.798302261169,1.2068248111581767,16.69110075589143,22372.807929141618,123.0288285008309,,3.8812512487496975,2718.9840502851407,0.35021872507838464,34.505550365326485
1716,30.35669708251953,1949.458736816455,25.149599526257376,30.327585731417305,51.383042829532314,1.8072995328172343,26.698894895395252,3340.3098506497895,61.73417069600741,,3.5232352504311244,1834.5241517465422,0.8654474620570456,0.0
1717,26.831554412841797,2026.835382826977,4.681430835528828,181.51538570273212,297.91036206344637,1.6865973948463626,inf,48910.28122141634,,,4.15232611538658,2272.3377008771254,0.5915042088027719,0.0
1728,30.660831451416016,2283.9936094301997,8.832077783155292,99.73776385759952,155.60814348683246,1.8334006221768409,24.437793570004274,19921.380755689588,171.12238597542677,,4.1042051341986685,2095.8199224958403,0.6590054506326088,0.0
1729,31.98729705810547,2629.3890760149466,31.191356153330812,29.89288023424511,42.45556604484301,1.9940582316937423,17.708679821163543,3268.7494930801886,33.832441157147436,,4.656837986195512,2107.0090493011685,0.729022393494505,0.0
1730,31.770023345947266,2623.861659127701,10.735655847375426,85.11610366566701,122.67276261716587,2.0304187718157793,18.657900253577683,15705.349228005321,102.99672759338523,,4.6122485782677884,2093.781639007198,0.7401592299559722,0.0
1731,29.9442081451416,2335.6463828433716,7.305650033329392,122.90338409542143,185.3878146807745,1.8393712246668947,29.989502283412573,27250.580452655333,250.18597312586792,,4.385666984362963,2154.5160122929947,0.6536887588338824,0.0
1732,27.186172485351562,2061.26305674828,16.555929939750083,49.519195639394916,78.26753531571919,1.777834215636771,469.8073766174851,6969.319394934691,1654.679944844748,,4.295755314795746,2129.970438584119,0.6365589197120035,0.0
1733,32.65541076660156,2862.880455938186,4.857855415328401,214.01735255545125,297.9249648141525,1.947128635399577,15.82429104648615,62618.617762473616,212.15031089549822,,4.86709437034364,2336.3266922981056,0.6021031882483131,0.0
1734,29.299585342407227,2562.8959597362723,6.738312618270592,142.46493208599242,205.77949247601873,1.8878037627411641,38.45728974209934,34008.8509490822,356.1174704309581,,4.8934452592544595,2353.6671442951965,0.5799518744599059,0.0
1768,29.116823196411133,1716.4458136154253,5.5448711800469725,170.84125557714017,310.13585326795794,1.2812411672030266,42.45273066634757,44660.04203529741,592.4751231943128,,3.2046240799086956,2373.710984386342,0.45852342540844243,9.686606350679332
1791,31.810998916625977,2854.7383770018882,11.319353261275218,93.32336297300061,129.4774558777083,1.91090598746436,18.542737377762247,18030.823676363554,108.03899073065148,,4.99179699110997,2423.366642518016,0.5582035255774324,0.0
1792,28.318641662597656,3107.147766106886,6.078135427621487,162.36636477533835,213.20397947480583,2.226283511492696,67.09087958777344,41378.438409958384,643.6819131560244,,6.114295041312326,2497.5489227459407,0.6664254903949017,0.0
1805,34.72688293457031,2308.887478433542,13.32373121063958,98.33464046725061,146.31640699808324,1.2461071089140427,11.330280236714204,19502.478016745732,74.60126525328364,,3.8733019036563032,2724.316514098093,0.34960048451767245,29.97032196050469
1806,31.374862670898438,2106.6110838176437,11.628445540795942,96.43960616254684,154.7649955484716,1.3282880808347226,20.312772332797095,18941.446335146276,141.4667753848107,,3.753423578171954,2595.208685688579,0.4045409443375498,18.292099743025453
1807,31.9910888671875,2270.0631013740885,13.094324122780643,68.08702745394152,108.25453371163921,1.8004268075760916,18.098060311152587,11236.383591723134,88.16386860310263,,3.8647535533192783,2060.3495314821753,0.6917110339076836,0.0
1808,27.630826950073242,1386.0987257454417,67.46150206362645,15.410391696295504,28.51878837372821,0.9427780922667887,135.46948906517113,1209.9028844032325,173.85415603860164,,2.963879848654035,2599.707545622722,0.31844841083550496,7.1478922181117035
1809,32.605709075927734,2747.3683997846815,8.043845843513106,128.48981397890768,184.26164738560752,1.879617420817053,16.047645836933405,29129.501077884328,133.0634546358361,,4.634540245817913,2337.9038428232852,0.5576850845521235,0.0
1810,34.3553352355957,2867.201674533241,14.05570630180879,78.84592774641986,110.93537821845456,1.8294110678796829,12.260510449739048,14002.28449227156,61.205596375190204,,4.60782788208817,2396.835984372267,0.5172081466308669,0.0
1811,30.209789276123047,2467.0416393528226,6.2873646668593075,151.45519964083422,226.98289207151058,1.8319290261771268,27.840930090102532,37278.315305246295,284.37366734154966,,4.500417283629378,2293.983768356927,0.5661026391494458,0.0
1812,30.126638412475586,2514.1450463791466,6.092689996809045,145.1160526807326,222.20715505977898,2.010716277699766,29.090508220965212,34962.5564458778,290.8853581960706,,4.457695145411455,2173.334964653093,0.7127433440421258,0.0
1813,30.033079147338867,2538.7039368852747,8.38722178589862,105.2095732005505,161.04844674613332,2.0343406278807517,30.064776500058553,21583.05333269294,217.88485006968358,,4.493522273890995,2180.8477612203787,0.7149865891249106,0.0
1814,29.785724639892578,2483.800068539722,11.884062321475495,73.14066290773198,113.29016281702827,2.0205882539932785,32.74849949886045,12510.31756327258,166.9537278107671,,4.425542543563853,2165.4828310696835,0.7397721124906066,0.0
1815,27.12833595275879,2065.264079698415,12.168564074049465,67.06478976689172,109.67278029473101,1.7894793577181691,695.3159394391752,10984.286372872702,3431.575451769171,,4.164079396570639,2167.357244540901,0.6412032193707251,0.0
1816,32.079410552978516,2978.3893726142246,8.28478702597902,123.31786259444017,170.03514129784332,2.0613851275667785,17.7165056489811,27388.546103842033,135.55928435978433,,5.092050387893996,2346.2554919031195,0.6123255494559893,0.0
1818,35.389854431152344,1661.9038146364999,22.180706589328803,28.61278849523489,45.31668474779283,1.851634761325019,9.84962306193754,3061.0489357076185,20.0858518432086,,3.0367564958151654,1224.5947416455565,1.5788961798029588,0.0
1819,30.852602005004883,1800.3752304164836,18.69658106223078,64.91413376615496,103.7494833706538,1.0489301493745276,21.997893930002682,10460.173661845083,102.70215587160988,,3.537093317991942,2719.8943141404975,0.30694156396182404,29.14406181145311
1820,29.652450561523438,2980.298345353786,11.006959070589359,87.51232359586946,119.623351065198,2.18780281637428,33.733215116933124,16373.209489414587,181.58761055208308,,5.515619970418533,2363.3531717526685,0.7334567316467799,0.0
1821,29.87454605102539,3001.7342464363655,3.962907633330163,237.4706519892079,330.7622679677875,2.255450746461988,31.52931654287306,73188.8482077805,469.29187112377394,,5.395696056297688,2322.8642926276043,0.7442867654025205,0.0
1822,28.78719139099121,2943.507853019983,9.76262333424377,96.89027745173249,133.07553475256967,2.2004092803433855,50.0139950923554,19074.37405179043,299.50376139124154,,5.604699672475159,2382.361331119015,0.7246258139674439,0.0
1828,30.89138412475586,2975.9965378194534,19.551281834860532,49.83399914092343,70.11342687645005,2.159814473830262,23.37543792472353,7035.8829559719325,73.75194259380451,,5.160130847792216,2340.8943056895714,0.6643630937546173,0.0
1838,33.5037956237793,2497.1064489940954,17.024943665530422,57.76024228030006,85.11201084856954,1.795590787943633,13.677411961756217,8779.575239966342,52.38504158712075,,4.197685295455025,2146.033945055578,0.6592407454819574,0.0
1839,31.343246459960938,2586.276474132173,15.66548519868506,55.47912331853221,83.50965532299233,2.1041975526397123,20.91587202065169,8264.648361867388,78.60047684509989,,4.4378877790410645,2057.9024068880617,0.771112677203033,0.0
1840,30.861173629760742,2632.2837904706876,10.557221432321997,90.37417016090004,132.13740911913774,1.9508494624753192,23.251831346766746,17182.90066535269,138.2596538146609,,4.673990489539058,2264.5168750156245,0.6038895965292616,0.0
1841,31.90004539489746,2777.162679544291,5.1605687093549015,182.54311292349763,259.66406188775954,2.0846027460337506,18.32336743851886,49326.258451888876,214.10640074464737,,4.7901107217091035,2169.5072767254696,0.720672354510151,0.0
1842,30.795564651489258,2729.965114744262,11.808824611581983,84.55916772840713,119.91790014888662,1.933190834335665,23.48735927960797,15551.455620401637,126.74496621838743,,4.916901074946102,2357.911233932979,0.5759530973668462,0.0
1843,30.852008819580078,2633.717297797666,11.207465368461312,81.46918090039313,122.59538825432244,2.0396394476524313,23.697235683280145,14706.862108660276,130.7327314115661,,4.543839696438863,2203.9851304134027,0.708671654948545,0.0
1844,38.67707824707031,3309.9987103347944,5.8955050166498175,188.7868736814496,247.21467336972475,2.1029067686710854,7.755180544242728,51878.533091781486,86.27374913256946,,4.803590458893133,2173.6706022007306,0.7224225018631534,0.0
1856,26.684429168701172,399.9736295277565,157.16135527715795,1.2604429287905647,4.034908481650625,1.4277343544170598,inf,28.301846744785763,,,0.9505419638397319,490.5543067352699,5.5453656620221965,0.0
1857,28.58448028564453,953.4092167939165,63.61852752887942,7.543301549928055,16.259156721612207,1.4048154206300802,52.88325597343729,414.3546335142896,38.69267160695634,,2.0457335627993514,1140.4379089810388,1.2194936768483613,0.0
1858,32.04990005493164,1629.4858408714522,42.03536769292491,16.280795402330604,27.826198178873515,1.683624062060786,16.957398098062804,1313.8428550451586,21.233696403363677,,3.0410164449982098,1496.8308241909372,0.8398972937335476,0.0
1859,26.42997169494629,1457.562227233171,55.39498413634262,11.183484480105445,20.092828897694936,1.6636598108709795,inf,747.9898501624258,,,3.261929612484953,1610.0509646892838,0.757691529495166,0.0
1860,29.39862823486328,799.1734242011446,59.58552209139648,5.932381398182366,14.12570215476337,1.5986604176837875,35.16641002980015,288.9838630708945,22.353760526995803,,1.6525240594898392,824.0871255231062,3.134317134623466,0.0
1861,36.50502395629883,1928.1727530700061,56.178128968046785,13.080093397246245,20.401548001950513,1.8554652620641297,9.001275121957631,946.1200873754204,8.26379759157217,,3.2334622302486884,1427.6428044571767,1.284532126550604,0.0
1867,32.364051818847656,1965.9345016697828,7.537818581755314,147.0680793136824,232.71814027329717,1.2539780810032835,16.120871496826812,35670.37102093172,168.82286554468527,,3.576548291920649,2426.796263827972,0.4304023667035107,17.086675996648808
1868,30.485754013061523,1972.9895730192213,20.922475828598593,57.71379449372688,93.4684822740574,1.1553593644463394,25.14311065354552,8768.987251708091,105.7539776596012,,3.693834922331203,2829.255090272862,0.3192864182013787,24.93754059257574
1869,29.162931442260742,1938.3573360355103,11.017543407865942,101.5192316461398,162.37712164420643,1.225422223168781,40.01473171854745,20457.496184114625,292.3864631920289,,3.8595331723760427,2695.367090850912,0.3540848823962571,34.523766031123614
1883,27.324371337890625,2242.3221167875454,7.1896505372844315,126.20176911862323,192.14237341577262,1.7474701998288318,270.3681379556197,28354.902619968616,2337.7129075258113,,4.629549651395038,2352.5956446833607,0.567476315501928,0.0
1884,29.029319763183594,2057.120017490435,20.554531990524108,36.95144196052389,62.79996655642025,1.9151625869626474,44.909335252591625,4492.3861696168715,126.91371383702186,,3.7576474259201644,1935.443393430428,0.8322885985710864,0.0
1888,28.646970748901367,1877.9265564782613,12.99878973159007,63.1775693734924,108.56065424098371,1.616954404614443,54.24924038702591,10043.25213197134,265.01998628213676,,3.5942435637388375,2076.7980072132314,0.6335685329058796,0.0
1889,27.623233795166016,1970.484085952454,9.700878262306869,96.47513676090654,164.3243516385402,1.4887832584067615,144.59808301853516,18951.915004591872,1069.244380808847,,3.8405269101498276,2468.614314885417,0.46357109047368444,4.392830600812367
1907,25.56726837158203,2687.508832398242,5.026399048169327,177.73885778336205,252.59629769860416,2.1271374463107313,inf,47391.840261728066,,,5.775170006697629,2494.474928312235,0.5707169340684064,0.0
1908,26.07821273803711,2363.2006233003344,12.588797995443507,66.81088621665856,101.01582943045427,1.986799753397213,inf,10921.966608352253,,,4.997339814539669,2302.3999905988603,0.6239334985499749,0.0
1910,26.498205184936523,2433.8716575931458,8.426619384512176,107.43392865556798,161.2186966092289,1.9010250521649323,inf,22271.12634455713,,,5.034552712870116,2451.8170743134247,0.5192128927067886,0.0
1913,33.360023498535156,2210.5027588237035,23.395069861222385,58.77966818893199,87.49464715916515,1.1366443222120974,13.584819059695587,9013.02739065401,53.486952765712516,,3.924597293037057,2926.218033040343,0.2863154283361948,28.476855892813877
1914,34.43260955810547,2289.580624421466,23.819652875129417,59.899960138682616,86.0841487584412,1.1346945836324136,11.517029346657834,9271.922560760942,44.614515038986156,,4.023311081958404,2923.19813266071,0.28500621561869893,28.157342853681957
1915,29.539527893066406,2718.221875236385,3.712113440402476,232.34985536702268,340.45510959536796,2.2284672669945786,35.70739235819174,70834.29982203574,547.0543880402838,,4.93109293837795,2152.195386654078,0.7626612935881362,0.0
1918,30.080293655395508,3042.8242527420857,9.945289132208647,99.78757985827292,133.50353285144652,2.1680433810454582,28.867662569754323,19936.307811209997,173.42707222015514,,5.620641245998796,2388.2680461565787,0.7098290314798154,0.0
1920,30.448076248168945,3020.634556020053,16.21718671044375,62.37196356169898,82.78635122379318,2.111632099729282,25.621346809359153,9851.766737778637,95.44940171037987,,5.582977771579302,2391.655657333071,0.6679240454653097,0.0
1929,25.988861083984375,2510.37914267691,21.037137946463428,43.10146275217743,63.60916392080073,1.9576978150942088,inf,5659.368973512013,,,5.2937000097822535,2498.6359205261606,0.5004276695053427,0.0
1934,28.499902725219727,2895.385223495142,11.773861064205102,79.83984651018584,109.67058661029773,2.177974325070059,59.31482894885515,14267.882879831059,292.7291438479686,,5.609282517548552,2378.3235180652778,0.7038568670219943,0.0
1936,25.308177947998047,2600.4221803557098,25.602427164367086,33.76245691424082,50.03044272612916,2.127226240421007,inf,3923.566882315373,,,5.500282179374702,2472.129118227041,0.5491812128823822,0.0
1955,30.834699630737305,1835.2198053137308,12.76927412441808,75.70005833720577,133.59692622261866,1.342488781165565,23.51697697784719,13172.68531322442,141.38081272298126,,3.235807764465643,2306.326891349533,0.49074581410433066,0.0
1961,28.362136840820312,3073.645946623887,34.525366287580624,28.23980353480554,37.41247314258663,2.2291478585212614,65.07738537107066,3001.3904901366545,109.56176695732236,,6.019017218460579,2468.84742423558,0.6674392431238958,0.0
1962,25.72462272644043,2767.218878093872,53.081958117800504,17.148440806476017,23.790738008938504,2.149596470292436,inf,1420.2570497460988,,,5.968821557206159,2513.482771492701,0.6042096101033013,0.0
1967,27.04256248474121,2225.903008667358,30.158969728975208,31.3088367859931,47.90544445869988,1.6668933142521876,2062.0121263988517,3503.7280868147213,4445.172332746462,,4.633850023070227,2473.6561313246743,0.45864342929247504,1.8454254845185494
1971,26.661434173583984,2840.608742454724,19.7706337507706,46.217578713995486,63.85691228732719,2.198207275990628,inf,6284.066612163941,,,5.873785260044525,2453.152000264586,0.6064896064974501,0.0
1973,27.455585479736328,2339.810162839223,20.88714395109719,46.07927733939821,69.02367357108777,1.71901990633094,193.05177581277164,6255.88108469055,599.6314240208804,,4.7854830117687746,2491.6247906580393,0.4559240737649127,3.0301672097007595
1974,31.36578941345215,3353.249203652714,8.117757959813536,135.90065694366183,171.57052037121235,2.149280893655009,20.26790343938352,31685.628780751482,156.4818632967832,,6.021120390356343,2542.760075015325,0.590375989499443,0.0
1975,30.225126266479492,3169.8738858623715,34.217158992628065,29.83488608361228,38.92139503946094,2.1956274639128397,27.497580054394156,3259.2417252362393,48.16098791668245,,5.857750337741481,2439.4110801984957,0.6951825243159497,0.0
1976,27.866525650024414,3100.684201740405,46.15152281322789,20.922357053293187,27.324508956734803,2.2706275021020295,101.71419066017273,1914.0175238857094,125.06806411744144,,6.232639416029595,2470.9217829208137,0.6743538550301916,0.0
1992,30.89582633972168,3631.578265549936,19.40545653144549,55.22590849182606,66.42210580895421,2.3961482096374054,22.597022059610833,8208.131378314643,67.54238055948343,,6.6671713266621015,2491.595078434126,0.7057642171763787,0.0
1993,28.855920791625977,3387.511930559801,16.422734776508403,61.78004801084246,76.77441573119127,2.3608702250847813,47.349272372517284,9711.85876114817,163.5845724763673,,6.630757209215233,2506.758258856511,0.6670083932975875,0.0
2002,30.34710121154785,2492.177693980987,5.387389797634332,182.87946269343644,273.3395194328257,1.7886306566642782,26.73620347892523,49462.65238833911,328.8627454674448,,4.5169244333119005,2366.9366553784366,0.5346293965291001,0.0
2003,28.483076095581055,2321.807196028555,13.222065729451906,67.7244170250598,106.14179753878582,1.8334394337894133,60.728646280114646,11146.740959066576,290.063145522081,,4.40485395164999,2294.7938234344288,0.6114394007911428,0.0
2004,28.750181198120117,2398.798786441957,18.617467022091617,46.148971448130325,71.59641349524662,1.974222982380119,51.64399984846059,6270.079317607535,166.3886325464477,,4.4845243200853835,2190.7742441425476,0.6716212593206978,0.0
2005,28.697425842285156,2390.647122220557,8.026449406246579,105.0331349731064,164.89263778107147,2.0051675930180726,53.55821301223986,21528.783385214345,397.4109758292931,,4.431606485154835,2165.7708047910387,0.7222547510149032,0.0
2010,28.138843536376953,2122.771428463783,18.397999195610097,38.387185844016905,64.49280649236832,2.125354431925445,80.20476050385385,4756.73994195585,232.76835445238058,,3.973104067783537,1856.2084884050541,0.9255184411102306,0.0
2011,27.954500198364258,2322.392433708243,20.905681684960665,42.26512562905426,67.36240792837366,1.8585494143371892,95.26909352291112,5495.449761632125,288.7899993385524,,4.407156572215131,2326.0097354697646,0.557160493564424,0.0
2015,27.563255310058594,2309.899493890754,14.866982160920964,53.98122773224226,83.73620657681018,2.0352253704135475,158.71485163405612,7932.208703344157,598.0580821456695,,4.574954335101824,2104.1327675122493,0.7461083259813692,0.0
2022,27.83808708190918,2235.5423106686408,16.634949561668446,49.89221637076738,78.22497890527772,1.9046431124593528,106.32485535052315,7048.215777775507,374.2766805105621,,4.41236797382564,2149.248478988875,0.6988510765777117,0.0
2026,31.146713256835938,2146.248996097711,18.522291976174703,43.938589668654316,72.80728647288947,1.864765683116428,21.940634835188337,5825.0433943843855,71.88471386291769,,3.6932839598599054,1941.0966418949379,0.8744792392706501,0.0
2027,27.38330078125,2038.3453990200007,15.114516005254231,54.1166184105684,91.62236652051702,1.7621297513374323,236.5784689531151,7962.069645963728,975.4145636978282,,3.9614306563587456,2188.5251878664826,0.6384352237821717,0.0
2028,28.04210662841797,2015.6035899827757,4.772803029607805,173.5792486958297,295.75811105165565,1.7203579130513202,87.05886467136378,45737.95070435499,1158.676441447692,,3.82948911147067,2169.604702437422,0.6332512946838791,0.0
2029,27.80929946899414,2050.0307862721606,17.09532191532733,48.17849978840334,81.13991666771489,1.7600087603262824,111.89684937676623,6688.2100558507445,408.5685465214795,,3.937361512358444,2169.604442498885,0.6527113381449804,0.0
2030,26.58221435546875,2031.1386966809146,29.508371337605993,26.934690894850668,45.533096581481885,1.8070382543426506,inf,2795.747785197605,,,4.0706678195693335,2181.7087861574278,0.605312782187374,0.0
2031,32.97690200805664,1651.2071233980828,10.712200425089074,96.8211303641487,174.63605433497062,1.1257390138346355,14.83876180945091,19053.958658723677,116.61222661285304,,2.8280307185331184,2289.352908023017,0.4302629587731541,11.375151993760763
2042,22.518512725830078,2463.016671135691,19.569254338715638,40.7110880347038,59.62514475768196,2.186076554281485,inf,5195.16158242293,,,6.045396840278191,2487.404682141745,0.6627710521741591,0.0
2043,28.938505172729492,2784.6043806133525,11.46926949939251,81.1955412622101,117.07783035542411,2.1143679412204732,46.6651859575994,14632.827991642389,245.85564262716636,,5.16768656786188,2362.2882598278634,0.6485993662670881,0.0
2060,29.46785545349121,2447.197004187585,9.23309661831121,91.58025758649052,142.56027677946102,2.046466753479302,36.911955375181165,17528.017039971855,236.7980358640623,,4.413834672799778,2124.2759468994136,0.7554640470166787,0.0
2104,29.23517608642578,2975.697708818449,14.63539914397253,64.94685438871306,88.06169219605786,2.2136610320004073,39.8241418601047,10468.083492134565,157.81415951055075,,5.628335940371532,2350.4778256161712,0.7262735234654668,0.0
2115,27.857952117919922,1863.2410576398217,17.973225388768537,39.21950222940335,67.96307166965212,1.8690716487942076,104.39771099044432,4912.279977868283,319.28351013860384,,3.6422648691162665,1833.6007042130766,0.8769021016987101,0.0
2116,27.468822479248047,1759.0319187519463,10.691786105443754,64.0082978072612,114.43004212731066,1.817490637471339,191.30475130534504,10241.991538291548,985.0954837961395,,3.4751047950136127,1805.8499059115159,0.8679496038590407,0.0
2117,26.818408966064453,1862.0072593587258,28.29908889037341,25.95156110871223,44.615256580238935,1.7927941683088626,inf,2644.0838737269833,,,3.801212967323995,1969.2547849042558,0.8132939865754502,0.0
2118,29.092082977294922,2137.3238852867685,7.976179208400942,106.97227733608771,170.1312357008298,1.771288066037302,42.40274713309436,22127.72971946824,324.63142950884225,,4.084891050994418,2112.183313551258,0.6537502529876604,0.0
2119,28.43607521057129,2040.9021481293846,7.625930278117136,111.25326607403247,180.30263214804606,1.700989313572085,61.61534857118518,23469.246685766488,499.9234287646817,,3.999803442461577,2139.3115021545277,0.6419372472759471,0.0
2126,29.95012092590332,2830.0885436341855,7.249261334677789,145.1177222461506,198.82778563653454,1.9022641183745235,29.926918514086772,34963.159815821884,267.7636322586397,,5.3139204166543665,2523.636035356224,0.5011944798991028,0.0
2127,24.420642852783203,1969.0253029896994,5.19584549350898,155.47955207898534,251.90407137311223,1.7234821518503154,inf,38773.93847685276,,,4.52632019713306,2321.8865226790754,0.5762268221934629,0.0
2128,33.337059020996094,3182.459270029225,12.710420718902357,84.54488057113316,112.44859132431864,2.0941154225166665,14.187409513697759,15547.514414861924,71.79093964604473,,5.273308147883736,2380.9576104941316,0.6325911034724658,0.0
2129,28.619831085205078,2551.7847078500276,12.212151679598023,83.28991346419511,121.3485928412597,1.7739624879276588,54.790143737979314,15202.626014423397,299.19180798783657,,4.9457733206330605,2557.315958622896,0.458725071582291,4.693354629606303
2130,25.432100296020508,2173.4614411406696,5.780626179796564,149.2937714245945,227.97402894497063,1.7808214061150511,inf,36483.16686025343,,,4.857521890807458,2374.598602700678,0.5553921623417634,0.0
2131,29.796846389770508,3032.392976807508,15.51885019416076,64.54839658843584,85.6151194305107,2.1405505324869973,31.60302846356353,10371.896722508134,121.75636753232192,,5.708499847830735,2417.1023302033946,0.6609067402980866,0.0
2132,30.260854721069336,3021.185661040701,9.281334780369642,107.46905274781709,143.35746117501418,2.141748926810805,27.169453579339034,22282.049109450854,175.27247489909,,5.586775228542339,2378.5487540739027,0.7051205568595846,0.0
2143,30.14971923828125,2524.05690022994,27.006083107901258,37.63342067799549,54.66565461395586,1.7560984041550811,28.051872188110888,4617.326000252675,69.00632803395469,,4.705059868358417,2425.1444693517565,0.5084580983858358,0.0
2144,30.297502517700195,2538.3374164719025,9.611378264586387,92.8810234034907,141.90032681511556,2.010581545924072,27.624396593404207,17902.780364304563,176.395990710349,,4.466340959492258,2186.3282764559794,0.6684207231702574,0.0
2145,31.500120162963867,2731.3019596771887,2.8672199613034732,350.0334940836666,500.41531326623345,1.9243501753635168,19.910162685555438,130976.80749465742,448.35076338632535,,4.780391177395364,2333.2079158376555,0.6117386160787479,0.0
2146,28.079931259155273,1770.7143757059857,27.02075277382247,42.4539600269507,71.34467198082477,1.0914852339266568,80.32144004959697,5532.320166351066,257.87280570146896,,3.634713818392484,2868.717525241008,0.29527773475116526,22.897864112816926
2147,27.32190704345703,1470.5479813742193,30.26862689230713,37.20671117888357,71.61547384437289,0.9233156534185347,276.12555261943925,4539.018159034674,889.8688031121208,,2.965771046109253,2959.8067198619638,0.25092392969410243,27.08437098183401
2148,27.40007972717285,1951.5998672386327,15.369908141961808,66.27049774547055,110.98790880371821,1.3548283557826046,222.47327919761082,10789.724218864303,1111.1329810281857,,3.9163232490120734,2673.5105484549167,0.39654271947212394,15.843331411337578
2149,31.80927848815918,2407.8946032476492,18.854859636920086,46.68346092159051,70.33359860860813,1.9343547596808375,18.520860301080475,6379.322584301522,58.61874394360346,,4.221992937990227,2016.2614427763535,0.7637550340778642,0.0
2160,31.775684356689453,1217.7558192101803,54.890449099730695,16.307480575372427,33.1552476860874,0.9619700740760321,18.217350412317618,1317.0743758840945,27.180034429708666,,2.2270197592164727,2004.6650050320545,0.5521213472828934,0.0
2161,32.47855758666992,841.0670393398847,53.83104329593558,7.700939008593515,18.393605140587027,1.434627446109452,15.669917951706406,427.4108289818986,12.970182752508775,,1.544959108012203,898.0556468198663,2.3144540483276805,0.0
2168,34.85823440551758,4958.177238938329,72.25096501609472,25.837318397174847,24.586805101025117,1.8780880973636935,10.736600698669152,2626.6436147872487,11.879041897156883,,8.845856758454788,3728.077577244994,0.225981265158629,16.1946290542188
2174,28.50249671936035,2818.9016344930733,8.332871057043366,117.52259990067246,162.72763777135177,2.035395787773397,59.03012795179619,25480.742647645402,432.2624975521396,,5.490203349736529,2469.8630896754853,0.5156742054255359,0.0
2175,26.453357696533203,2224.7428359989817,5.456910186210377,164.31767693011489,254.1312274337186,1.7544206353282596,inf,42126.601572704814,,,4.677725121502646,2411.8177965050945,0.5067046042276315,0.0
2200,31.8433780670166,2238.436475561615,35.920188821666244,39.08297794900267,62.75930381575267,1.127466165022435,18.679625247184433,4886.652618609716,52.75441242236033,,3.815610487222212,3263.160977347067,0.23570564983892328,27.185108467781568
2201,35.30865478515625,2378.297896311917,23.991711348604017,65.42239713348322,101.08484772977265,1.0714294345214046,10.863045038731729,10583.265106793839,49.414016412983656,,3.7311798683314907,3314.747121792829,0.2231296639229997,43.96297981695252
2202,34.63494873046875,1996.1089133511407,32.550142918424164,30.3245868132732,50.808013025352665,1.4299519496678443,11.77071538146233,3339.814407247328,26.91209971885756,,3.2057404116401225,2111.909136976217,0.5091072734455341,0.0
2213,25.582683563232422,2353.1618006077947,7.1558008221139575,110.55341909007802,168.8188260658472,2.1033249312615463,inf,23248.14274263165,,,5.026520619456563,2214.4802363449153,0.6813290746855406,0.0
2222,39.280052185058594,3501.8045102069473,45.10010546918937,49.315465746050386,59.97083385732183,1.113310239277399,7.188962350106947,6926.354319644668,19.40076300171625,,5.251640738602575,4176.706849552902,0.15195289298209683,40.50338309742616
2223,35.31560134887695,3506.0419917521226,21.362184981545354,97.97306072783805,117.85386984226292,1.1845401022475168,10.510453770283519,19395.01006995241,55.74139427817519,,5.817946458501998,4279.2831005381595,0.14270945262685966,91.09320279110621
2224,33.71743392944336,2876.977878777535,29.216068329669323,50.79491659555004,66.80332098570813,1.3708170631229852,12.923542237281247,7240.363544117325,38.8500993157255,,5.020041468372292,3142.5297312070115,0.284063486078238,24.816129365043064
2226,31.45528793334961,2430.464029859051,18.20572909424958,51.516652594810566,76.62580956411838,1.8323924264839853,19.896028609270132,7395.2259839062135,68.60471846832829,,4.339820326968637,2159.959824565793,0.624787000570286,0.0
2227,30.177051544189453,2757.859956354751,4.433519006983649,222.92853121664993,316.7085160304507,1.9730722195635453,28.163920630393285,66569.98784245887,401.38890788030636,,5.0244898406636365,2386.3817957551,0.5911621902630273,0.0
2234,26.892229080200195,2097.072854706243,11.898243228300387,69.61690360956156,109.48255359535675,1.7901976186081434,inf,11617.215622231623,,,4.398685438567367,2178.221791645605,0.6016002938858844,0.0
2244,30.258115768432617,2104.9418827495683,15.355614968414804,60.038929327139144,94.76022178162552,1.6144513364953397,26.999308868029214,9304.207856249815,115.13072233282756,,3.9415939488148846,2183.0371955732285,0.6055637895926527,0.0
2252,32.09575271606445,2224.8801610225255,23.2033126838288,39.221635169660296,63.80884901444309,1.72868529400176,17.858573287307077,4912.68071251214,51.27907529264147,,3.7283372252805633,2112.545845694434,0.6743690049206235,0.0
2253,26.772022247314453,2535.7330690661574,6.401410496993147,137.65519613181834,200.25442760808056,2.034793067671637,inf,32301.21882993473,,,5.250611418589896,2349.6606387647485,0.6345918775862128,0.0
2254,24.744497299194336,2156.446761312495,19.804639099659337,40.85379124664138,66.1231555029683,1.8846228169427401,inf,5222.5011441742645,,,4.683425424602745,2355.9983987896885,0.551879050611033,0.0
2274,28.861051559448242,2390.096108523409,6.244586772789542,128.0178378793918,200.7887392445906,2.114103153916919,48.821450386509085,28969.148345358582,441.1258862039771,,4.412241089652516,2041.8238438178587,0.8197564298884834,0.0
2295,27.934968948364258,2088.0105576136984,15.296603093716461,68.9613790586303,108.76787603449573,1.3996413247679693,93.78524537090716,11453.51798869278,459.03698740654175,,4.225487580683162,2679.473773261352,0.3895980261042891,17.35508018577036
2297,27.85968017578125,2187.8100958106634,16.77486578404764,52.29119000526978,80.13706620191084,1.7636282422946725,101.68296415413268,7562.628789139682,366.6858493511816,,4.462549428652285,2226.744991327379,0.5947928285422688,0.0
2305,30.05968475341797,1999.4516304932863,16.99527391393998,60.08143088535889,102.11855434586538,1.384610015958039,29.554160920388213,9314.089277645551,135.81126846428012,,3.5885959875861375,2500.470713099567,0.4458941536171562,5.3232865535259535
2306,28.10873794555664,2208.8161817607424,16.64761304039051,50.80112905748842,80.57492449184667,1.8467973398891426,80.62678719672276,7241.691881515734,292.3423780678257,,4.2971797170766335,2177.547903989437,0.6333153362635322,0.0
2307,34.28520584106445,1752.0758871585613,19.939122457592408,35.24881296200319,58.179126932138686,1.7627364215495698,11.780099398614324,4185.494158032172,30.8410154183337,,3.0760284250260415,1449.2322726883135,1.317771163446235,0.0
2308,33.51154708862305,2054.4021144003505,41.877228956574136,31.925024107803367,50.29809844434974,1.0865789448148921,13.423907804322145,3607.6703447297987,30.383866631235147,,3.5603020425210596,2866.371193944917,0.2808378115579088,16.09158988632482
2309,28.503984451293945,1797.6995532862647,28.818241606222003,40.250757726071384,67.19348397551639,1.0958738761078823,57.70767654732798,5107.296677699836,174.49109277062243,,3.636412052915904,2862.6429266868217,0.28264104518476396,23.109535541410658
2324,30.803394317626953,1997.3345084297398,30.828097422686323,54.774925303092665,87.72325260925824,0.836387032655967,22.9796939871571,8107.793643051323,90.71340752334757,,3.7233095895380743,3908.3435760682783,0.1612100751363862,53.30668167860874
2325,31.784536361694336,2096.7072333844794,5.587820497334594,234.20092623151587,359.2460046621126,1.1329004280453787,18.07939186751367,71682.4611714703,292.272718280624,,3.872278885803577,2913.277759027073,0.2972323940147869,111.09479256235696
2329,30.520919799804688,1211.5656350093986,58.10803828188666,13.602842651384663,25.82976356375864,1.0838422092031461,23.71623643025208,1003.4009487965419,27.56631508270247,,2.466214866669424,1762.6803480817284,0.888367106575482,0.0
2330,25.333276748657227,1077.2025929438717,28.40988044164553,24.13041731252954,51.32291123673184,1.1110872233032076,inf,2370.7035208061016,,,2.4641293184117568,1872.041592124516,0.7889195782646239,0.0
2331,29.44109344482422,1342.0579223905793,39.157836850187216,21.812273017478695,44.25664458433887,1.1110577798320482,36.569395864049824,2037.423838020104,72.82974399386602,,2.509837144583068,2104.547977819049,0.5720508242426668,0.0
2332,31.934288024902344,1476.580684525546,25.431203000601332,38.012422366998386,70.8157015103988,1.0800646061355972,17.723582008490858,4687.252128387675,56.479855194376334,,2.6643983027622755,2166.391804908316,0.5616106560209753,0.0
2333,27.219684600830078,1152.9093807836082,31.464640456610923,25.254103647542546,52.2955541324431,1.0259482216611935,393.5338333649615,2538.2122366778012,926.1031448558334,,2.4493535406970914,2038.2291457966505,0.6218865901041607,0.0
2334,37.37750244140625,1781.365314568588,40.504487261177196,29.7822435523635,48.2345586133404,1.0441849856930197,8.242580094364113,3250.6193178641065,17.890974570904138,,2.933103394184672,2294.1519708730293,0.5022265983674159,0.0
2336,30.386211395263672,3081.8247251055923,2.354194578388507,405.878655143298,557.0979949361845,2.2806275662931217,26.746526273586433,163540.1209860708,670.5196271335341,,5.463279704043921,2320.507451490649,0.7483800331511482,0.0
2337,31.276174545288086,2975.864443768058,15.678679356196616,63.97178094224031,90.67483760153794,2.097974603575057,21.365541186019524,10233.228172738065,87.17926397900807,,5.065123234763818,2393.1874923057458,0.6026947416543931,0.0
2348,30.725866317749023,2736.7333781213883,15.058942633378756,66.99968620401359,92.93816435469704,1.918007246494247,23.642432353987214,10968.29565847389,98.87779187368517,,5.043346210602061,2359.0402471396537,0.5950870358014736,0.0
2349,34.2214469909668,1700.5072547256025,17.48967971112345,62.54410513973884,106.97823811926875,1.0992469056505618,12.025094725768453,9892.57998560515,57.8890551141009,,2.9290479879896045,2286.1660720839836,0.43046861018807386,6.927861120688329
2350,32.286930084228516,1781.436078917592,13.402146887154288,80.5593306604179,133.7761346415865,1.1667156495377669,16.345700972839,14461.181249899408,98.39991123691298,,3.251153754366585,2367.1565995528335,0.41554598657875924,12.28583755567206
2353,26.02651023864746,1888.0521467505332,8.755574259712612,79.92664947616097,140.91405204064864,1.9077556290870612,inf,14291.157557307753,,,3.837750479692257,1965.1687601187748,0.8166795422885829,0.0
2356,26.497150421142578,2228.9313710825863,8.525139900360212,87.72520127848557,141.21297717197638,2.107442872993807,inf,16432.988664702385,,,4.491590489095507,2056.0591827339163,0.7863788067149691,0.0
2359,28.15479278564453,1713.42094198573,18.21378330408586,38.1641845234192,69.42757587432475,1.7429820739691266,77.86132151841159,4715.350456917612,243.25752633276213,,3.294832773512036,1797.4668352920992,0.9211241302825056,0.0
2360,27.574676513671875,1917.0699810276976,12.808118572294958,55.99083026319828,95.01395380118792,1.8902564207769936,155.25848978613323,8379.254029841144,663.8275339101841,,3.8084076813656242,1875.856668261085,0.8277291942245264,0.0
2361,26.744190216064453,1892.31705587286,31.49077435665384,23.660415804598454,40.24244806783611,1.795862960711206,inf,2301.778634449983,,,3.883300128705441,1999.9917891532948,0.7936228998637951,0.0
2365,29.21319580078125,2189.1920829168916,22.748424207493883,53.502952186759714,84.09085642066782,1.2718614572401048,40.08682787251325,7827.023088978529,151.69210591443914,,4.167573140828646,3001.828388785049,0.3171386470367175,24.697464037969233
2366,31.760156631469727,2412.298361727275,28.11868056059542,32.215719073550574,48.22406979818823,1.8830127321637211,18.652371090086593,3657.0570881717636,40.477196040751984,,4.259110587920208,2071.327244461185,0.7399002620273543,0.0
2367,29.953269958496094,2164.011953037884,16.145826076493865,50.61697086149797,81.27814147879015,1.87235517760453,30.31693248322658,7202.350012868351,110.88467674085784,,3.964445467745426,1987.987657829168,0.7730350760148874,0.0
2368,30.55333137512207,2473.5843707146123,9.194738490657686,97.20665613839148,148.0004709478998,1.9569347470049778,25.39939548924657,19167.876453180877,169.16051223902045,,4.3906418052393175,2152.1807040670114,0.7186135751241561,0.0
2369,30.776580810546875,2331.535200219373,13.681122894535262,61.92904158011095,94.44817070853193,1.9458567972408098,23.522108085394716,9747.012745916865,99.97290359432546,,4.227655135688073,1994.7354746622057,0.7772628180524069,0.0
2370,30.20267677307129,2440.7785430053596,21.95108461743205,36.137760378990805,55.99774376963544,2.175685719475105,28.353327534374333,4344.8205755128765,71.44750666288995,,4.330329876525069,1942.2503856814285,0.8609838220306689,0.0
2371,29.89264488220215,2349.183152117921,5.031957058273432,176.46954086632564,269.82178671264785,1.8706614548090046,30.8119197020422,46885.07653648021,374.1177251723248,,4.345900926635981,2154.247714489748,0.6516244908780078,0.0
2388,30.572824478149414,1380.4153094919345,29.82397476972884,29.718862228332114,57.48329144799181,1.1012782635224214,24.51714133267545,3240.248092723962,63.41966913140051,,2.580340174215752,2070.1899616404435,0.5695264954497792,0.0
2389,34.333221435546875,1615.589274743364,15.234196601144822,72.67594257680925,134.00723651912628,1.0318242595536997,12.182664256893519,12391.275282857694,73.4654326727986,,2.640773447257049,2373.5322608904003,0.39936202036795637,13.688431779509099
2395,30.92192840576172,1919.2043138157082,23.52062417298697,49.71132360710374,84.43503880052283,1.1606520531608848,22.78641119750881,7009.918775725569,86.57871811138457,,3.4294655134397787,2757.431450739681,0.34419579290525393,17.960044241718567
2416,32.2483024597168,2395.202901902188,24.144678355610534,43.43836628806471,63.06086172578667,1.614850803405178,16.594196565449174,5725.853345096355,47.089995077894145,,4.316817110025897,2319.91649563271,0.573129098683783,0.0
2417,31.326812744140625,2360.2087613396543,6.62678829393609,148.56749849652732,222.0242410546095,1.6951514792216267,20.369504918620873,36217.27011350587,203.51357415967203,,4.272176245966798,2262.78921848949,0.5981632512891616,0.0
2418,31.90008544921875,2686.360947091059,7.960914642263465,130.25335167881786,179.9943032567788,1.83188198892064,17.852141061231563,29731.26286814269,144.59776613811482,,4.849568835577875,2326.6874198479477,0.5694771214091031,0.0
2424,32.699371337890625,1891.145774919904,113.06767798690503,7.4016519947282085,11.947910089398574,1.5978752639776388,15.179850263152252,402.73835192798845,8.161536875160438,,3.407264134912834,1815.861240918392,0.9416347090229618,0.0
2425,34.0692253112793,2298.825325562116,37.317882505245684,19.509300923452376,28.589743467075678,2.2327097791304023,12.255604703444911,1723.4256688238984,15.767306752741924,,3.990543261287803,1524.1979474462064,1.1772354472555633,0.0
2427,29.557327270507812,2849.226893451937,11.672494824498827,81.90745993434712,115.40984217273943,2.107292827682878,35.144247201151444,14825.699142562562,182.51964102440826,,5.247160148277206,2363.168201640356,0.6594949996943812,0.0
2437,28.257976531982422,10991.129904632004,451.2996030506914,2.9177809237183134,2.192518935432544,5.902142773357374,73.34338500204508,99.68022658463832,7.236304218256641,,20.13490556567866,3482.3007408050403,0.6527917631264223,0.0
2441,30.396421432495117,2165.6895014406323,7.235592607553946,163.5324731427301,254.21707401876856,1.2942050266187428,25.886962609465794,41825.00511788701,296.1408550415247,,4.042502342604375,2788.7542477020265,0.3540232488830941,54.41907374538304
2443,27.67523765563965,2442.700839915275,11.667201038547537,76.38431838948158,111.96516137645511,1.9381366541293823,130.24262460039589,13351.69205096324,656.2186416664374,,4.960150831881939,2290.023935099602,0.6322983568856334,0.0
2444,26.961217880249023,2333.725878863453,13.222745391723189,62.985527154707775,96.07260029474068,1.9814012848405533,inf,9997.493914309292,,,4.7729067787938915,2213.712641109496,0.7080141530481425,0.0
2445,27.263681411743164,2142.71087599081,12.018676193979372,73.89158799165075,116.06186435699342,1.7060703742698546,334.20628005905706,12703.47378404763,1745.4871774561336,,4.3956813531026855,2318.5375261342783,0.5571829861137185,0.0
2460,30.28949546813965,2320.446855773222,19.449672889647314,45.31175844518692,69.4038344917088,1.861801648320815,27.03017049271567,6100.23225638667,84.41988656215992,,4.2604037248979,2107.323072582035,0.719479468175108,0.0
2461,30.555700302124023,2327.105974175837,13.77153842151417,65.88865804467139,99.06784578162191,1.8134602594820817,24.765575055837516,10696.60575247302,110.40624766462021,,4.312085304821582,2131.67088530792,0.6579466566991253,0.0
2467,31.66153907775879,2989.162030800664,8.126193908778763,138.99865423459093,183.93081216749283,1.8712709795590319,18.871634276241632,32775.24063164031,156.19837587106588,,5.3782387620278715,2566.241834728923,0.4874197441454223,0.0
2478,35.89053726196289,2391.988293565038,33.432259354726504,42.33633012915889,58.52089304284963,1.1949923243824294,9.546675423770157,5509.342971749492,25.140598712516454,,4.123761675130877,2769.858806371708,0.3238088963724297,14.80183559002413
2479,33.390621185302734,1885.7347431901565,27.590461934186667,24.31334066087898,37.95706965873909,1.9877510794460502,13.276567371243765,2397.711622122246,22.67728166426589,,3.4533780008436916,1400.601020476996,1.1986875037557483,0.0
2486,28.584875106811523,1911.751377938865,3.300250718155304,236.3653601717075,410.69123505823336,1.7329484729231743,57.02307488423581,72678.46409682711,1053.849467296122,,3.593557137693783,1999.3667116125764,0.7237012390297896,0.0
2496,30.29088592529297,2293.46864146311,15.698489503571645,54.99133960251256,88.07762124683674,1.878562472474559,27.624813031317082,8155.891594854897,109.49075186341615,,4.050368844980592,2110.454159603544,0.6843692254416109,0.0
2497,30.044109344482422,2413.2812037951694,14.51599960647365,59.85792032491294,93.61139335298934,1.9639225686337904,29.889156705952118,9262.163251316237,125.90845224255104,,4.286812065929215,2141.936822365919,0.6780274344311562,0.0
2498,29.00050926208496,2371.5198317508284,7.924361174729705,105.78275526904096,167.0622974139912,2.0004726895842158,45.49707545029255,21759.67014872021,342.0380677654607,,4.345680234815491,2135.275164377012,0.7505092729924955,0.0
2499,28.047420501708984,2223.0840865071723,17.90436974634511,44.525730611037524,72.76798593477157,1.9718360379109705,86.97879253685525,5942.190590351221,284.8172198375384,,4.192278939703387,2096.1039773410407,0.7729988833442426,0.0
2515,32.36626052856445,2907.366743483896,10.517553246930952,99.85565716614197,139.1865316578248,1.957480421410894,16.760364334588203,19956.71277974409,104.97676414737774,,4.937309387993017,2391.1311574775527,0.5880753319941721,0.0
2516,29.811935424804688,2705.9830890117787,10.933302675831774,77.00579965346385,112.63585625122585,2.2726642168967484,32.17668358439422,13514.97193791046,163.09117380838526,,4.88769277090741,2078.6080876929022,0.798675993972378,0.0
2518,31.299762725830078,2995.5540944223662,18.223910680731397,56.351538009119,79.60026919553562,2.06259906618705,21.246940194620564,8460.35635891938,76.10679715829592,,5.095859013090706,2448.4940489701326,0.5764907678337731,0.0
2533,28.153724670410156,2353.41678094313,11.224142995054907,81.62840568112014,121.82215276651696,1.8163073603811963,76.20214829589221,14749.998187715792,417.73993878775326,,4.707138232458129,2316.636973670355,0.6046053230427341,0.0
2542,26.243873596191406,2090.074397810435,6.03999998873228,118.07903821813657,199.19820561565132,2.072225447849191,inf,25661.923516321916,,,4.187383679448032,1995.0149565058243,0.8278497237266967,0.0
2543,29.74580192565918,2471.0038973599403,8.91039041852274,88.65671957648749,137.61387173694834,2.2118213266250115,33.21534303976185,16695.425127984458,205.69013805476365,,4.410184804163311,1969.9339593402333,0.8770687771318659,0.0
2544,26.685108184814453,2352.022226860117,11.22535176147697,82.0391263583467,123.25452155900705,1.8059488173424714,inf,14861.46202168493,,,4.911280680120781,2455.441917866291,0.5039682534641651,0.0
2546,23.646961212158203,1426.5190745756943,73.27856233762354,12.105589092771483,22.993313396479316,1.1371027681139343,inf,842.3816311697415,,,3.3873235460700086,2624.781285636231,0.4459601346139692,1.2934381163147821
2548,33.698760986328125,2595.2685575025275,29.465710839628343,34.956826739926115,52.387366163234674,1.7816335516426542,13.558374245640566,4133.595718085986,31.962938228304438,,4.186254217836207,2283.0799392221516,0.5773878627751132,0.0
2558,27.87458038330078,1974.7211236648247,7.993969041478221,102.60047711885028,175.50369506370922,1.7024678984172263,103.35844660675944,20785.19322611126,816.2905182989119,,3.7965186536690703,2151.994550619223,0.638502287035616,0.0
2565,35.104026794433594,3459.209611708017,36.86540631904734,33.92002314187429,41.99106373988037,1.956080467148073,10.919203381740974,3951.0652825203215,20.632903433613112,,5.644930761372451,2602.6742554220436,0.4850204917414015,0.0
2576,29.70187759399414,3031.7016956268544,7.20916157483705,132.08371187310505,182.25695055870844,2.2513211141631935,33.45824601436432,30360.148633746452,274.40990503294955,,5.502526864948815,2356.8210738574357,0.7198730308751695,0.0
2578,28.948776245117188,2589.0311096267046,11.461800405690896,74.49516598849205,110.59152917279133,2.1440817364954388,46.22661665014718,12859.442294367895,230.05225007208864,,4.838279842962092,2156.2462081053563,0.7249971308698117,0.0
2582,33.02858352661133,1865.9385191932427,15.685303078305793,80.98885135083069,132.1322520196567,1.038637928723013,14.385980857930852,14576.989968303644,85.53834217215343,,3.319013454171007,2738.0802305388634,0.2980234974094873,37.01428194536189
2583,34.777069091796875,1958.8586074687544,19.860365613484873,45.51690223942689,74.46825109964225,1.5322447950333726,11.339554399335142,6141.706264042494,37.999655296548404,,3.2405687214498378,1890.9784395740771,0.7616432496502201,0.0
2584,29.64144515991211,1739.4302514288865,24.329426335115233,50.00472959318047,83.119691043375,1.0109951428901245,32.477882665669156,7072.071133814114,121.4798207811032,,3.4663183884597206,2862.9063007807717,0.269033506476218,29.576243965484302
2594,29.686405181884766,1667.5513579033668,13.769340521068413,82.50395514590757,145.99461044007776,1.0379497092140773,32.700306685158694,14987.946997601091,214.8330841096866,,3.1837355546629933,2733.647415712974,0.3130096048581917,38.21151891101234
2595,29.74970054626465,1940.215415756077,4.079574961289766,245.90519949804408,422.40994895958744,1.367578686502607,32.7995766023791,77122.58240003294,623.4690365328165,,3.530835380008433,2473.5427146493316,0.4443818602332366,22.929524653165807
2604,29.607940673828125,1953.6920064349927,6.982027673490012,163.8111388230365,273.16409249833,1.2078586292483218,34.06704873941034,41931.95779612725,418.7652503848831,,3.66566057863707,2790.246489263115,0.34776296067452533,59.47362409343638
2609,26.857868194580078,2212.6280398973145,16.694143156880955,44.47028623998761,72.31964922081285,2.107460074280112,inf,5931.095036234967,,,4.374496899547205,2023.1404731326736,0.7917332118463238,0.0
2610,26.188215255737305,2246.7741923000344,14.409344940920462,54.29254891429524,86.50403159352298,2.030766355345457,inf,8000.927638430686,,,4.60590385527163,2166.544254368023,0.7172183218593465,0.0
2611,28.821077346801758,2397.520347334808,8.261144232139936,97.48573901268345,153.30338934689775,2.105067425497768,50.01205995616288,19250.482892150787,345.0158234775014,,4.413073074405321,2064.4904998768184,0.8100895071941222,0.0
2620,30.239797592163086,2981.3948383280795,7.968177462963371,117.3453520504913,165.55778617246708,2.254652457734732,28.12929297386437,25423.119217976375,209.5660562107373,,5.250601832116301,2295.007623586779,0.7572017417333814,0.0
2621,32.63549041748047,3150.8022383080756,24.20633801100415,47.376500251099706,65.01759915036232,1.9427372987521019,16.188457068577076,6521.9048636967,47.36405756464171,,5.182083175094693,2628.5816842799168,0.465293329492196,1.6764900275898165
2623,28.232540130615234,1552.0733815476635,63.98790096117161,11.813472618303376,22.288903445423426,1.4518502039783456,72.41116620126823,812.0754176967152,72.6284471323759,,3.0159420909350914,1935.341022183343,0.6468499488209962,0.0
2640,31.651302337646484,1395.4372632514817,30.874861381559114,33.545962043745185,64.42999575672609,0.9526865864729129,18.82331473838871,3885.8888360361316,54.57537399248569,,2.532458851324704,2342.6362288857426,0.48165310641150905,0.0
2641,32.1922492980957,1817.0143146861408,9.925776253081013,106.60622588014746,175.2761941833864,1.214216978279402,16.64230501952616,22014.247685387945,131.26499488177257,,3.325001786082987,2325.977428630114,0.4419962919220904,9.468018040497629
2642,31.4717960357666,1896.112019147948,11.708288533566972,91.7241556309206,148.66749175219223,1.2484520141495943,19.39426357786446,17569.345345382782,129.7483434225903,,3.5160076395126985,2418.6469116220737,0.42505077130807606,12.183412734757386
2646,29.586048126220703,2886.741200664528,13.321686501912204,70.92386415477195,102.53819417174066,2.1604352481760207,35.40098758410905,11945.891877316448,163.34790024468393,,5.14288931807742,2376.750476085149,0.6155165593755408,0.0
2649,27.47246742248535,1844.9983907037583,15.900822916334597,50.434285185837965,87.69839554098574,1.6268050916264853,189.41055722120117,7163.393367530218,747.4950885070535,,3.6585913522189575,2111.199298917515,0.6432579680516691,0.0
2650,30.121601104736328,2771.0819361461727,5.968334287053122,156.56173670042045,224.16954723611764,2.09698632950816,28.83147244125121,39179.45955114591,290.8412155487649,,5.005613176901314,2273.121543053387,0.6830752546431812,0.0
2664,30.670764923095703,1916.2089502600131,14.027285568119447,72.36243394473206,124.07125840043648,1.334876421239165,24.463616179975478,12311.18180718473,136.5854240013676,,3.419721507309562,2423.4003659775567,0.4629614325560714,3.093996038420648
2665,28.274080276489258,2054.5253838153894,33.79511010087324,24.388452700335332,40.726311166929584,1.7626188083915615,70.78065710926674,2408.8311985668647,129.71857797142846,,3.915227540515109,2129.2993955437587,0.6266153134295571,0.0
2666,28.897293090820312,2097.8587428949795,16.815333322841187,50.5872845355271,84.02181404533496,1.74387116260812,47.673082937409816,7196.014787132544,180.25105092906955,,3.899058892438681,2160.3715358256886,0.6562223786186674,0.0
2679,25.63509178161621,1742.4144216609059,13.827674133010163,55.00871235171085,97.7701101264135,1.6197792971407896,inf,8159.756788453297,,,3.7090491166255046,2127.0581432678764,0.6420261663933974,0.0
2680,22.241668701171875,1379.033904787552,22.911064624326045,33.27793413711541,65.609978073446,1.2789639928959313,inf,3839.4103602878426,,,3.399993661984586,2418.564768693239,0.4464461661396632,3.756471822870194
2681,26.2600040435791,1888.0131014722583,32.07183325793562,35.34958598368762,59.41695294481399,1.1775568653696644,inf,4203.455878244945,,,3.992115007986828,3072.3719637127433,0.3052290179087215,19.40556246683367
2684,31.519126892089844,2316.4366117369036,14.684483460013427,65.55558068361391,99.7273400809233,1.7015200832582922,19.598584088494995,10615.598848591806,87.95315972240606,,4.134949398865915,2211.020105869456,0.6235293993622243,0.0
2685,29.17831039428711,2260.8797829019345,12.450044814487518,75.07569148287257,114.85203425213935,1.7103784534855226,40.47554845939951,13010.051241670906,209.19145851148852,,4.355970482344074,2293.4782488379105,0.5441809133729281,0.0
2686,27.07288360595703,2459.1220843188917,14.125553006346793,69.85524254870793,102.68753057075452,1.762222037821641,1210.904663577613,11676.925330304939,5595.516434672792,,5.064402220229382,2596.760814808659,0.4490568973162673,6.024122859016558
2696,35.695045471191406,2654.467613125819,30.36576463477945,44.15193598852134,60.93753881525131,1.400001368475534,10.04554047825152,5867.520596933368,27.546773076613356,,4.371398977243888,2713.36806810599,0.4140234113550554,6.367963080518504
2697,36.7924919128418,3068.911068442106,53.18166074360573,27.692883297475586,36.23534446227931,1.473463000561281,9.027375433624929,2914.6221356740693,14.71995262924728,,4.829990086719623,2935.7404142343626,0.3664212680125363,6.97120791360278
2698,36.37725830078125,2529.6779979560447,20.469902656630428,64.05336818371877,93.02767827923145,1.364245395294701,9.464883538555329,10252.811033874368,39.62232633488035,,3.9895242318972146,2650.9283130612316,0.40415780297389925,10.670705998227122
2699,32.26235580444336,2408.7121455939414,6.271496337791315,157.6213865760987,232.45661251364598,1.7229932975875328,16.726488909825303,39577.89674146313,174.96823280512757,,4.259668572238857,2209.0300325251305,0.6090529948536644,0.0
2700,30.599655151367188,2623.1995693477043,8.618847560538589,119.96544217010887,171.71395188111345,1.7939526497654474,24.613203882671833,26279.326716148047,190.18937282171157,,4.802901696650486,2440.7150087290497,0.4987786390304194,0.0
2701,23.49087142944336,2090.0173829211085,32.69005570630626,35.173317465858325,54.51742787767753,1.285304144156251,inf,4172.054696785266,,,5.055901028923586,3399.4602497347114,0.2779087771227871,24.86363158846009
2716,30.513776779174805,1893.4374731605506,12.62728351734328,63.752973428262514,110.14728985338284,1.663127686788843,25.579336215356005,10180.770867882542,126.78725521664778,,3.38916069298381,1932.736049330557,0.739267294350274,0.0
2719,29.596086502075195,2067.115944185232,12.128654687738647,72.92931595818439,117.70219856035635,1.6524756449546163,34.13510150878738,12456.132113068405,180.79994230493452,,3.8972881839929547,2153.1783396155033,0.6367729325426492,0.0
2720,26.63435935974121,2229.804742851284,31.702322315370406,26.63469729933747,42.62713700515038,1.8672952588276994,inf,2749.1703022225324,,,4.496939726113922,2302.9358958681105,0.563724997325106,0.0
2721,26.30098533630371,2056.1594341730656,7.996845197172294,90.1918320313873,152.5649176672792,2.0158392230349538,inf,17130.92480042653,,,4.133695224931359,2007.1817447306144,0.7920378564485693,0.0
2728,27.414400100708008,2285.6856273003705,15.876601154401966,56.36528852336564,87.30337001261155,1.8060602340340215,214.89190786030974,8463.453204664076,844.2354485090092,,4.580556126544477,2348.9056851229707,0.5343545196347143,0.0
2729,28.59566307067871,2000.9291986350647,15.234540981816659,50.97658807281163,85.6033624127306,1.8218666511042245,56.27282660597498,7279.241734725447,216.77144264730111,,3.802648773951958,1976.9936846858766,0.812405026630755,0.0
2731,31.57760238647461,2316.98865074634,8.471380628582004,106.15055791291053,163.13279795499716,1.8219331255324431,19.462785760203175,21873.255065170906,142.87584136772793,,4.086820634538028,2074.1062500062876,0.6894165073711871,0.0
2732,31.749237060546875,2399.505546744488,9.322741131994642,105.18987467958908,157.93492666232868,1.7301716736887214,18.69893680641727,21576.992083021578,132.89468459332636,,4.23633014152756,2243.4944714616076,0.569320262558385,0.0
2735,30.89886474609375,2538.9727740452004,15.561210975154063,64.67351975447038,94.41066688652613,1.7839108947335947,22.77056406126778,10402.069275139158,96.74028622829952,,4.592610884659094,2359.4064948068362,0.5363256830093234,0.0
2747,30.983400344848633,2954.255480682838,18.137128442624086,53.33134683652954,76.28978272109796,2.1596430295800593,23.005683116207155,7789.396713371084,78.9794354828644,,5.0430873465654935,2334.9495022272736,0.6696914833884421,0.0
2748,29.781295776367188,3051.455512401304,8.379094239801622,118.18536418822043,157.98521875186646,2.17886976316085,31.97876395275858,25696.592790778785,227.34774083208893,,5.684613351298466,2405.6373754852034,0.681156194715259,0.0
2749,29.93505859375,3040.9780691111146,12.76004459908164,77.22775365923583,104.05108906526317,2.1820901824079044,30.411596830336215,13573.44537721018,142.3961896684585,,5.604066510085099,2391.0708713274194,0.6874199416111036,0.0
2750,26.24909782409668,2672.9955743030773,31.502272404730366,30.000914638512597,43.918854797526066,1.9998934776036745,inf,3286.4856366200966,,,5.456030569791204,2614.9260842735257,0.4862886942827418,0.0
2768,30.692718505859375,2139.117451577646,8.985424279533868,145.67174966147442,220.717394075633,1.1555951427299718,23.38328354186638,35163.57322987681,232.24938337315731,,4.086043243882564,3002.9128885227,0.2983566655807388,70.71595828479488
2787,27.185321807861328,1583.5240998668287,35.65258569033835,33.05746692103075,60.272716271855366,0.9500557157371672,474.94707601342293,3801.319326920231,1288.1857660516962,,3.2640334697515723,3081.4561961990808,0.23585046818777755,25.84542406551989
2788,32.25254821777344,2066.2167473943714,7.435184693427573,158.3478007657947,242.04151979928187,1.2409579980172099,16.370722647062998,39851.80986911585,178.3077565368443,,3.8074833349845236,2570.9407436901893,0.38834756494924916,34.759155871224195
2789,30.9274845123291,1978.8448555664174,9.39324632513935,124.81509005208561,196.44829244412668,1.1934766942524309,21.976218208178672,27888.851978899696,194.27357436193014,,3.7574016757853363,2669.955037449695,0.35697073994019357,39.11906754390832
2790,32.56998825073242,2281.670097818391,9.714488637013256,140.56372412687884,206.78313349921973,1.1815297286378164,15.540351851145092,33330.35029793597,144.60671931570818,,4.121189629024494,2975.041479720401,0.3020502452843679,63.31177097444187
2792,25.92769432067871,2091.824894953216,5.1271842325097285,166.18321752829945,266.32403834909496,1.7359781043989868,inf,42846.04509157801,,,4.459736089634491,2341.341557931773,0.5578152600444453,0.0
2793,25.558603286743164,2018.6680243112648,4.464224540129831,185.15854660089957,303.9011085059689,1.7268718593124148,inf,50390.148748664906,,,4.335265134205461,2309.9165335570424,0.5694688015077505,0.0
2794,26.344860076904297,2026.9436207885449,7.985971743391147,105.58310675953467,172.75236231839432,1.6998259894845915,inf,21698.097230735002,,,4.236591494629566,2289.356244438264,0.5714777804629131,0.0
2796,29.83676528930664,2863.061881327213,11.294039289574242,83.80740264622905,120.34181963802322,2.1388683869747487,32.07344581341497,15344.529183964838,173.68995740615532,,5.117377557524174,2348.121076222476,0.6472385672178941,0.0
2797,29.3099365234375,2873.878777890392,10.788758096303688,88.35482992468124,125.07209536374484,2.1318257160016687,39.104967202885135,16610.222060087188,220.09230842379137,,5.285762759584877,2386.440385916075,0.6381631588858984,0.0
2799,26.434654235839844,2015.3942992619227,11.891095062548743,60.94724182090501,104.47579018139264,1.966387571338715,inf,9516.145641314526,,,4.019499555877838,2011.1639551070807,0.778738319430384,0.0
2800,25.960697174072266,2201.1302059003447,5.541130594540472,138.46876765148028,223.4084324120048,2.0285257401887913,inf,32588.002148771368,,,4.538691496377514,2144.993633579102,0.7016263318458332,0.0
2801,23.930110931396484,2102.4862538985153,17.322791670432746,45.393921791206765,74.58945845442965,1.8906127383050968,inf,6116.832008454186,,,4.70058036517927,2366.158178519118,0.5553020320483517,0.0
2802,27.204086303710938,2188.837908447683,11.737152251333109,63.02874749072837,104.30363992072252,2.0921710519300407,447.58410178932,10007.78602067219,2100.809294427296,,4.225349648210936,2006.0261787072989,0.8135861823031638,0.0
2813,26.743698120117188,2155.088332869205,4.119289333722416,214.4853783594429,332.30738072387334,1.7247656300105048,inf,62824.13716577392,,,4.54949999669132,2333.621318726305,0.5722414565566579,0.0
2832,29.138572692871094,1893.2371217141822,19.946226075335378,40.06896061705173,70.74476632999153,1.6750246373983846,42.533748069514516,5072.734251182477,135.40680307424398,,3.45813286246444,2025.732039770123,0.7032636572281822,0.0
2843,26.415037155151367,2489.494107583408,6.894251215402409,125.77071668833776,187.48249901788006,2.0301562515483504,inf,28209.754016332176,,,5.14075790118854,2361.4431833626404,0.572327485978796,0.0
2852,30.09153175354004,2058.01680593077,17.205315096034983,43.57214507837074,73.79230104753977,1.9411645317767496,29.431709201979473,5752.3248931265825,97.7325095599252,,3.650387883507434,1845.4302203982668,0.8938659225857374,0.0
2853,27.187252044677734,1968.001302781759,62.85840368852169,12.101313051700787,20.968539366559444,1.8294247068595406,485.82447500836355,841.9353405780764,458.41633332529256,,3.8286174870975067,2055.402822573517,0.7148547563140282,0.0
2854,24.903289794921875,2108.582439263328,19.56472187472482,48.37201459493992,80.77072324261482,1.5754612789487885,inf,6728.546506484331,,,4.462198596525297,2770.720080366257,0.42023620232711273,9.10925703454519
2855,23.84227180480957,2236.122965068454,17.609435809479365,56.951797607458886,92.16205764750372,1.5766228107077245,inf,8595.895962176031,,,4.939366217499366,3055.1991170767874,0.3489616107966758,25.565788816155028
2862,30.2789249420166,2575.2044396135802,11.855222356727118,87.15608984987158,127.47234555061627,1.762338271534891,27.208913759943112,16273.336413148661,156.07728255889737,,4.701780058870163,2479.811561621281,0.4762092016935763,0.8276151493449933
2863,31.151214599609375,2774.9816064220513,2.988325401153201,306.051027011347,439.1518617715829,2.145474629871226,21.724013585451488,107083.05615004501,429.3063455040981,,4.84902134008171,2161.8861927728235,0.7312328917567389,0.0
2864,30.14011573791504,2716.8171048866716,8.124021196107762,111.55963289289271,163.84674726919636,2.1196652534781286,28.917155861514424,23566.25704535581,213.2091867683481,,4.829267291276712,2223.180179475723,0.6982715454887672,0.0
2865,29.554119110107422,2705.5887298417556,8.517718909203198,97.4126056520671,144.1558343590738,2.3057293040103306,35.65746812898548,19228.824517590412,231.31044311696928,,4.86896778837813,2078.4533904135565,0.8160170619681218,0.0
2871,30.926528930664062,2736.8744768321053,5.3443972969652025,171.7611927814242,245.55586366694453,2.1082208234404223,22.826475107526726,45021.2518485396,252.2328664275331,,4.864936577896971,2170.8878826891328,0.7179521479328778,0.0
2872,31.866764068603516,2864.169822764063,8.483807137748421,121.09481319489393,168.54515809016965,1.9713667991302406,18.381567371219237,26651.294482747908,139.41558803372624,,4.976287651563069,2359.6336455391233,0.5866209629423392,0.0
2873,30.603763580322266,2919.360302793655,11.991506388441357,85.65029703774363,116.2790437329749,2.0098797925385368,24.593312487019094,15853.432426894455,128.68590861975647,,5.341411945815717,2424.964008846357,0.5548304513219169,0.0
2898,29.26385498046875,1899.414354558741,19.37031172110133,56.93626747980442,94.03308168333118,1.2178088200252288,38.713025175207434,8592.380192715384,163.81372763291117,,3.688455272418528,2682.7215385777217,0.3566592796345103,19.112833283648992
2899,32.224979400634766,2100.0191043012733,40.26877298147128,26.799956215222693,43.59101535663547,1.3759598665224595,17.13091320439812,2774.7964001864193,33.60392552547485,,3.6100063697292355,2455.0235374922695,0.4383145953666267,2.707396561162519
2917,27.5949764251709,1940.700841359646,15.031398296658352,61.165866465082196,105.76925265892694,1.492571282179734,152.1156626603961,9567.394766626787,724.0121980788391,,3.7577631950901207,2437.84317555813,0.4745641635522006,0.920950618493526
2919,32.43827819824219,2139.116719157136,4.188349706405188,320.2089833087234,487.4850839074368,1.127828426647711,15.933923728586095,114598.85096916,349.53975656120207,,3.8698514263923833,2935.9194098459784,0.2984385819803388,148.2491800759651
2920,28.912675857543945,2192.1456033910727,6.901770277778504,162.40764670108751,251.11955223612583,1.382889329705763,45.96896137725373,41394.22022102045,519.4667249017073,,4.279291072040302,2765.8874759580517,0.3773898833015152,45.406825110806615
2921,27.428720474243164,2101.585512709883,29.511925063799016,26.596811880849863,43.695977112130365,1.8932368419267198,209.7347829579533,2743.306723959642,412.40548240867605,,4.138868980170893,2079.3075060274355,0.7747469119043537,0.0
2925,,,,,,,,,,,,,,
2931,30.517929077148438,1773.2224483999596,15.25817039805679,81.69351860639,143.56097792335248,1.0059077642607577,25.319328363793183,14767.650260319977,163.56903931208814,,3.224181292095082,2965.3367015165154,0.26661081293713096,49.5037531900097
2932,30.03565216064453,1935.1291168685614,12.144340353936729,98.2329647470228,157.6882452364604,1.1470009246962978,28.562648760558503,19472.238177172996,202.6797283061024,,3.7407727315005768,2803.2241779300225,0.32736147395289117,40.2017864866377
2934,29.60201072692871,3020.7123606929244,34.37310018560238,28.650755543178082,38.37422325323245,2.168900315091173,34.11993186231657,3067.1436337143045,58.91966472013269,,5.675898952171575,2401.2488215757894,0.6809245212741335,0.0
2942,33.1574592590332,1987.4982999567533,14.62750092236933,85.7241998790553,143.2371154464149,1.12077437698313,14.539317086881919,15873.955409914442,93.71564280385822,,3.3330843082279418,2780.0898205933117,0.31861043457667293,35.21379511968464
2966,30.16360092163086,2542.332249961305,7.581987361308652,118.15853859073088,178.7431391666982,2.0066385056632003,28.643075338176097,25687.8444062899,230.3888940600224,,4.532389462670352,2191.4678078904426,0.6957133687956174,0.0
2967,30.41796875,2542.8296604009283,6.234278998091856,142.64476105393277,218.61073578801134,2.0219025072959345,26.71307064707476,34073.263706762315,262.78938131913634,,4.4403537222711265,2175.1133026022717,0.723269233065369,0.0
2968,30.42013931274414,2662.070577219806,13.569246047147274,67.27813111825384,100.51617251044092,2.061934812843722,26.6574398710306,11036.74158482653,120.57767211434481,,4.660090284741468,2229.520380455871,0.6892597440537226,0.0
2969,30.95851707458496,2682.4474770383695,24.36196425514242,37.55599596129927,56.16274421810437,2.0731209668680277,23.099155033621066,4603.084221972198,58.379037111341916,,4.600098514908284,2205.343004353909,0.7398707057493618,0.0
2970,31.474212646484375,2828.0177761274563,28.556123840332873,33.323567371114194,48.36315478473996,2.101437088550615,20.40015059234558,3847.3104042232044,44.39770383283262,,4.795104931987773,2255.331529875749,0.7157285252733607,0.0
2971,31.269556045532227,2720.4723704189755,9.9381071698291,85.33861992675673,125.9872857420592,2.268193129642076,21.34793340996261,15766.976437107478,121.03056839355351,,4.650562050424904,2019.2085586397957,0.8400554446835246,0.0
2974,32.94770050048828,1737.684905627674,34.34667111718736,42.86274656644787,71.34826425196744,0.8346249877067966,14.452100151935852,5612.417760130998,46.40095172862981,,3.14608561491201,3151.9826875916497,0.21714273935469117,30.046075908510296
2975,31.16870880126953,1851.271202900169,15.355735734430757,72.01146216835559,116.06227033638186,1.1838121392243175,20.59350826628624,12221.723086735907,107.55581956093026,,3.5242865938435286,2487.0097902407833,0.39900729788304384,14.294970559345892
2980,28.325084686279297,1833.2636120842735,6.274805274476475,158.47755625724815,276.88204575285414,1.3035926461851437,67.60087717529085,39900.803764131204,842.2861125141878,,3.529063630834433,2547.5943492996416,0.4110399994504751,30.294860315884744
2987,36.94660186767578,2653.6709730008806,28.53846812627422,59.646430134662396,76.10788973978828,1.1023435428807251,8.405596977794282,9213.118980040217,28.787951159237913,,4.589222198097469,3197.175874109203,0.2607981649651422,29.451795462297607
2992,32.138084411621094,1888.8992457642519,9.772139206441521,106.26791684648539,184.46430308707136,1.286180684346278,17.540352055535987,21909.5393484491,145.60059680218467,,3.215882302737779,2384.4376580891108,0.46128839852697545,4.803212182872995
2993,31.254823684692383,2027.4607949978708,19.874639829274326,61.726454290513836,103.57875029384145,1.1686026567302794,21.191059935826523,9699.224057191257,98.77245774996614,,3.5336637522697925,2890.579258490751,0.3345846918509605,24.012812842759892
2994,28.390352249145508,2330.345457919496,11.618207369965816,78.25759704287574,116.11541727353347,1.8123400046213944,62.84843734502266,13845.854335201984,328.3952637288073,,4.675243690561324,2267.4136819711835,0.5852772404732757,0.0
2995,31.68687629699707,1990.0116853233567,7.606195525628576,147.6984061888806,232.27511193492808,1.252556527749499,18.442680300538346,35899.93886217774,192.76990340344366,,3.689766756639564,2506.0820616524325,0.40430241331802796,27.09397371630173
2998,33.61660385131836,1450.4478184535549,66.33365553023333,8.590962372890795,15.137376399147323,1.7997466062092287,12.750524286846714,503.60811664205136,8.685426843741068,,2.667512880849353,1175.8946545580334,1.5223935102705484,0.0
3000,32.28768539428711,2465.228640357925,18.570417464236115,55.05208813852112,83.18735676397269,1.7050877859979585,16.991648779759384,8169.409958427651,63.60706570724843,,4.2029206814355335,2330.3277493476157,0.516227049114253,0.0
3001,35.302879333496094,2766.302866452703,9.369389981683645,123.21271148579889,173.08695782018486,1.6944076283110152,10.74916812501104,27353.522929738683,83.72433644351378,,4.426653381558406,2411.0975025080807,0.4948054995036555,0.0
3002,30.777603149414062,2594.669471895911,19.901113188449408,44.205661126656025,65.55527756235443,2.085507635988134,23.86016797823107,5878.233464578763,70.38719705238026,,4.58644295540774,2101.484020406602,0.7556132028324123,0.0
3003,27.07940101623535,2395.349738488825,23.309237061410254,41.86100075243957,62.0035535972697,1.7358662897269943,1107.9813352346546,5416.820016060288,3091.445104679836,,4.959497837384402,2559.0996243169197,0.4495748394744172,3.536489678013399
3016,29.09351921081543,1845.535439589676,8.269850102550485,114.90567137256409,203.29197007880404,1.3733090726435433,43.18372134938353,24634.411546770818,395.0506704802629,,3.412094045273179,2397.226020219605,0.44879719572651794,9.580103537205702
3023,28.339340209960938,2268.880864834362,15.681499708027362,58.39393960849955,89.8171882643374,1.7520291349680746,66.0905034273788,8924.454099788427,267.1228434969773,,4.457463714784017,2317.1299078516454,0.534001989300318,0.0
3024,29.083892822265625,2723.660838345572,8.194366231096263,111.63423317886199,162.95172450155843,2.1053546559336933,43.44012912291354,23589.89924468646,318.53897789171094,,5.025562289422763,2311.4481622382423,0.6784320835221331,0.0
3030,27.888111114501953,2158.2072878616514,6.100668970252983,165.11575749279405,261.6543231819766,1.5149984041020141,99.93874654518693,42433.88329000618,1176.7232289121196,,4.282356937964787,2593.91906595922,0.43171646162657584,21.951537874323748
3034,29.064605712890625,2719.132573165963,3.7615327397588083,265.8122753627649,374.51268253102137,1.9229832676844087,42.94753375432891,86674.73953128057,723.7978233491388,,5.20542682446454,2476.1950023039108,0.5075439273881592,0.0
3035,28.93062400817871,2579.091864014714,18.248626280591917,51.763436348848614,73.83326314872396,1.9306277170755954,45.556967692680416,7448.42835909758,151.36288127602148,,5.028858339107952,2330.3411819810035,0.5715393724477938,0.0
3036,27.704994201660156,2326.580756375456,7.910748429302832,108.33997037687755,164.03852281121348,1.9195385904985232,125.32176463199947,22553.454108806876,925.0918715847496,,4.681775477898317,2210.27838254086,0.6765111307896511,0.0
3043,32.768333435058594,1868.3863768546496,17.790658780335598,74.01293104532819,116.51541007518861,1.003349088965345,14.734578558856333,12734.778652742463,77.25624583816021,,3.466179064942783,2801.419665262951,0.2800995674448331,37.177918672355894
3045,,,,,,,,,,,,,,
3055,35.50163650512695,793.9947097777742,18.434494894861515,24.856760694203295,56.163374829519334,1.2252559984178097,9.643550458749292,2478.5449098310314,24.37264525959538,,1.4672863141796137,874.7140816012597,2.0039673761830166,0.0
3058,35.472389221191406,2807.8740942895447,32.16691211573217,47.53275823760203,68.9702539709073,1.2985546847319713,10.778183512561114,6554.197442035915,33.45183243928735,,4.2997745173577195,3253.3188262013787,0.2634038204926748,26.21696553176234
3059,33.53935241699219,2949.149584631838,27.14446212243153,56.4306843946466,75.39366045685308,1.361398429993503,13.489071040749858,8478.186618189116,45.764569886609905,,5.026610341282691,3311.6721123911207,0.26647771659247477,31.09923890123861
3066,30.079818725585938,2951.41041966996,8.349349520332433,113.71246950559758,157.17154325019774,2.198132539283498,29.15943139751681,24251.69694472984,206.2364774870694,,5.358199655078935,2307.5793405704862,0.7399071187141989,0.0
3068,31.187253952026367,2913.847115943153,12.321092321110873,90.75707407157951,122.32804480284855,1.8425618109170054,21.072829656239445,17292.218913433742,116.00091226400644,,5.284223161298232,2583.565439745772,0.47202016835662575,1.7502863531686967
3073,31.186050415039062,2354.7410646361027,15.01077514414377,66.831362285679,102.10269535325438,1.659757831328073,21.306119699344542,10926.988007311482,97.89355119699663,,4.1910522446710745,2342.8536182262724,0.5062233506231222,0.0
3081,28.840099334716797,2772.562667368528,14.390041391903074,63.23148817795848,90.88329716657388,2.1546211913245243,49.00917863209555,10056.111973132,200.43520854796992,,5.189179718352135,2308.230232589306,0.6987686083376142,0.0
3083,27.766164779663086,2613.044658784982,33.669021505057124,26.895533747357582,39.31664744265738,2.040427518000624,116.83677880609027,2789.6533931256317,206.71336982946576,,5.128660347535758,2361.333123464422,0.594793644771952,0.0
3088,26.207260131835938,2072.6577955230223,13.77304845169803,62.76140141403235,100.45452500153488,1.6954691758566498,inf,9944.17925599783,,,4.400730765900847,2343.878891647363,0.5659088359016406,0.0
3100,30.432601928710938,2767.6946432770033,27.193265720267313,40.162286510975115,55.171336070460455,1.791939649060099,25.599447430909905,5090.467167410213,63.55600728429672,,5.165944612390345,2569.7488453769824,0.5020079558896021,0.0
3101,29.70882797241211,3040.1045990139983,2.804703663052439,339.2117850812448,468.44631593946843,2.259517006729815,33.414426378907464,124950.03847119803,704.3789221393408,,5.5044863282274115,2357.2406713810283,0.725237538487632,0.0
3110,31.18060302734375,1829.3206133022452,23.749999987638446,48.626072055944086,85.85155504658842,1.120061907110173,21.559450718850655,6781.625132233481,83.29105665736277,,3.1969993636330507,2726.0358236735688,0.3556976196543251,15.973434771543168
3117,32.035648345947266,1773.2562255586572,8.611803075046195,120.70518021218987,201.8537415775164,1.206247694598647,17.20541687731747,26522.768756865524,156.2839997439366,,3.2435393484463573,2301.2118679405366,0.4371119691739745,12.217170669566464
3118,31.573928833007812,2047.3051279852846,21.218496392606966,74.58503652294756,115.91228633921787,0.914747569951546,18.92233353162391,12882.719645709496,98.69989241356984,,3.799281335841579,3546.401555499686,0.19149677150774136,61.56899769556092
3119,32.75321578979492,2274.900727399801,21.269404183570284,60.55608345201313,89.5856147556357,1.2489192186572253,15.08256000828181,9424.681096435506,60.80311846938114,,4.071666651327318,2798.7957911278886,0.3470984922877259,19.69005748884074
3123,26.91710090637207,1857.6076098527446,10.016442340341444,70.14010422233575,122.94016889849243,1.8696446945046596,inf,11748.423842354732,,,3.7112860176026126,1897.0554297413305,0.810429130785903,0.0
3124,25.993160247802734,1638.663840764078,25.833137290163716,25.220450132819593,47.113415764918344,1.778463216191989,inf,2533.140310532313,,,3.378342542591794,1818.24669745373,0.8432759366845684,0.0
3128,35.04606628417969,2546.837463979593,8.068846618833934,129.064179039974,194.43132708429968,1.7292948519683367,11.272347867947927,29325.037797147346,98.62638998944462,,3.9859945556414194,2224.9197623352584,0.6138097798762928,0.0
3129,32.99663543701172,2390.815245381207,6.731833906278209,143.42593927699434,221.79431977207838,1.7509345959513027,15.055787359197572,34353.54424284243,150.2679652184827,,3.9670434254190736,2168.3364159750613,0.6483193616705198,0.0
3130,31.288738250732422,1315.5109910940564,48.1124847129524,19.366962639478817,37.42247704550348,0.9982979568196487,20.13955065281835,1704.5991510398003,33.915234240533216,,2.469455915971681,2101.110977543124,0.5885882932987406,0.0
3131,32.16543960571289,1832.0248922082042,21.961436453027236,60.604152020473805,103.26345642938679,0.9733146280215262,17.113381875183173,9435.905092271607,79.52341336323458,,3.2240178957815377,2995.192729654663,0.2581784823393462,36.36037120412114
3132,28.583480834960938,1607.5042690052624,27.690884483878648,40.69554947925354,76.3673211589718,1.0086799596842122,56.75795100482548,5192.187542415205,195.05037027198122,,3.0512323274935484,2872.491651654001,0.2758290568283479,25.09821064251733
3140,31.309608459472656,2847.2699782892582,5.462390263939159,189.31906427881643,263.92232140058513,1.9468683121567023,20.736373122440337,52098.05616156572,246.2756279356419,,5.032657941115312,2411.2037615063155,0.5739629998488271,0.0
3146,34.64828872680664,2530.1274978120396,11.038848278654527,109.94756545523354,165.45844673049464,1.4740697270224155,11.825454308708498,23057.298481623602,88.04795858106046,,4.0169375873552795,2612.5168239615773,0.43866606553482873,10.419277542203538
3147,27.74530792236328,2073.0720965642795,18.00118313182708,47.84271793028739,77.31618174650633,1.7020899769388462,119.05076777926058,6618.4114306948,414.2047859407094,,4.135041689708115,2227.5670045666234,0.5562602699072963,0.0
3149,37.84235763549805,2402.9835636008033,37.86703245699676,44.17174334997551,62.47418112836759,1.0158509483655365,7.957321013789112,5871.469454407199,22.370720144041194,,3.8600888685183747,3173.2931930816626,0.2237716548348405,26.58318805884646
3151,31.142684936523438,2834.790037598836,22.3656632986154,42.84432900189708,62.34171082049474,2.091851119447246,22.077156901540945,5608.800774403425,61.93474790825499,,4.834226399782691,2297.7594810349487,0.6267972191138999,0.0
3152,30.493196487426758,2859.623706289058,18.225824251326678,47.909223016332966,68.46300427610363,2.3157282043097314,25.971082511846493,6632.216382694378,80.01262498786139,,5.038745909241635,2117.317934883982,0.8087380372092677,0.0
3153,31.236488342285156,2897.0321489017556,11.472328929703972,84.3117639805814,121.29276706352569,2.1178663530078015,21.582873481808726,15483.254746103717,117.8030900605757,,4.929550553155241,2312.4246348085403,0.6657445813561399,0.0
3155,28.628646850585938,2695.9783771035513,24.566123087125703,39.79310729834811,57.103576609319916,1.9501002157608764,54.87854970049154,5020.43993000268,141.0192660163675,,5.159823345010007,2474.4493933350036,0.5268920128183844,0.0
3156,26.820009231567383,2122.28453040281,15.526024316778129,56.176744478088445,89.07782027928036,1.7205677606280172,inf,8421.022875106748,,,4.399630680037895,2318.102569425656,0.5213985278084519,0.0
3157,29.027629852294922,2229.3507753296335,12.768098379236797,65.66462897268087,102.74438844991407,1.8802071277604944,43.869227682180494,10642.09760324168,202.82926364890542,,4.2491288792446795,2085.3741799352465,0.760971182252376,0.0
3158,28.02682113647461,2184.8719707196365,11.540533779718885,70.39432433102246,111.1597362633465,1.9017238542236505,86.56890235923865,11812.35424854114,433.0339359687164,,4.3042536813527486,2085.5599499716473,0.7567017971985651,0.0
3160,27.390735626220703,2095.323121397967,21.46482698670368,37.314477973693776,60.31264506240134,1.8498275574937086,227.79515064450857,4558.752883789501,618.251763049132,,4.20600457487908,2102.9796624260803,0.7011457507329958,0.0
3161,31.237058639526367,2494.5371895807853,12.66862599472281,67.8987663900644,103.75022229055095,2.0506124329039004,21.40179515714898,11189.812812862203,99.91984522369697,,4.306635415524442,2039.4421136489507,0.7811272772198139,0.0
3162,30.557960510253906,2954.1315864956055,16.71892284749263,58.92107008864697,80.02385860525301,2.120488488562958,24.999704676007088,9045.569902262274,90.02577744746432,,5.378217444144939,2337.432163258727,0.7135968528951089,0.0
3166,27.36871337890625,1965.8803532446586,62.60772331126034,11.690107212318377,20.104142212120358,1.8993092317112619,245.59396940145498,799.3882068319539,222.18552392786938,,3.831854784247456,1956.4939327210184,0.8504748209943324,0.0
3167,27.24102210998535,2100.12808303837,9.09132782471906,82.3656361763613,136.62472696683022,1.9831584239784354,375.04431955815807,14950.271563092152,2305.8147492042285,,4.123937243998105,2006.8500578695089,0.786165779712743,0.0
3179,30.840309143066406,2468.7387470804792,7.791118109059567,119.70548827936734,184.20146358371485,1.8717432904863902,23.63370291191243,26193.955741726782,195.9013199824638,,4.303544050388424,2239.16053441546,0.5923753171020183,0.0
3180,30.196075439453125,2431.037012360686,13.126065438949063,67.39711651875577,103.41474488813027,1.9431247869981523,28.220455582275775,11066.033233121787,131.32850466005374,,4.36522566313571,2151.863324412291,0.7007426738850653,0.0
3181,31.07879066467285,2623.2291388949034,20.914993120851616,45.85518529448514,65.9502628561894,1.9340827488121135,21.785522147733005,6210.301353451118,64.65424104460473,,4.713510226603311,2238.5358547362093,0.6592043369144187,0.0
3182,30.75462532043457,2460.9683099730228,15.978759835197257,56.096300800976465,86.09664222160394,1.941394214338944,24.114697181410076,8402.94131443276,93.42875049795829,,4.318752634209977,2152.301432609073,0.6520607019958015,0.0
3183,30.704181671142578,2528.144859068095,13.566761544857329,68.59438433089419,102.0834635080619,1.920977166852027,24.20142145314519,11362.2107205829,111.17542156899182,,4.521001620303793,2215.780825791546,0.6272043196274913,0.0
3190,30.98349952697754,1400.6992008746906,31.58028351160846,28.84290985550661,55.157391759574004,1.0873635878447168,21.941666832110553,3098.0512981650036,54.46103009925478,,2.5975435128693722,2097.130885521984,0.5294463989736742,0.0
3191,34.168880462646484,1607.1254222012362,21.177227231320018,54.97243222140136,98.83559519929678,0.9761593626165378,12.263467293568468,8151.685660901434,54.54301901251269,,2.7126212551356126,2466.6558904571853,0.3545649679710781,16.369276613536037
3194,31.923418045043945,2485.8770818806697,30.52709376857983,34.45337392400547,50.83238462327744,1.6712731435088117,18.040928568915756,4044.619133903339,41.267853898929,,4.366544525657053,2394.6715867362877,0.48751042658209776,0.0
3230,20.88325309753418,620.4730886952987,52.04815322247098,6.886833166879224,17.973873777071027,1.2240046432146567,inf,361.4592467255028,,,1.8294001004975076,1128.1075307793892,2.0674538375436486,0.0
3238,27.0908145904541,1910.1946492461398,32.03781318530228,22.719688064354894,39.72147014500398,1.855655688966287,998.3243737884752,2165.87576675944,1784.4710313810915,,3.750653163834097,1966.5923308829554,0.847621850790279,0.0
3243,25.901615142822266,2249.6166179503957,19.691328022932613,43.29910223338136,67.86600191975916,1.8656905642159924,inf,5698.339669192417,,,4.733227913500209,2364.117175792193,0.5470108048023888,0.0
3244,25.9055118560791,2611.7526664202064,20.632159513082385,42.77057012016853,61.60864112270392,2.092798053985533,inf,5594.3232187934145,,,5.548622120240943,2432.8025128575555,0.5755671075116615,0.0
3245,25.568132400512695,2450.253441623596,22.041313655316284,39.027032686430644,58.00201685257199,2.01415553032303,inf,4876.163888450653,,,5.272889508536295,2399.7467345417795,0.5517492811360829,0.0
3249,26.346071243286133,2243.7210460470205,34.14372083997733,35.813430841572945,54.37395615185976,1.2974692965816355,inf,4286.4610992016005,,,4.803371764214047,3274.7230433255813,0.26357994561377107,24.83784058724367
3278,26.22701644897461,1896.385667173185,5.685350966484759,139.7629790924946,240.61192589184904,1.687571714946634,inf,33045.9483293523,,,3.910858458573734,2188.3339116370157,0.6174724862072688,0.0
3281,21.72789192199707,1639.8238766869556,36.63359640952146,21.564575238081236,40.539852403751226,1.4677826275788368,inf,2002.8174098698041,,,3.9756508468161535,2620.0080187057038,0.4266088914854227,4.094820967856574
3283,25.953824996948242,2169.7766016439464,5.79169882755999,129.93733186857105,210.6607242253102,2.038731855301062,inf,29623.127837116514,,,4.4855986991002315,2101.5686998861206,0.7337426377240522,0.0
3293,26.56661605834961,2469.809247425497,16.938233335724416,55.25313958681175,81.67655090903364,1.8660502856658787,inf,8214.203092539914,,,5.136161968651788,2517.474466268399,0.4886281935274843,0.0
3310,21.438430786132812,1240.478730450741,182.89434766651698,2.1113410597478337,3.9840660586005305,2.2715151978357504,inf,61.357490114426625,,,3.489183968677635,1200.2897908529446,1.2175682916944177,0.0
3323,32.04926681518555,1923.0476516358508,18.5098089179854,63.548985515926475,100.20746958545291,1.1560177184808755,16.981467590213384,10131.947449083322,76.57514536781979,,3.580823741550088,2576.0966688499802,0.3702491763453464,16.94218834129985
3324,29.742637634277344,1848.6770545469649,30.52785714567881,36.460335480126155,59.11427883801477,1.1744352338476685,31.3796213513855,4403.124710534964,83.47426588787059,,3.6523416352996585,2619.4541254454625,0.35651282805199874,11.856519234816218
3325,30.344837188720703,1981.1754222129098,10.85439121917477,104.75614333405225,167.0689107757641,1.2320347629808113,26.002924070336032,21443.676532588725,195.49260906371728,,3.77455233666252,2655.1343811434213,0.36884814518727516,30.18450086492556
3329,29.7632999420166,2351.918294021636,20.17784377794821,46.808248011782915,70.11791681168593,1.7608002487063537,31.888054514098588,6404.918014398404,100.6165779167732,,4.455978734771333,2274.3347101960994,0.56671648135936,0.0
3338,33.69099426269531,2352.8039698071884,30.83906138317272,43.97965487003202,62.02222675143676,1.226641851283393,12.748337255040402,5833.211469327475,35.580611877115714,,4.236572399645288,2823.9555000216806,0.2867041930260612,20.800098033194022
3341,28.437450408935547,1994.8784207650851,11.873146865379125,98.24914313390514,162.781710805193,1.2092241812939053,61.93293923044274,19477.048818499246,453.6697411406485,,3.867933385902902,2959.321630465675,0.30721108042371187,49.84538953117525
3344,28.82454490661621,1958.533011132026,15.29184661964455,54.84438865654554,92.41771492762236,1.6512915747243353,49.01218775589763,8123.221497581464,203.83174782016425,,3.721905081678838,2110.722772419561,0.6119957277460107,0.0
3345,28.427453994750977,1881.6842989494123,17.250502630103956,42.13788175392338,72.90586082982553,1.8304476362062378,62.87146269178232,5470.651452860834,206.26641491285923,,3.5984973918072525,1859.5750555349546,0.8468523950059258,0.0
3347,36.2368049621582,1587.9908305885601,40.1046422395824,15.714548671090961,27.026212188392517,1.7817076046982645,9.26372373553298,1245.8990774950398,11.266351349902312,,2.678232972843878,1232.7064996687793,1.8015929142748233,0.0
3348,30.38332748413086,1482.2354664123861,25.453743045181447,36.415750562361445,69.80867080152389,1.1307361623511871,26.28552258984237,4395.050747811048,82.57308269941466,,2.713067690824665,2210.559620903074,0.5610900584211886,0.0
3349,32.354732513427734,3381.8478771483947,9.111856953801079,119.69276328250096,152.86136728288145,2.1926246072235482,16.682525794086843,26189.779126879435,114.75511661772234,,5.813665762977758,2467.037756456608,0.6361013615712048,0.0
3352,30.99825096130371,3255.4314991101173,5.6524773164557764,178.03839856843808,233.915844005282,2.287394413603149,22.447095914673973,47511.69392113956,236.28291238568158,,5.761389059651186,2378.099486782581,0.72492026187961,0.0
3362,33.335731506347656,2853.5529648219135,7.52492566621876,134.81052040210332,192.22235175637155,1.9890465206771089,14.312722702872746,31305.141665240884,123.80513480923543,,4.657968986254428,2267.1186811590505,0.6426872061692379,0.0
3363,30.930625915527344,2691.2583123344016,24.300563350316533,43.02603758553414,62.90663997054227,1.820089282392754,22.986175777028468,5644.520102220072,65.06923877573084,,4.716672591960048,2492.2381999645295,0.4868661531374812,0.0
3364,26.07487678527832,2108.9136413624888,15.798934285369569,52.64825809038255,81.96893740976769,1.7928006407299282,inf,7640.222490642447,,,4.585076180913299,2241.5935037201493,0.6026311140928684,0.0
3384,32.67776870727539,1748.5824757463442,11.46357688315495,94.83349714991445,157.48427650971456,1.1373371089787145,15.143331875823598,18470.244522795918,107.31764989847602,,3.1866134210103394,2345.647389608429,0.40514485862105165,16.630707112766352
3388,30.86520767211914,2565.234370454375,11.336177726010826,87.86326074461586,129.94192148162946,1.821118011544058,23.20797813410608,16471.79658974628,135.70601726022238,,4.561139190297087,2361.76869220149,0.5430074460999873,0.0
3389,29.409061431884766,2456.1006719707793,7.23176608294424,121.29336673218538,185.06452730969247,1.9799295848761649,37.42017038095097,26716.869677957875,311.631576452948,,4.519650775468815,2184.7712023334593,0.7026404541364872,0.0
3390,29.89513397216797,2538.4553339122,12.0251039069434,72.78048861874679,111.47577611503353,2.050929460618468,31.50604399790767,12418.022604902573,158.0472318141518,,4.509361444954431,2172.7426520169925,0.7448935826898369,0.0
3400,26.532564163208008,2650.031382293759,8.095937158149937,110.57792410703495,158.80143814124557,2.093150511261421,inf,23255.87286583859,,,5.482813962628518,2419.6774947148297,0.5844519201495676,0.0
3401,27.61248016357422,2257.9595646164735,12.752753785914969,64.37271333376944,102.04284917552322,1.9448914735297855,146.82074054670232,10329.581307002092,674.1903007550596,,4.418999866017885,2161.496687168791,0.6882916045389627,0.0
3414,27.970401763916016,2096.328777431108,6.102771636613713,137.35198090213183,229.4259827809367,1.7684075156728654,93.47832922773466,32194.55203155803,965.0860898306842,,3.993200282339545,2200.0564212626273,0.6287602119917786,0.0
3415,27.686485290527344,2112.9465916693184,15.354736776502088,47.77235412734402,79.65059360910894,2.036828687035363,132.2958445414746,6603.815939034994,474.18491473860803,,4.054224661806761,1945.7764384128748,0.8504619447263986,0.0
3416,25.972034454345703,1963.3775468546946,6.064890511963359,116.0133680087169,201.1938127294381,1.9731396426508347,inf,24991.484165348367,,,3.9863405712572577,1983.198926854694,0.8071199064906275,0.0
3435,27.41661262512207,2067.961114953177,3.537090283438013,235.14194148083712,397.62364833902905,1.7581305702110352,218.40914739570627,72114.92317572875,3908.0088908143866,,3.9904877299384873,2230.5066282334055,0.5972208387951238,0.0
3437,28.6769962310791,2180.79162060814,19.222404237021188,43.253093429595886,68.38324968955975,1.8547026505453919,53.01882789248288,5689.259661040003,163.15198857087535,,4.205676924432716,2090.342308640552,0.7233020897797152,0.0
3445,39.48825454711914,3024.38561543452,7.342239899178414,204.87428039771896,272.5576585074085,1.4216940778516587,7.13814531432804,58649.073716428575,87.55002778314959,,4.441516558492982,2839.0536596497877,0.36996817676237326,47.19999133896001
3446,23.14978790283203,1868.3260508185474,3.655506397077876,240.78485833225733,415.8964797101357,1.5009317698701319,inf,74726.34749581187,,,4.34923942950454,2718.430362183928,0.41330167256805506,53.59869219229109
3447,21.507829666137695,1563.9555282196438,33.120993191013625,25.49618984105546,46.6254879623671,1.3095761772603745,inf,2574.796570058142,,,4.030177576581373,2746.242086278097,0.36888941366174016,10.227413300214808
3456,30.82602882385254,2471.7128105396964,17.874510186288422,50.623312035664966,77.27968720570918,1.9315159794695382,23.62202626629582,7203.703495270673,82.14762604609741,,4.342434183508825,2164.2492124113382,0.6426794732363865,0.0
3457,28.846839904785156,2320.178292040399,10.602106035514623,78.46263969779687,125.18880953787811,1.9722015826271622,49.260919580132345,13900.306228139834,277.5112145540063,,4.275373019040174,2128.4256834080934,0.7328848643127923,0.0
3459,29.880176544189453,2354.188680924315,26.970978915589274,32.62105819652078,49.682394843560516,1.8920452331262936,30.89472080768143,3726.293536763884,69.07156729869571,,4.369273620922379,2131.7646307788054,0.7372730502095901,0.0
3460,31.051681518554688,2351.9922381177157,17.598037595163472,50.54069155869006,77.72325437782487,1.8698874423547944,22.086881327489028,7186.075336765454,77.24989331231669,,4.17737694426209,2092.3752250295975,0.7213347225310298,0.0
3461,36.37540817260742,2864.394696554949,17.091485354509945,111.89637199008025,150.5710958324704,1.0590636211413111,9.390306061512701,23673.0384855237,63.625890324791555,,4.582142159885079,3835.6116594752616,0.17865027618893584,87.50624234543858
3464,32.99496841430664,2590.840577523415,30.764190161322734,44.64316551127246,61.54974769089679,1.3339059930683639,14.431356630368231,5965.714532560445,39.971086174643176,,4.632177293454552,2955.758031427719,0.290642521574871,21.315627942390925
3465,30.82815170288086,2364.64907908313,8.087105477032253,119.78766888041478,183.1953963984762,1.7260226102619287,23.336301427768113,26220.934510292645,192.37963457404373,,4.239386217996029,2290.109462909855,0.5404323054716228,0.0
3466,28.836217880249023,2270.771918086887,8.429205687596246,100.835933384236,162.72187616090628,1.8891069368669378,49.56235018050682,20251.303375845604,362.91953737421557,,4.183292836844794,2176.1900042442335,0.6757096028297586,0.0
3488,29.36065673828125,2969.4704664672317,6.888324583335553,138.43451600828314,187.67538284033765,2.2019427464457584,37.682559855532105,32575.911441103257,318.2439981280917,,5.601393166538826,2347.246897230316,0.731426311921016,0.0
3494,31.626848220825195,2702.00057525342,14.96053568059036,63.340579030747286,89.96941366630175,2.016235540622754,19.235176255349526,10082.14732891078,77.8759888257795,,4.768324307394346,2180.2452666329386,0.6940416030475383,0.0
3501,32.628299713134766,2716.532584003723,14.905978793210961,71.54370616860074,101.05136390928894,1.801225089544049,15.794316786870008,12102.835955410352,71.82167639978665,,4.676097902380301,2382.259883072479,0.5328566690795672,0.0
3502,27.633590698242188,2284.416959840873,8.848574952675998,99.46071589393026,157.0103148085489,1.8354200141434176,142.0645657843782,19838.433085135122,1003.7520988625262,,4.460175753655525,2317.8347022384205,0.5938026643129821,0.0
3506,26.254440307617188,2859.8044617213473,44.64571946414583,20.721322374688643,28.76017246431932,2.185868583433914,inf,1886.4973380375095,,,5.951223054016237,2530.7908469355216,0.6065872376177252,0.0
3522,31.73381805419922,2155.323538608825,26.550659782257757,49.58309113768657,78.2379409400498,1.1576800734014001,18.71717142799346,6982.812700291788,65.89768287366628,,3.822033725205638,3006.2114783694174,0.28259982598957517,26.34754601428048
3523,31.410274505615234,2213.103432491251,26.523442856374803,51.25302948153315,77.81353808082393,1.1511642034697553,19.79853895674998,7338.533938161664,69.32674642750833,,4.062356891431747,3087.8986847983083,0.29643906217699506,24.930094495349756
3524,29.17145347595215,2047.3731157157927,8.627885987931855,143.47710243009107,227.41093891720817,1.1694859361131653,40.276020872556124,34371.92786706452,412.16434751146784,,4.001735512362828,3013.628372288953,0.2881612738182315,78.65523179585077
3525,30.02783966064453,2427.68428562196,9.697572505549205,101.94056170697736,146.40382692556994,1.736469468274863,28.67037719166607,20584.983778073325,188.88538231167692,,4.684266037760527,2326.247835246243,0.5707633855409052,0.0
3528,30.0667781829834,1891.5009011789825,33.531276743193345,29.677807622027125,51.85861358959319,1.3440321251406677,29.48480141503514,3233.536135373042,68.8068415506689,,3.3943358084707116,2436.276907641606,0.4716525752467172,0.6345391439926381
3529,28.23462677001953,1807.0075092824686,10.710081017070458,91.52062036422593,161.48720045948735,1.3035666711168539,72.66375268670805,17510.89841509202,528.0419698315666,,3.4794401381127504,2522.383419521042,0.4086941400218689,18.196260066606737
3532,29.47036361694336,2683.138769194123,8.152384853915407,115.80139773553763,167.05366824774532,2.009692731690545,36.245917924676284,24923.021823766318,272.47560967457446,,4.986823207833888,2331.0922561063217,0.6010738238323254,0.0
3533,30.954654693603516,2819.578999028152,16.31137642028378,58.23889827685181,84.82559133034196,2.0987731933142637,23.102558352553427,8888.934821220508,88.1859678074584,,4.842813580052243,2288.114913224555,0.6389890672542017,0.0
3561,30.66172218322754,2835.008539107224,10.789743680099129,97.5485977674907,135.94785208052326,1.90461506353485,24.364710792487685,19269.104945546693,149.054854446083,,5.118807400033106,2497.221148885018,0.5520118160976838,0.0
3579,31.286880493164062,664.7289719212503,115.12940297795699,2.6583335478287897,6.888069808293836,1.5357972488263538,19.604120795232546,86.68504994377236,6.076554865550398,,1.3091290505886835,671.5190955352635,4.605228391642295,0.0
3580,32.09539031982422,1893.6630271061467,56.72889681402944,24.75649496810135,40.649241981942,0.9534418412744391,17.14615619494552,2463.5633321815844,31.364021350283142,,3.408078001060076,3129.80686772942,0.2272106335785831,17.212984398011535
3582,29.04974365234375,1833.53941835607,16.891610798052906,46.97344387843418,82.62541984954625,1.6339989953685286,43.87788867415206,6438.854308050331,163.1443038216059,,3.4254627711394603,1994.079416556948,0.7057793203836837,0.0
3596,27.5753173828125,2103.6277807317324,5.850448717722212,183.35778317680087,288.1003283838026,1.3866452655568462,152.40311094220232,49656.833266148285,1975.8323839122716,,4.30849581610276,2757.395962854361,0.378944087469223,52.542288239053455
3600,30.66097640991211,3095.049769628649,21.819811728548412,43.90318646112477,60.92396999753949,2.2845759366309015,24.927385198347665,5818.004581520563,68.34038705735593,,5.371481979650105,2324.9228498278003,0.74361161104882,0.0
3610,28.917823791503906,2118.3543298162836,16.501630176967513,49.17654649582023,79.89110559007969,1.8458598811925107,46.6998502931694,6897.10813909407,167.89062018656296,,4.003127662718447,2039.3861111312385,0.7309602235017832,0.0
3618,30.470165252685547,2337.3940305142255,18.93680344342561,45.100179686399386,67.97864493963183,1.9352273321765905,25.443109577455054,6057.555528632589,77.83146504566834,,4.321884514030815,2016.8430998143097,0.7653167976773149,0.0
3619,29.87816619873047,2330.583308588577,18.813198589172284,44.969788355994474,68.10512523566923,1.9478977252823544,30.728357746452392,6031.304583768075,94.17413936738642,,4.372129046727251,2037.5421121344446,0.7429917262710493,0.0
3621,29.220947265625,2080.4457318234777,16.92937034963627,52.37341091623849,85.20695075412594,1.6591655782191543,40.15405500476943,7580.472634090116,153.96320643164339,,3.923930441947387,2197.6006462031946,0.6187066572943288,0.0
3627,27.03390121459961,2312.869073007704,33.41050674124742,26.830134310242556,41.42016860699188,1.8244423368816531,2630.695724500126,2779.4845592442543,4903.373720811955,,4.682976095329686,2387.031452742071,0.5400728644165436,0.0
3647,29.040029525756836,1810.5978482891542,17.035893557886908,46.12079050062653,81.89475853334284,1.6294661454682497,44.16592690824904,6264.336942660989,162.76310637985458,,3.373025540108387,1978.757798585543,0.7203128946917491,0.0
3648,29.93429946899414,2056.56534842385,28.044063991293104,27.58409016252759,46.047938244339015,1.8798703714758027,30.747128226364893,2897.4636164184967,63.712883779129065,,3.719628682532753,1897.2718009747866,0.8412133680921089,0.0
3653,30.14925193786621,2668.4117407574736,25.2448514314179,37.02466274362666,54.61792132467224,2.0187099080778435,28.757933896554277,4505.745550690954,70.68143569599569,,4.76370549772082,2286.145175610569,0.6106494830189045,0.0
3654,30.178695678710938,2606.7450107351738,5.130208672135976,164.75181682173906,249.51517228274048,2.180812411387599,28.73070408264139,42293.664362877134,322.59359605431155,,4.582062959385363,2082.7978810546547,0.784870499282609,0.0
3655,30.52595329284668,2780.9656964904425,11.551581558077524,73.64190793058675,107.47075327977309,2.3116078120987935,25.834312057539346,12639.140550054142,124.93948397798152,,4.860892745116951,2069.0939647127448,0.8097999681791775,0.0
3665,28.126766204833984,2214.892037602329,15.19229956495063,59.22170949682019,90.33987422380346,1.7407367940728098,77.65028456549696,9114.889437098389,315.6712623490294,,4.471490121777213,2265.994285667407,0.5788162336677843,0.0
3666,27.80116081237793,2156.312974424042,9.68036060999904,82.58042038448492,130.763336151751,1.9073402471842873,110.70836959251193,15008.78822472727,651.4468086527066,,4.2960602128577134,2063.0461284242124,0.7919816294986088,0.0
3675,35.413604736328125,2978.449460577057,15.673330918832102,69.94100686065626,94.65085451557627,1.9212419206002227,10.606318860369772,11698.43633117422,45.17537145294023,,4.755039497694372,2282.7620595249437,0.5888281698019756,0.0
3678,31.931835174560547,2472.6950767457697,19.844154914786863,46.39968067793056,68.437360363293,1.8989256718417997,17.979788739640256,6321.242964837402,55.372017655378706,,4.355233329817733,2092.3756709340987,0.7297957435064698,0.0
3683,33.635581970214844,2999.4906121287613,17.619257608739378,108.29061878706757,143.4982010028272,1.1116141553624685,13.296258128006004,22538.04536288847,85.85951046471361,,5.098190927240646,4115.234028701526,0.15608278304363132,100.37694663011334
3684,30.133272171020508,3029.7401740267956,16.121571286191088,61.907514577824344,84.0545801747919,2.1465432890424694,28.584875885467426,9741.930984795734,108.12103838556736,,5.517671261649545,2415.298302518235,0.6483786468119357,0.0
3685,40.44942855834961,3972.5293513498164,7.640872433701518,168.2278208580381,197.35864038805263,2.1853014226184,6.676745059953048,43639.19439355996,59.29709972624912,,5.658042264458721,2392.4098203014187,0.7094627256667476,0.0
3698,29.141244888305664,2253.0625570923858,5.301594071156664,181.15347521780188,272.825388794089,1.6588423358885676,40.76866004006631,48764.076115998105,500.52264867203087,,4.422191949956139,2335.9570133820466,0.5506633277625911,0.0
3699,27.8931884765625,2248.7740411027785,17.48741309568966,54.927779058966344,83.15607508326043,1.6554391167886127,97.95426876581114,8141.755466753798,366.5471637697048,,4.574819145273054,2437.813109955165,0.46716530584384436,1.876384447237253
3704,32.23491668701172,1626.1626056748476,37.524581659863294,42.890020693794945,75.2388323798322,0.7144582528156521,16.59519393683655,5617.775494659677,56.18713567160039,,2.9446654903788905,3552.470967906461,0.17581546855201777,37.37472626927536
3705,33.189823150634766,1648.355153469609,30.678448639043015,51.741442805315444,92.25687668046828,0.7342836589522216,14.229152879572524,7443.681767407178,59.07317411152136,,2.8420712979695515,3459.2730221932393,0.18369574815593312,43.00325083955721
3726,29.416915893554688,2575.3323344051732,8.377712457112457,100.07287613017235,150.98783650875862,2.172083171165166,37.56622101751931,20021.866821765798,255.2419096760294,,4.679003664134647,2102.6420542582737,0.7691621464977049,0.0
3738,23.008804321289062,2433.972691528735,81.194616368773,9.188686935300503,14.044875548361663,2.306853496087419,inf,557.070522487609,,,5.642146612333394,2330.8268795802037,0.681190716417264,0.0
3739,30.072338104248047,2190.334518169307,6.889285397001605,171.83068956455193,268.73252136813323,1.3083397620111736,28.806331152113977,45048.57887679836,348.3539100842846,,4.080407672001697,2836.1062276446924,0.34158606335544195,64.39074622133687
3741,32.409793853759766,2852.302874113925,8.624466239258469,119.087215026401,167.16975251425444,1.963736788661261,16.60218981483374,25991.28217027015,124.89227831431943,,4.8500926008363985,2332.2424857228975,0.6088408517383336,0.0
3742,29.635583877563477,2512.883553913372,10.276385945781177,86.45024089015088,131.8964986780813,2.0000955883576,34.42921740693266,16076.048483277862,204.34919526903897,,4.539990941588886,2211.689976842606,0.657526225833873,0.0
3743,30.62557601928711,2934.7528475396334,9.581826082172036,112.46948111059763,154.26719058427213,1.925633175729151,24.62660124381229,23855.143472534044,170.95844643849284,,5.297272154739495,2561.597839862424,0.4960224127143156,0.0
3746,32.302978515625,3106.212284282497,7.559656177083094,159.32438143582925,209.17023478220838,1.8236095183596421,16.701993455790568,40221.045669608226,157.21019516153794,,5.4277600935693044,2705.240629466986,0.4258221828843983,20.799971028266715
3756,30.701074600219727,2448.0191041833414,16.186643751692994,58.39313963334855,84.41291310940373,1.8313913966748427,23.604629002847936,8924.27070788734,89.66409736487014,,4.580369559702188,2193.3741143779707,0.6641332469180021,0.0
3757,26.913829803466797,2211.940751356221,5.734482947808654,151.60958618736453,235.36834317976417,1.7990265140287547,inf,37335.329558869846,,,4.572871843260803,2302.580819788558,0.5910078928422394,0.0
3758,31.01797103881836,2260.458068183109,27.88306857706996,39.69062240462546,62.469395699367226,1.444285267441244,22.31440963952083,5001.057634935386,62.72854585060504,,4.005336659820752,2611.0536939630388,0.42953992633108695,5.058757918740561
3761,27.462066650390625,2226.1287040574066,19.56331875704638,47.95157779527015,74.64665339192946,1.6779918176801323,191.82734954995476,6641.013273457549,644.3671352826585,,4.490565498143112,2446.922221262053,0.47494361694032317,0.660533185730494
3772,22.86484718322754,2100.1120281627145,27.460578286777956,38.97826636018212,63.74476304172623,1.3873794797348176,inf,4867.027209963954,,,4.927524087473358,3352.0399854389325,0.29324150442321345,26.657850311601187
3773,24.07183074951172,2264.165411800258,45.092101726855994,18.346614106535537,28.788646970694685,1.9352485441822511,inf,1571.6791258438516,,,5.079731613249054,2462.7935212327243,0.5303535207957686,0.0
3774,39.34728240966797,631.5381642441469,38.67099945021716,9.360865258580699,24.067639205699653,1.2336251420741489,6.723525115930003,572.8012890690187,7.281871950629846,,1.0533337694275609,638.2895855327558,3.9764136975220277,0.0
3782,29.050432205200195,2587.2066247739426,6.518278638009828,139.6826944037015,211.02501972727873,2.0092806026816805,44.36818204673711,33017.47831548512,421.3258421254287,,4.737510866176168,2314.4980851758637,0.6252931122254467,0.0
3784,32.27787780761719,2199.8315741322454,107.96697852708958,6.324324521324288,9.433471723707262,2.2780819275611472,16.35652100357939,318.0908788020519,6.943445027347055,,4.023102554724901,1495.8764799586327,1.1275987156168543,0.0
3785,32.27782440185547,2544.282712700798,102.98980081960475,10.569895532720313,14.877799761101167,1.652667383348156,16.494974464737908,687.2836906422076,11.043401721788138,,4.584997500079901,2404.9858360913386,0.5679258944712289,0.0
3803,33.84639358520508,594.7410821340849,47.24332691506953,7.980982215441268,20.293120341266917,1.1153627198535272,11.780606540771016,450.9355868474137,10.757936980124208,,1.176595434708128,739.2289399026062,2.837339301098786,0.0
3805,33.73891067504883,2423.6699172508065,15.430256866840237,82.02383217152422,116.8129876289556,1.3540829291467287,12.837564773035526,14857.30638169292,67.48174327583317,,4.25264049435649,2669.240762242968,0.35514811019670456,24.188888458821808
3813,28.158475875854492,2098.107507224437,5.8438479693212315,135.9547374466733,228.65885993183878,1.867323167122506,78.63137810387926,31704.544199324882,809.0892572446071,,3.943168872448685,2081.1466730404427,0.7093766704786565,0.0
3814,23.788829803466797,1911.1298604041135,7.323312826512333,108.75187996710166,178.87858265765348,1.6968007247898578,inf,22682.19895577447,,,4.502040647984657,2346.418123167779,0.5131118230162443,0.0
3815,30.50710678100586,2883.294778174859,13.202238290126383,80.41394429214208,112.14046296363767,1.920415115941421,25.569877314164525,14422.051522705231,129.03380459702214,,5.182500882222733,2543.5608037370603,0.4946174857034147,0.0
3817,24.136445999145508,1998.6046143684189,8.16755288282524,98.55616216902554,162.8452608146271,1.7556427579107756,inf,19568.415934391294,,,4.520947114121102,2375.6756422148537,0.5392354048315049,0.0
3818,23.27238655090332,1903.523982562101,15.599798993620013,51.67804621860949,84.25429584694771,1.669622415088214,inf,7430.005319365884,,,4.627743066068976,2409.84822779297,0.5273859390913385,0.0
3819,29.058181762695312,1991.246902453284,8.788571426977247,133.8551551994313,217.36269576835258,1.1968968575795935,42.74307625917862,30972.955501279834,418.08376265073014,,3.8657424831507945,2891.0839673517853,0.32188430574072535,59.57554896175742
3820,28.75203514099121,2020.301694280305,24.620337697265203,41.58861239658236,68.18706031998778,1.3951881994848143,50.69506029454204,5364.035473013409,155.553621040321,,3.8940693200063836,2565.4482464366797,0.411032488852503,7.776020328833489
3821,28.72911262512207,2143.28680935617,18.484331947334166,48.53367592721139,77.0923417376761,1.6893449904568065,51.30426164229609,6762.305306460053,177.9824552007167,,4.142972231907262,2246.614828046992,0.5867960455299455,0.0
3824,37.46955108642578,3567.196960232244,23.24278604664977,87.98483925004369,105.9512156702283,1.2334344155510617,8.411819315990082,16505.997045116565,40.10591171373557,,5.570644191097494,3995.4475573310547,0.16253851309571382,71.86950626221653
3833,31.06705093383789,2612.353927582854,5.00434993585417,201.1442735596733,295.8935961286709,1.8351081932629967,22.10558815662939,57054.710384390564,294.34058883919926,,4.600342893081804,2377.9641108834044,0.5322299316691365,0.0
3846,36.23079299926758,3697.6381016183254,58.81951744943124,31.614995184945897,33.009258825159385,1.406030780164385,8.873462090472497,3555.246157177793,13.180788306884093,,6.732701531366839,3482.3072313512157,0.22327201708256192,18.82550689578843
3850,30.87747573852539,1875.386975820231,8.459417087418904,140.73378523953866,241.1498666373358,1.1138766263841497,23.011060700756147,33390.85570818112,249.71013986269423,,3.364751589104421,2806.8560874976274,0.31187324625320445,64.34912498961778
3851,32.14250183105469,2083.220788957496,6.846435152409295,180.60498264734306,278.2917447370974,1.1913135357271367,16.836470296767008,48542.77362042574,210.84528123457235,,3.8040803184773395,2727.219249445692,0.34139472170384605,62.40024771071579
3852,28.387340545654297,1891.8482348678901,13.972980013107092,58.37044998852505,100.88259606590533,1.6401713332165773,64.74883566478492,8919.069698079182,293.9413785348682,,3.6167597140630585,2091.150781334368,0.6134306684739308,0.0
3856,31.220134735107422,3181.2402316330035,17.891721007223953,65.6125351641826,84.66945951545037,1.916207485393255,20.913318495180025,10629.436050847315,79.6823718147614,,5.761560289695296,2710.2430942356364,0.4458318485107024,5.490980671784999
3858,31.19487190246582,2019.8119621554442,13.21196123463019,91.17832620033904,141.91231644741526,1.185596847772337,20.566779865579026,17412.752165348764,131.34057176647707,,3.8091224620750483,2720.7255369658496,0.3407928387436915,32.41195832783837
3859,29.695819854736328,2351.8837692977163,4.825177940431027,184.61208235599267,280.06541810558673,1.8669272830905264,32.922586804283206,50167.236375875225,414.92151173065724,,4.409027822925402,2165.0266558484614,0.6400217886581384,0.0
3887,30.563671112060547,1970.2037162140414,22.61515071059468,47.086713289632776,78.33833722703419,1.308272680701511,24.965205423182113,6462.157838643342,88.00797066225404,,3.5849127506434226,2526.8561286709487,0.41958875565833936,7.2675230324223135
3888,31.802492141723633,2527.7781808728873,8.21750825681643,119.29683161981649,180.24133662597492,1.8232864495856886,18.83659390119578,26059.93690533391,152.78097880044967,,4.314450535047998,2281.0872326111885,0.5681256181551522,0.0
3889,31.29706573486328,2570.631917727058,15.170560153301642,65.87568257616859,98.446364815535,1.8188553115622044,21.01680782282596,10693.446180512572,93.10627485827614,,4.46238050598666,2355.6482782571024,0.5389016415030674,0.0
3890,31.288753509521484,1678.3778611004327,30.863115768923745,38.427089615486054,64.53342578672006,1.000685215355152,19.927914821330805,4764.158870118341,57.87074754928937,,3.2093900854761097,2646.1861113958776,0.3023006322212623,17.697050274678865
3899,29.30756950378418,2520.730277720518,21.273496285555847,42.52830947040197,63.751705979321116,1.9701277523217493,38.960718320308274,5546.859621344612,111.77155165947492,,4.675036787014448,2254.487368448285,0.6113323242196698,0.0
3900,30.870769500732422,2861.6190670736605,8.184954370229134,110.50032460545599,158.04418278038733,2.2372628263704626,23.4573910995464,23231.396992658334,166.82868929194836,,4.980491317702996,2170.3941772102035,0.7515055324802905,0.0
3901,29.61903953552246,2845.2279663238837,21.020439501951845,45.20203966576379,65.24448503272703,2.117396772562813,34.778597241733316,6078.088841745001,102.11002502388797,,5.108920308321572,2375.6912881050353,0.5908237042087391,0.0
3912,30.253488540649414,1818.393283729908,17.24599897816993,64.77255925954161,106.26050765177794,1.1510479289524558,26.509673989929265,10425.972646443568,126.76191371338577,,3.5250734076084687,2593.7952918845413,0.35638949736207404,20.804552542227686
3918,26.551437377929688,2034.6563126548463,18.535475993542956,45.054540577486115,72.93652907204523,1.7227955986449646,inf,6048.362943856415,,,4.259087894585855,2239.8311943577196,0.6027789847726562,0.0
3919,29.4483585357666,2140.105700288513,7.166612013024809,120.94154251974084,193.1066704494322,1.7459460882368167,36.330510286821884,26600.711361663707,315.70487447476586,,4.026574678503098,2127.5246350518983,0.6469726901877649,0.0
3920,30.107810974121094,2157.078232848582,7.582198841503307,108.18027005576522,170.25062576501574,1.8595491757581781,28.45533489474485,22503.604553693698,218.00423574825297,,4.019722670367533,1961.4773354283793,0.7870433990001724,0.0
3929,34.72484588623047,1872.9575551978203,21.338917012204565,56.44511342598578,89.3460584010929,1.099548051283984,11.059621355222422,8481.438568116018,44.46601089739545,,3.279469952942898,2444.17310513486,0.3714105495552752,13.78575608905602
3942,31.354774475097656,3597.8001062342996,25.722837074183158,49.23705177308925,59.954958033387285,2.0086817104487658,20.308313150462332,6909.8410312591195,54.79128281991852,,6.468267247289176,2918.5400722843174,0.5354465030710996,0.0
3944,31.359140396118164,3241.312239200117,10.897001321990475,96.91922642208796,126.39262856954076,2.1701458797728663,20.478986187218588,19082.923280055482,116.47768025888438,,5.731876493648178,2456.327891069897,0.6352213320252853,0.0
3945,29.366939544677734,3141.068468935153,3.971249925292092,244.32588097596172,324.0919523530065,2.289104991374661,37.71808300545736,76380.80052264206,550.0857222113143,,5.886738742201352,2396.490537317168,0.7304190921776754,0.0
3953,29.93272590637207,3427.1270673721565,23.545325305397004,43.61437153199923,53.991792238451666,2.359830963784323,30.005666901878005,5760.688922027643,72.90268800040722,,6.475414147654135,2456.6932687520034,0.6991796203326454,0.0
3959,30.347375869750977,2410.8420384083042,18.22502482710018,46.02262712103952,71.61349345027685,2.032423572603889,27.098104176714237,6244.348088634884,87.326545768832,,4.267250913803031,2042.4622727082653,0.7768243911831764,0.0
3960,29.605945587158203,2294.483278714587,25.55510412332265,34.44723675073756,55.244960162830594,1.8430531285292326,34.90893846046964,4043.538481118451,86.78443115589076,,4.130809497781272,2199.1063283846106,0.6167988785897436,0.0
3961,30.100311279296875,2511.9384100194184,10.416268585278813,86.26811139108106,130.94996465599297,1.9766579740580876,29.1841345199621,16025.272800391278,171.97476227571514,,4.498329318421045,2199.0516086657153,0.6614401961449962,0.0
3963,28.563344955444336,2103.5519288243527,17.259527995601786,42.69706171128947,71.65142084411009,2.018419047573968,58.24000953895075,5579.907241116544,187.7840745048156,,3.9056192089748265,1904.2339903586137,0.8720463724147283,0.0
3974,32.03746795654297,1737.7381930446375,14.192748079772329,72.31038817283896,125.80655117258719,1.1972977366823903,17.491292377930282,12297.902201330027,99.02336263284465,,3.0861134510171273,2310.4413540015266,0.45017090924965447,5.139339724171072
3978,30.84260368347168,3121.296709849836,30.71394176903823,33.59487707871556,44.4046691636232,2.1390032469406774,23.15516668173349,3894.391245144916,46.26888821689169,,5.633139640328832,2428.432434702526,0.6413841249864437,0.0
3979,31.677650451660156,2725.048907495255,29.66780085820638,35.66977426368572,52.03122647472494,1.8208475544831861,19.365045735926074,4260.695887875565,45.341418617071916,,4.656233207083667,2474.5240809371467,0.4905878411069998,0.0
3982,,,,,,,,,,,,,,
3985,30.07404899597168,2550.4191110917686,15.006994316278755,62.09083453976336,91.03198171077203,1.9354205190712033,28.980251561868435,9785.23457729964,118.71583785691111,,4.696612254584185,2246.995237650764,0.6314135653447471,0.0
3997,31.882543563842773,4088.5168226276896,107.44639439626444,23.224854719765364,26.621882564827228,1.1585264109547548,18.15381191893082,2238.5124010688432,21.74798920543817,,7.216084748934311,5676.341163010083,0.10109268070847405,28.58486950881679
3998,29.206298828125,4708.303533295652,128.01993388420718,20.752746472104,22.364705026085026,1.2531304298501613,40.33962615016102,1890.790303366832,40.598272786990364,,8.915597653188685,6574.74366294064,0.07739117506604962,30.73539833647765
4006,28.0095157623291,2297.915303285598,15.289078436431923,50.90555571728329,81.30133252239725,2.0877213283340885,89.91148889198216,7264.032355024117,328.94657351958904,,4.3669253164854425,2041.3830265277281,0.7906691994448157,0.0
4008,28.2812557220459,1878.7654783985538,7.550562469044986,95.30860953136619,166.01809566568235,1.8460613725949828,70.28373371452699,18609.221110072016,525.0767232401859,,3.5884257500468233,1856.0420268275118,0.8466413447708917,0.0
4011,25.08832359313965,2001.1980038636073,8.020474649224438,102.48513859672862,165.70753334908753,1.7215280365409773,inf,20750.154506000286,,,4.4582943748693395,2311.5531877053672,0.5832198584067396,0.0
4023,30.374866485595703,2790.5998429218416,5.070339731712465,207.55419608713305,290.375107758674,1.8750549089644917,26.372085687664278,59803.592348306054,344.6008750519424,,5.102140959909247,2512.354826560467,0.5007172917067771,0.0
4024,30.55565643310547,2057.889348418747,31.462301268838544,41.10442800446849,64.56346621303041,1.1251953455574035,24.51556043926881,5270.634607177475,71.22643011514066,,3.8816347216916656,3007.424605748419,0.301454162190113,19.836163555315565
4028,33.858097076416016,1576.3076510571213,22.236714587241252,30.955200695261222,54.680753069497406,1.6192792092489676,12.617717367873993,3444.5336499127698,31.047582946204198,,2.7564051479342444,1447.4564519088592,1.2778134471901956,0.0
4029,24.926830291748047,2471.5447195292313,13.679290107307894,62.111204571383134,91.45652191410846,2.0569321346515363,inf,9790.050309438504,,,5.473545943779348,2420.3241266669957,0.6124789930853248,0.0
4050,26.494873046875,2398.582287700156,9.323359303486132,92.01707690053462,137.16713426692058,1.976964041699156,inf,17653.574110084584,,,5.031904018723372,2305.2588472372845,0.6295202375828025,0.0
4054,33.56220245361328,2602.775819005325,30.9299124931208,48.77170067255627,66.82011503182156,1.2200431036961508,13.158633423672958,6812.113028158496,39.56676295641295,,4.602186565309378,3190.606254109764,0.2587343035323338,27.420260380574742
4068,24.497806549072266,2168.3208015332702,5.030404662816886,162.73284909372248,259.4912248986244,1.8729681306047998,inf,41518.6130952592,,,4.811826946235989,2389.55020494119,0.5439484848443531,0.0
4088,26.964229583740234,1914.7948276277368,32.37704035699749,22.871484097605894,39.169745206189845,1.8284191236251153,inf,2187.618135557774,,,3.8501411837053916,1987.1754621268688,0.8122503377653016,0.0
4089,24.3009090423584,1744.4354042908597,41.094574187692224,35.753613455650296,60.86971581238037,0.8395285487855815,inf,4275.726391709517,,,4.07316509201491,4215.892694773434,0.13429871788352515,48.32493666203279
4090,30.231077194213867,1972.071895631955,27.067059529170635,52.343950210253006,83.3686015105386,0.9842381026787607,26.861506195102248,7574.077366070033,100.77327926785544,,3.783744607012734,3312.702750547627,0.21492013951814437,40.49335323327365
4093,28.81704330444336,2667.3443247775595,10.89622811170298,86.98489714907063,123.66055542558436,1.9899586091037758,48.77856242622233,16225.413635326351,271.4392855119687,,5.149658329049631,2364.823193693483,0.5625016692679462,0.0
4100,29.354751586914062,2664.4330200780764,6.5559604908341,125.36774741732536,185.69379839035503,2.2922799676026813,38.52551148593779,28074.28662838447,321.9276853239768,,4.857243504975629,2063.5899057165266,0.8050630152444873,0.0
4110,25.62041473388672,2245.095828246437,14.204217002930648,56.367294339734656,89.91621139797658,1.9827839626647155,inf,8463.904979624742,,,4.693534564387059,2264.0764331184973,0.6014093782964717,0.0
4111,27.572914123535156,1895.7284272028849,11.042956762718633,64.42623026680302,109.20507763495812,1.8841394048766575,155.1386192410441,10342.465393180255,762.3866231279293,,3.7916519361576175,1853.966008227738,0.8323878091256608,0.0
4114,32.49801254272461,2170.492470318556,15.1093015174187,76.5049837190907,119.85178212954234,1.3277281732478325,16.08795174665484,13383.342312150064,86.76763594427999,,3.7819662635815274,2578.6839601688803,0.41060266740159745,12.81885598388466
4115,30.97787094116211,2528.0595532732495,5.473645372124434,168.8671580449646,250.69837947990402,1.9339731986522577,22.50705375486728,43888.20181982327,253.91168564455418,,4.495866601785739,2180.2148247756745,0.6857905294667072,0.0
4116,26.201629638671875,1886.75933164997,33.90437224900074,22.286799159666746,39.01560969859539,1.7656235048489046,inf,2104.270393097981,,,3.8396544432278876,2099.8039241353367,0.6367979038190538,0.0
4127,33.27240753173828,1732.366891953549,2.8453369514312,357.5514145082185,617.278466605164,1.2040725978313562,13.983116948863806,135219.0082742967,388.41646448498983,,3.00255957993568,2202.86515118193,0.4700871713692141,8.036008238120514
4130,31.527864456176758,1803.7598094329214,17.071311880387054,66.89663697258172,116.84021363915137,1.1168440272295532,19.707128518615836,10943.000620898072,103.61632978481789,,3.1772974536881073,2641.9423918803236,0.35358118081454987,21.934013888558514
4140,31.985837936401367,2220.098182249926,9.423997551126496,144.6265552476132,217.2477682214028,1.1517917849190702,17.427163232447707,34785.805068676345,170.37055434057086,,4.0460113166123595,3030.254130356816,0.28317995796617024,74.57070383818302
4141,31.420429229736328,2304.043532988412,15.270682638135922,90.44574665381892,132.7348131955846,1.1795845694119955,19.59796169274021,17203.318035479937,117.05993029350427,,4.286822117511803,3111.7792851917725,0.27960883786977403,48.24796000617497
4153,28.834821701049805,2728.8385762336015,17.984812430710758,53.05799129230545,78.4447653268045,2.0221163052209317,49.72320333181602,7729.585435990458,175.5236257497581,,5.00561116462142,2449.3325412346153,0.551620870885122,0.0
4159,31.79469871520996,2813.0080047475017,4.9593363250613125,206.7002093288936,288.34121380323415,1.9404010103373432,18.585182042532555,59434.87728157276,241.14932770040582,,4.93056243086483,2350.137907835497,0.5810528491163081,0.0
4172,28.54617691040039,1999.0650795740669,5.487566278608663,151.2968805235073,254.20727142537797,1.7025590463112128,58.07612377106538,37219.87894204081,664.3517831462278,,3.804825075648414,2117.0154008636473,0.652354275723408,0.0
4175,31.474077224731445,2330.3279955105772,8.3646200429836,112.30916193518141,174.75222864793955,1.7540446731576704,20.08678411062666,23804.155324187523,157.9594630365913,,4.059970233189461,2192.232686530118,0.6372863729548813,0.0
4202,25.135316848754883,962.3633500185201,20.11749410173023,39.894372871957465,90.62562181504592,0.8478881239285788,inf,5039.6161543405615,,,2.196722749172747,2219.735914770439,0.48735023759472296,0.0
4208,27.701717376708984,2026.0639417090565,5.755824648797057,145.19643440147144,243.62782195559555,1.7142519153354516,128.34586644825762,34991.609809031346,1407.0880754906739,,3.942862199981326,2197.2712387856905,0.6174047569002945,0.0
4209,26.851381301879883,2589.3476818395466,9.64678585016215,93.27493852221103,134.11113114318928,2.0348282657639953,inf,18016.79150749131,,,5.353683995401772,2391.0138768532606,0.6135870949425619,0.0
4212,30.269989013671875,2999.802168586556,24.099296076571665,41.79366502780755,56.21710820999755,2.10602150734857,27.167848189104284,5403.755393495971,68.72840376658476,,5.51923626941042,2407.699208641575,0.6386063131535463,0.0
4213,29.556791305541992,2830.873009458075,9.735697913688583,91.02551838418273,132.03252934916011,2.258786269760776,35.67322690737566,17368.99687384593,211.95118703822962,,5.080772704076062,2223.0134141346225,0.8007539453290861,0.0
4218,28.990232467651367,2435.9154607400874,5.53839901101842,162.3337768231856,252.63687885368904,1.9158172531146453,45.6983460651588,41365.98166520124,519.5289383404867,,4.470867189595326,2289.2306325311647,0.5849539984163984,0.0
4219,28.19647979736328,2285.284189572421,21.106720264271587,40.706658819600506,65.60110313744063,1.880784364481231,76.1349718020852,5194.3137840694435,224.75421618996265,,4.2895513638184735,2247.8255643799557,0.5998623935566941,0.0
4220,32.7548713684082,2125.6312480788856,6.309811562431981,190.22583303794346,290.1005835552146,1.2522384763074743,15.04774054902062,52472.799810365264,196.4411241506256,,3.81783221372132,2602.8267174148436,0.3780721483467615,46.40815569807285
4223,28.733556747436523,2047.5008337343709,28.985174005273013,40.98365329091306,66.48877935358522,1.2187721135324339,51.12173594800116,5247.422087430701,152.95598197285022,,3.9641751318224423,2971.4840312878327,0.3163946126282237,19.28517079753055
4224,30.815874099731445,2353.399989583631,20.59012380760083,49.04984405874212,73.63064218372939,1.6477228347237742,23.132116256840106,6870.469913774217,76.64546587769205,,4.3102749103862745,2359.901601437293,0.4989358304964406,0.0
4228,27.531261444091797,2348.8726889253894,3.8653985022172357,204.80117742465706,326.5452645725322,2.0980592915146308,171.75642792561527,58617.68588799877,2523.8811689551385,,4.493083233833881,2120.793637774042,0.7569992274308739,0.0
4239,32.49879837036133,3241.5904045957727,12.76210514964987,90.74657692188303,119.3465198880293,1.9792040450490103,16.322843946892405,17289.2189198207,87.66335788816468,,5.505331675693672,2621.5864030565417,0.477956491950768,0.43773366470773645
4251,28.067821502685547,1981.145399150238,10.614478771832042,76.00995878445092,126.49098268308849,1.736329654341666,83.41247727928742,13253.657433786306,474.7916798589535,,3.8840114979364175,2072.6026990879723,0.6686683941205122,0.0
4252,27.589752197265625,1988.581255223554,6.140673224707123,136.92365012077278,227.2512272302393,1.6723758534725965,150.95374633417325,32044.071918214475,1543.6990849249398,,3.9638762429208128,2193.347192531014,0.6136628501788608,0.0
4266,25.953779220581055,2232.1872276340096,17.41251417442249,48.64262838028098,74.93493718668617,1.8635330706173203,inf,6785.088963584741,,,4.788078290465772,2315.9332618222534,0.5933946463476019,0.0
4270,23.687559127807617,860.0153786446095,28.670434552684387,18.0913890171267,40.16963296124819,1.1724248951305594,inf,1538.9973220712573,,,2.2462524612336052,1449.743815433179,0.6717179542720106,0.0
4271,31.309642791748047,2271.6368308126935,17.86059664004414,63.720449684106185,94.19134859368779,1.4113967368648888,20.102348357367276,10172.981241714408,85.20602857562379,,4.239373707534946,2572.460137525574,0.4283082868316797,7.976225005057937
4272,31.734872817993164,2380.410129918567,6.875888615934346,144.5487158094161,214.22204335304352,1.6935332250468804,18.57406564601373,34757.725752698716,179.0538433228183,,4.276467149531895,2252.703582650338,0.6006676175865254,0.0
4283,26.075063705444336,2279.695129799454,14.401768760753294,57.59977251307028,89.81566943575147,1.9432343193659019,inf,8743.013479752495,,,4.75977697335011,2287.8188915401365,0.5939823319501234,0.0
4288,30.9393310546875,2713.418373827539,11.100645982320048,88.31416268866924,126.23989661069882,1.9571456884558334,22.6947631458015,16598.755554726642,128.92430489086254,,4.842896450266971,2311.6844457463626,0.6212918156870101,0.0
4289,30.44615364074707,2697.19487784833,8.123002918337518,122.72203686690231,173.73617128159984,1.9131902736924349,25.750748162733853,27190.28926682782,201.32263770435318,,4.946515732087537,2367.792488650106,0.5755872308602898,0.0
4308,31.640640258789062,2182.8416646876794,5.9591994575555765,218.74578341682906,331.8177144119026,1.184076126563495,18.734569568037582,64705.25171348411,279.74079245506573,,4.011598511856796,2928.6769193536174,0.31433663537980555,93.75033061618363
4309,31.431425094604492,2112.694085831992,8.290659380531737,151.90500821919107,237.3103043048925,1.1862069208409278,19.764635543945644,37444.50850802739,211.0658253934066,,3.8549985224083714,2867.752550487329,0.32783444335912937,60.037751841085104
4315,28.941862106323242,1802.7981240275403,14.218388751493052,66.84621946961894,117.21151311867075,1.3412349594847057,46.008461827686325,10930.63195427315,242.67246421885733,,3.418936286608411,2380.904735011456,0.46127392282454666,3.2988783631711205
4316,28.41166114807129,1945.9797690622117,4.072955610146489,256.1548703510187,424.2420238153829,1.3188974498859247,62.60489540423058,81994.34901024266,1195.1832387168513,,3.8248715976810823,2629.6432103908496,0.3948429147022247,60.06527784918596
4319,26.14044189453125,1958.328711852622,7.458011940843268,130.30486841647945,215.53137064000973,1.4249081717327268,inf,29748.90321006447,,,4.149170617642196,2648.146855548008,0.4260869234649922,20.534541478716335
4322,30.026025772094727,2974.6376679546793,13.51597694356776,72.72351419503126,101.05922687213358,2.1399162468760142,29.835374643643327,12403.443741539679,135.68129527171737,,5.359084019461474,2405.6369851749314,0.6356496199624975,0.0
4324,25.82990074157715,1865.2977077132487,6.059156303699599,111.10188386279289,196.10758097431443,1.959293870781083,inf,23421.36111266858,,,3.837062112709874,1898.4952587040177,0.8569372778536016,0.0
4329,29.665374755859375,2409.4288408817347,31.608708324751532,27.08836242033405,40.512742531997965,1.98980082430327,33.25714977886798,2819.7079100148335,60.630225585271724,,4.530929847936674,2080.3973000297874,0.7325122992317757,0.0
4332,28.19950294494629,2291.069282962955,18.647518959633597,47.125025287196415,75.71921344884694,1.8435315359839155,75.86898907640212,6470.046322833401,258.5133080110948,,4.307341683062781,2296.5833042646796,0.5706180166685173,0.0
4342,30.724828720092773,1145.6865112040991,56.275916267491745,16.95627814572901,34.6945399502095,0.8489804612205767,23.02649125684879,1396.4512967369706,35.950208437075055,,2.212276422370198,2172.44736076204,0.4952405697935049,0.0
4343,32.27587890625,1491.0767415527528,99.09456775982984,11.063726882178209,20.510083752346674,0.9616869088515422,16.57862925670368,736.0073732904639,15.301308354934383,,2.665212197156888,2433.6580644970063,0.45906695724737173,0.5414834103424767
4347,27.37624740600586,2304.303912882692,9.960192934276586,94.2876704043174,140.39663271441722,1.735010481667352,231.94817432860617,18311.01228862398,1465.413418799682,,4.790218757143228,2418.812536838553,0.49810192774757295,0.0
4356,26.33866310119629,1700.6250266228806,19.00797321752136,43.95495259029961,81.50144436520412,1.4392954111607916,inf,5828.297604500675,,,3.425050459202684,2317.892615876431,0.503519208298466,0.0
4357,29.459280014038086,2484.1825057350848,22.24936317184864,38.765620402236564,60.13613584210609,2.0365926751704047,37.125944601134606,4827.253474768387,100.46748815101512,,4.4637133148467525,2172.4046665235314,0.741459291136381,0.0
4358,30.171220779418945,2631.886581702983,9.901078453674788,87.98580415598248,129.55088584759451,2.1362745301713044,28.416136727869976,16506.268571069948,165.66010584578643,,4.736764314919694,2118.71128363607,0.764194449549745,0.0
4361,30.25637435913086,2308.802058273473,7.709306267323719,116.46322394106204,177.43641690727557,1.8183086124220162,27.18252473818509,25136.98626362149,217.04264064166233,,4.27668225172382,2139.404607898261,0.6375891397085597,0.0
4362,28.098299026489258,2196.796423071907,14.964573505934231,53.22364456768493,82.93185672564205,1.9503199394966126,80.44600922655462,7765.812684936956,300.2191610096837,,4.363716896238197,2027.5746256544767,0.7701765502529098,0.0
4368,29.328861236572266,2820.575855708265,10.679827909333953,88.1894385841978,126.55911812053475,2.1175903714703543,38.883502833151084,16563.604899277667,221.44778226004118,,5.162263729620403,2362.377738319453,0.6410144926825223,0.0
4385,31.895069122314453,2084.6036662776673,9.122443966557464,140.23465643677469,216.2031007707596,1.1522373267899113,17.694123974617884,33213.376450662676,172.14860109305806,,3.8296322858697986,2842.554720881782,0.3252784444844819,55.08992137678551
4398,26.88014793395996,2098.0638312790356,11.862354261420286,82.43136515043861,132.51472199993276,1.517191207062737,inf,14968.170933697736,,,4.305907358638607,2605.310007328862,0.42586459803776733,12.755478718163449
4399,30.077863693237305,2234.5039927679813,11.55220612844176,99.45900663377402,155.8741166730805,1.3751722194766165,28.95382115009006,19837.92169381979,203.09180832362895,,4.112029108978244,2771.28933743517,0.3698138684037304,29.32680854794169
4402,30.130191802978516,2339.0930906808303,25.048366335087465,66.98139403365052,96.84798820480896,0.9858229403247782,27.546810659542487,10963.804139573256,120.05339372259643,,4.553011032337268,3909.328108668377,0.17050959981267141,63.05114223980636
4405,33.325904846191406,1966.7545222081899,26.415023859715237,57.45392626668519,93.59206596288514,0.9163564468282521,13.907944617883427,8709.827719099027,58.57529715382945,,3.3857332736459766,3291.5584163303174,0.21507923381779,41.19720542962719
4406,29.19050407409668,1860.9550653473514,12.743045744476575,63.5980786819042,111.43572305000855,1.6236920009322426,41.142956790421955,10143.690486993179,206.3157812260168,,3.4491141206944067,2031.898493676398,0.6719023302765882,0.0
4409,,,,,,,,,,,,,,
4413,27.529993057250977,2061.1440969559376,8.369473180696858,94.30449129309801,152.10632998435963,1.8465575960637328,166.95364008443494,18315.91252483536,1142.7617461847883,,4.160862619604085,2050.526738966837,0.7687499277768423,0.0
4435,28.37883186340332,2426.3844405061486,10.286584415773184,79.10092838343913,124.28514552054754,2.108588528048202,66.2418433775087,14070.267905919716,370.47947146753444,,4.5067269291616645,2121.8007881831704,0.7393390938252696,0.0
4436,29.927433013916016,2730.678525120427,8.108863893722598,116.34326055434241,168.85400447538112,2.046700686904208,30.850937219094973,25098.15759437792,234.4186931068244,,4.931004628933208,2316.694682237768,0.6132428854186635,0.0
4446,31.344758987426758,2682.24562161172,14.189199686681755,71.06994454115637,104.91990198366194,1.8807872413873046,20.894210311422757,11982.817927098211,98.64983240552225,,4.607915347856566,2386.037694630633,0.5388163627035482,0.0
4450,28.084978103637695,2087.7975911982394,8.431250192320801,100.9323965590014,164.33634632083007,1.7348056666403033,82.29912782576686,20280.369980494965,608.6132087524869,,4.072947027731651,2190.339162913504,0.6243144238349642,0.0
4451,27.140474319458008,1980.5555560949813,10.279527118260452,93.5226059839027,158.62821132510152,1.4567408367759345,640.9136521498449,18088.59751162516,4575.014381446569,,3.929937529866308,2574.972934509097,0.44794230364865134,8.509431757197348
4453,36.647342681884766,1884.024678571652,15.583779224872385,71.56079618148048,112.37343873382127,1.194603103358135,8.84531906491194,12107.17281433974,44.72905140098925,,3.164084494852113,2153.4724914710923,0.5043871398212043,0.0
4454,36.62538146972656,2875.614848811363,148.75360764501266,9.66610083952088,13.017751438377458,1.4141546012103485,9.163200130892024,601.0449851286995,5.367791775782707,,4.560346448790544,2871.357817182576,0.4445628128025001,0.7261979520338236
4459,36.87709426879883,2508.425401995109,33.07867955566696,39.57174143244209,54.06754851270326,1.3550423373387983,8.661121733040048,4978.605787923774,21.07285287640071,,4.173604189982902,2519.8612864704705,0.40757956311860555,5.981535210240078
4461,30.37643814086914,3058.057799063527,6.1581223538543455,151.3263371429401,211.23277839907746,2.3204267218590147,27.02330753266062,37230.74921082728,256.86937492454797,,5.352877008794591,2280.6093468575937,0.7734577113062526,0.0
4463,29.738113403320312,2272.494713919334,21.84468414798653,36.12634770197182,58.127902679572315,2.036188858114501,33.19586760287923,4342.762529375154,86.83227726228593,,4.080970664209341,1961.7494468475993,0.8291483845821878,0.0
4464,27.987876892089844,2198.7538477632297,11.004896734951421,76.46839919332379,124.97828439471402,1.8475391256413687,91.93412125257397,13373.743629770253,517.039593816704,,4.177201990851246,2210.0733455546165,0.6120932890337135,0.0
4473,28.88753890991211,2329.673170634088,20.882330358822227,46.79623511895149,70.7758124187487,1.685738183225275,46.80286567014372,6402.452530423617,149.0629878598493,,4.513670850805432,2424.7499521604404,0.47614758799557544,0.4668996224514449
4474,29.46751594543457,2589.9676052432446,7.9449219395928745,122.68963598404827,178.64912783203,1.8788054952216917,36.115121657140264,27179.521870263976,290.33707435180946,,4.854415693099297,2395.6649213742467,0.5363990474515736,0.0
4482,32.621986389160156,2487.0090563567614,27.022911780858365,34.2083357337026,50.149499583530584,1.902384415852017,15.749604001182464,4001.546928495936,35.542564168413215,,4.311472915282832,2057.2116913967116,0.7317297339272308,0.0
4488,29.11589241027832,2483.5107216091433,14.88160257131923,56.4771205301825,85.69594271951047,2.0894346528012306,42.60272563523698,8488.653668365489,164.28963310795297,,4.611893145441265,2112.610218525788,0.7448421950003874,0.0
4490,29.790447235107422,2296.489932392946,9.437506764763869,92.44966917955365,142.27459207322173,1.8611737158911854,31.85082749536109,17778.21024271912,203.92035700936745,,4.282420033599473,2117.363378027676,0.7163601245600504,0.0
4500,33.363895416259766,2291.0001824614637,14.145426802373715,68.0234457521397,107.98456151221447,1.683586531266616,14.229826800377296,11220.64796036382,69.1470723345075,,3.7460094589651898,2145.824983294323,0.634955008686608,0.0
4501,26.75042724609375,1308.4286001375353,40.18494481841466,26.58690670254383,54.748389567378865,0.8659719858540674,inf,2741.7743742021707,,,2.6665129511696333,2878.248021316876,0.2522847496629111,19.69845365837757
4502,26.434799194335938,1449.2236408810998,30.289359377590007,45.57721230614235,86.39484434187482,0.7423053073570688,inf,6153.916982483053,,,3.0823291047593524,3692.7083372178095,0.16805603238290018,49.77683147479534
4509,31.817251205444336,2868.765642326216,8.169543669644982,128.10618177245115,176.27696857691947,1.9382606875436854,18.457574045372372,28999.140519064298,146.41403400010213,,5.044558835134113,2392.555953886067,0.5680907367162503,0.0
4512,30.082571029663086,2678.9515099522428,12.067626948606467,76.3818362276035,112.54071703535986,2.05512330478742,29.392212342922814,13351.041247385781,148.85192935476397,,4.78846968295633,2260.0219248591297,0.6657685729204679,0.0
4513,34.991310119628906,2793.051065132684,20.273562761619555,81.55491574332545,107.62793562363596,1.1944931370944103,10.803449087574304,14730.083568019218,52.323881530980415,,4.771484401658057,3367.2203423706414,0.21959120190137724,53.75080616977798
4514,32.11688232421875,2959.974905288538,20.44217858471986,47.984185753316844,68.44970775080573,2.1337705838454295,17.900268851998177,6647.788442361516,55.137067721105666,,4.901538098345776,2290.3698919158983,0.7000585060582751,0.0
4515,27.367706298828125,2336.9309093907127,9.431659738174645,97.92825810660864,146.62512769763904,1.7891004331952842,239.04435335046202,19381.70772028868,1577.245897593497,,4.798824459837761,2396.7127210574345,0.5527785774261178,0.0
4517,29.659046173095703,2497.3080856650113,17.333679991947324,51.95226221983096,78.26794300756768,1.9609290828052333,33.819998488077424,7489.221762672049,119.1159771381391,,4.5801532803726,2220.205362415528,0.6403062559752637,0.0
4518,27.72797203063965,1956.273528264444,9.926065910844601,72.95433276722973,126.28963300641449,1.9102329671250318,124.6869635532845,12462.54186878615,708.6001890522815,,3.7521079134850064,1917.1689789015475,0.8271263812342393,0.0
4526,26.218666076660156,2051.7787111310613,12.918624046426915,78.30690282675442,125.97820855110726,1.4341653137233603,inf,13858.941656672696,,,4.354438361807815,2741.981851651576,0.39503744547310626,19.698835629632068
4527,30.483448028564453,2445.8352264293667,16.906391318768545,53.94004346110416,81.01067555153415,1.8964875184732082,25.62400253118696,7923.132772776949,93.41179899235546,,4.435197643083262,2176.267212298786,0.6516545890832965,0.0
4552,28.312965393066406,2265.4767944614327,31.393988289996518,41.13927205186868,61.60493701210175,1.2403422160883177,66.36537386774185,5277.337868798536,183.9795604608069,,4.5789449772760635,3219.84813054465,0.25568555077137756,27.707474517400552
4566,26.678226470947266,2080.4578719397605,6.877273366543928,123.64243078363909,201.03163793124307,1.7300557809227688,inf,27496.745726048204,,,4.269158314018693,2290.7691407405987,0.5817933511920222,0.0
4567,27.222686767578125,1916.09461763371,3.347768043040196,235.11044948163013,411.4372972076967,1.7213717127965407,407.70877152667083,72100.43639139361,7548.596775216169,,3.7361061833718785,2120.0400930069604,0.6621429864652392,0.0
4577,30.319307327270508,2096.046422730889,8.234703069361311,133.71068116318682,213.52817158432617,1.3460830456040487,26.648149303617384,30922.82392180581,256.05587686083993,,3.880272509001556,2616.781200490165,0.40208461016309055,26.932507295295384
4596,30.371837615966797,1689.138841462249,14.590077486640455,75.4499353830857,130.96526670559106,1.0850103479697204,25.868093436468357,13107.45284319324,152.45197902325026,,3.1996768896948535,2575.71905583479,0.3557717928801798,24.55223806472563
4597,28.6126708984375,3135.0335780796013,17.426475228881845,57.474801072368926,74.74344939630807,2.213299412935049,54.697835814625314,8714.574978864668,183.97372154841065,,6.142984813265014,2503.4016212592896,0.6762553880777825,0.0
4601,30.36236000061035,1859.0803227768142,22.79588117715386,55.18938977235184,94.67007364265707,1.0448914599770112,26.481545069247733,8199.991153102204,112.81544198446613,,3.397701891998299,3005.899605675927,0.26122789538073654,34.585177890208726
4610,32.28892517089844,2288.2482897078617,15.873964429246115,91.226714447329,133.15386920989474,1.1173280762956468,16.303804834787734,17426.6153996154,97.69116134677387,,4.191901456857743,3167.882605673355,0.25412356442637646,54.35835575412934
4614,28.435123443603516,2259.747817668458,7.5591139980644,120.25630496694843,181.5086107610204,1.7577869157593966,60.94794237294713,26374.95812784853,497.81593569853635,,4.519296018628419,2265.910603488822,0.5882015502936199,0.0
4615,31.995685577392578,2687.7416311331867,9.307520912347984,114.6277303479907,162.61132810522585,1.7813481471311126,17.77840438413608,24545.08473552307,130.0936476823262,,4.712609361929135,2423.934683311304,0.514691332267587,0.0
4638,31.436681747436523,2765.216979081445,13.485783683691352,130.10767041707953,185.7119825162069,1.1143846646301925,20.247368466924392,29681.397626341284,169.20805224278976,,4.826283225406004,4097.208098224404,0.17775664732858037,118.9307854767743
4643,27.33824348449707,2039.1009339906036,13.409393710620618,57.43230798012151,93.97890161342022,1.872226181987563,262.9513827651291,8704.912289019332,1112.034695849859,,4.105719453166556,2024.1502189315893,0.7312341985598348,0.0
4650,35.759490966796875,3828.1555030544837,24.94909127038621,88.044669517705,101.60753222208747,1.2323009226088772,9.995767262732823,16522.836186333494,45.70403599046756,,6.268443519547673,4449.1639897221,0.14279226702499812,81.06496624491756
4651,28.508590698242188,2283.396479209997,17.237730927507886,50.998508896345015,81.34433663230534,1.8366599403424118,60.01731859951258,7283.937541147797,219.6931035567182,,4.288685154997152,2262.922607432162,0.6220045367090082,0.0
4671,30.031187057495117,2140.0383315707777,12.810300352094714,110.84523687464697,172.31776404929354,1.0656883209753194,28.904583855273554,23340.252464631674,224.13479673222216,,4.0626061547248495,3372.0275137606423,0.22331335189847873,83.6848070923916
4684,29.225317001342773,2587.9735743233077,6.8488308897687515,136.5593617009466,201.0509461841648,1.956621938248164,40.287897134012304,31916.27606327149,364.4963927353563,,4.835521691955423,2330.0981885092456,0.6208469340477223,0.0
4685,30.755374908447266,2769.511957278143,16.57399744697248,55.681794011575846,78.84499404271378,2.1220116297525666,23.815334434770385,8309.9770562745,84.49739557356183,,4.965791475597964,2188.861005295946,0.7062100920492342,0.0
4686,31.71135711669922,2962.278977223789,15.753361768846993,74.21121065867924,99.76091253390813,1.791711971768571,18.79293836932544,12785.987353819448,84.36603064128305,,5.262833027143037,2669.453786823531,0.43457411756768577,8.217534055463133
4695,28.113195419311523,1887.7008117101648,20.235642046666587,39.084371779645146,68.87154068171857,1.687710842727045,81.53871842699951,4886.9140326796,252.70637234761313,,3.575172016102968,2067.407390148273,0.6729951517564737,0.0
4711,30.66460418701172,2320.7019891837167,17.590900326869875,43.711144293138574,69.74019459047362,2.1341460305193194,24.8397369974611,5779.872514818136,77.95476413006057,,4.045058302818024,1861.2092105729425,0.9366935876857476,0.0
4716,32.18915939331055,1728.4416625533722,11.404705399172835,91.75813308578353,156.8388481777508,1.167914601564888,16.784543057444438,17579.108590094707,118.46107801437522,,3.119669362048586,2318.795875496124,0.4439416839402455,7.7858982225498234
4717,34.50260925292969,1705.2012112988882,32.98258589849245,19.524546471188582,30.980715878173257,1.8723842438895655,11.099567990205516,1725.4462205191257,15.474265302376065,,3.139111006462765,1281.1575326239176,1.457832177666663,0.0
4719,31.329143524169922,2745.6672515675004,7.332907593648276,129.71814664437906,188.54321928321812,2.0410608790730294,20.922937560183275,29548.20464658864,177.5195102006422,,4.7373478904501525,2246.6775203887037,0.6864159366453395,0.0
4723,27.818132400512695,2077.464962897341,14.246714387924454,55.68082913158382,91.02679037641263,1.851817989315677,109.23750926718235,8309.761058496344,447.4592935787358,,4.082092014779558,2061.6334633543397,0.7247746166773569,0.0
4732,31.048385620117188,1753.6466382223236,15.72555660613422,69.61915152427034,125.38960818855281,1.1326411524543505,22.247109495652023,11617.77830283055,125.53003543444377,,3.0801739243728377,2592.3685995422375,0.37129356864413077,19.86375473796513
4737,37.1641960144043,4086.37739088759,50.93586526181433,29.314475563224285,35.762438242261,1.9351634723684972,9.071788823017485,3174.3381546764163,14.599317938849838,,5.92653244340441,3076.79712014867,0.3961020964687957,5.532390952822939
4753,30.131017684936523,2636.855837335398,15.419402569616848,56.21708460572603,84.20154745512855,2.1509757891975436,29.078817170083873,8430.095119817222,110.18166317486208,,4.666508112957535,2132.6200327931547,0.7796742178734838,0.0
4758,30.79230499267578,2782.515278398351,11.789888530239823,79.03335043601831,111.57866999266913,2.111555338173298,23.575282011605378,14052.240872605194,118.37243752006614,,4.986842896993895,2206.844561079326,0.7052536144481201,0.0
4761,36.20103454589844,3214.9164890459933,17.51279292379678,69.49426023862551,91.67172407960864,1.8678859248919628,9.775745364485443,11586.5302558044,40.32717442765302,,4.972516291997168,2504.5598769286175,0.49368034035075076,0.0
4766,24.61682891845703,2360.773958586714,23.60166539152243,36.972530609453365,57.680128301691376,1.913011505077527,inf,4496.232509525314,,,5.108594537739298,2565.7143330880417,0.5335304067339962,0.0
4767,31.514986038208008,549.9377168775923,64.14683256179995,4.536355065933189,12.782602383851902,1.336337795989232,18.499809742156888,193.23711975876137,10.641407044990556,,1.0878280529421704,630.3809153824927,4.636931618757003,0.0
4768,30.784589767456055,753.8494704143052,65.23178271871565,5.737840393202131,13.71075479366294,1.424170301868094,21.97312645471518,274.88604382144365,13.557066699183663,,1.5339290006525768,824.7252877794485,2.7795552438613234,0.0
4769,33.9051513671875,674.4704625501628,32.79364613095519,10.733936837827226,27.833999694750272,1.35487489580809,12.244894668172392,703.3452337597942,15.337097750527182,,1.2267531065508086,722.3512026671079,3.3325307282843926,0.0
4773,33.3952522277832,4220.8929188456905,48.23314946481212,53.600147365609445,59.019709349172196,1.1544569222162988,13.68083024754531,7848.361004184146,36.334738118946944,,7.324360177878924,5565.563377438475,0.09454027879259388,64.17916747685746
4774,29.4361629486084,2073.574265425332,4.94405269961771,172.7727377317946,290.93997413484243,1.7165098110844816,37.30128361715084,45419.54907909534,488.3595520846628,,3.759545182987459,2142.8520740001222,0.6554287733194225,0.0
4775,25.833637237548828,1866.5618041621362,8.473711792088695,79.64387318383696,140.12870827319247,1.9556958574338283,inf,14215.382629779977,,,3.850220900717746,1899.890529486179,0.8489458924706886,0.0
4778,37.07078170776367,874.3542639871182,104.16426412301227,4.436187839446409,10.07708495056155,1.337961933328384,8.406329991032303,186.8722807625985,3.8120085648938624,,1.4754713663868542,876.1990515230408,2.4067649934115347,0.0
4779,31.938291549682617,1048.9089281374684,57.59967884386447,9.612883698815189,20.032535233921255,1.339519481572878,17.123090323463952,596.0882041074811,15.435850959828349,,2.0073012345499848,1199.6418982550317,1.648720785906667,0.0
4781,32.11564636230469,1805.7941391522672,25.37334193619189,23.957566327766536,37.58878690697893,2.1005492568609214,16.416037326268928,2345.276459811476,27.76765180113607,,3.4809298447079,1301.4268310315433,1.5122572832339831,0.0
4782,31.41494369506836,2450.856952041367,18.47571332313982,50.125510440287805,74.87417218636892,1.8712979541995125,20.174400368931174,7097.709298355392,67.97436871410439,,4.344508432142364,2145.565646991603,0.6696821919596221,0.0
4783,22.143184661865234,1892.253865974038,4.605055302794298,199.30464475933294,327.1964293301025,1.4578476238342462,inf,56273.78482472626,,,4.803222031700891,2882.40721937197,0.36761473728238814,78.15480937950561
4784,32.1778678894043,2320.43508629381,13.294815424058816,119.683452170254,176.38911254708006,1.0311883692077555,16.81188383315175,26186.723162292346,133.4444971308408,,4.193467897673271,3524.923468537587,0.2048052714315229,91.9473817083193
4796,28.54496192932129,1736.3433804062163,14.626119490811904,46.47301696168065,84.3102790701192,1.8063031260886306,58.33062882676189,6336.235296271874,221.3042217623925,,3.284235580300755,1739.4778238145109,0.9393049831162495,0.0
4813,34.52919006347656,2553.6352338366764,30.151403367620016,43.674743679514314,61.67570173848234,1.3712163040254104,11.613386527577584,5772.654203472735,32.23186936418628,,4.313522505898061,2748.9175298512196,0.3906799985617073,8.918905915338375
4816,29.438190460205078,2076.067357959965,38.34127110869706,16.62787369740203,25.710808543588147,2.3026250156052366,35.50919683491112,1356.0792516053516,41.08365726115437,,4.096549076079072,1523.6598526786543,1.1642886535105283,0.0
4818,28.595561981201172,2125.8903324034095,9.28193985357237,123.49129106099313,192.62725530671662,1.311447103295256,54.89532131756754,27446.343365594177,475.84507835624964,,4.2196928649809,2846.3658779305424,0.35272759814475646,43.78027484999734
4819,25.89533042907715,2105.94445333041,15.689854317566244,52.127959777812414,83.27557100192108,1.8207162801071384,inf,7527.245608075481,,,4.494187740334419,2250.3058360280734,0.5951429133152786,0.0
4824,28.787803649902344,3210.8892520140716,3.8040751843637293,260.10305607512805,334.8755114710472,2.294646456030291,49.39530647041054,83897.33740033253,744.3575333346536,,6.244591724672224,2462.0101766575203,0.6914750594427397,0.0
4825,26.010005950927734,2557.7425431827596,21.174001986383175,41.687122305121314,60.2113224024474,2.048976433797949,inf,5383.105239888342,,,5.455579498251444,2413.660451417259,0.589571472481493,0.0
4830,29.234560012817383,1640.7280392878977,10.985764612477269,82.69963685430115,152.4961521372737,1.2769906293089068,40.0585119241316,15041.300901936347,274.8946017948824,,3.073164954363894,2259.250714749665,0.4811689361058387,0.0
4836,29.659507751464844,3589.1453883408394,36.25117718214637,34.15356450212533,41.497345163875366,2.0498302735555995,33.16919945548714,3991.940414609481,61.93951733761994,,6.808140539421078,2994.240286523219,0.5145070456196205,0.0
4837,28.75283432006836,3415.7894764370617,40.340856705430014,29.553107821989215,36.745504321575645,2.025945802877856,50.26760499739044,3213.177617565064,83.11988235000906,,6.676618399513273,2963.1429266626747,0.516923501428626,0.0
4842,27.47976303100586,2148.568620135064,8.782252043829155,95.07611665099242,156.5810837357546,1.8195202739082084,188.87123662687847,18541.170513037403,1330.814831289695,,4.167562314023639,2225.2107833899745,0.6263975033510562,0.0
4844,31.198348999023438,2344.5714959964175,12.055459175566648,75.23604884230926,113.90027135593874,1.8278423966298263,21.107350595028073,13051.756573794617,108.18598321703847,,4.218784830962954,2103.868800571311,0.6685092290014889,0.0
4855,25.970937728881836,2129.6961172382844,11.171694675235523,69.64249368046659,114.37811714252182,1.9355717282081197,inf,11623.621667468151,,,4.384159352083441,2175.8451018923947,0.6763727026471743,0.0
4858,26.687089920043945,1663.97276978191,33.031735298575256,21.06987857967264,39.07138946086265,1.69058804916653,inf,1934.2964955897153,,,3.346588214084996,1895.692391205435,0.7629591844177346,0.0
4866,28.447917938232422,2206.6655746181373,23.28142548346405,38.7127402432295,60.51778266353018,1.7312430402783991,61.2158695057281,4817.379563677621,166.7091908838005,,4.310129242252129,2275.6596121082694,0.5420744384926013,0.0
4871,27.099777221679688,2150.526372539752,26.94760087342404,30.64825399768994,50.16770545537497,1.841212566993671,905.2226951214844,3393.427718619691,2043.5825493168898,,4.2492486471969375,2222.294808892853,0.5977798275994965,0.0
4872,26.7985897064209,2134.7850340420896,28.602021318074662,26.682868368727,43.69553321054258,1.9779254196406975,inf,2756.6318287279387,,,4.275838167347104,2071.048261926212,0.7555278902381105,0.0
4887,26.918485641479492,1846.068622600779,2.9071639713511694,263.42838342563783,469.03794809530064,1.7045146896247412,inf,85511.36633072593,,,3.6419389883590654,2082.7366813082494,0.6794775459842747,0.0
4894,33.77345275878906,1530.1380085091912,38.14082474915258,27.971466559092832,50.96315173516788,1.0141688989956363,12.89259303599265,2958.7130792264825,29.567122881887794,,2.638794157787746,2269.1114602434654,0.5384651114566897,0.0
4895,32.18299865722656,1449.172694450115,43.015980058119624,24.391555425670344,46.746509370452536,0.9766429663733581,17.059148724951672,2409.29089435313,35.88550450753035,,2.5480905341112052,2360.5364965088625,0.47707500225115035,0.167455084040978
4896,26.664506912231445,2318.050931769423,7.5374571202935465,109.45107988868789,169.62530962434303,1.9868408049359936,inf,22901.29662659025,,,4.729961238307021,2231.346429722881,0.6600913836595202,0.0
4898,33.07173538208008,2570.282737637904,18.623114553494805,57.3661317413392,84.22937107242294,1.7012103686029774,14.737849588649363,8689.871302452888,55.86119108153563,,4.323382892820543,2373.0881262469798,0.5012299235395263,0.0
4905,30.929563522338867,2446.7237642793802,9.369212760648935,96.38236458875939,145.77478235307373,1.9158842370412632,22.81261454411111,18924.584840088017,149.64767640325627,,4.3475467390466624,2135.7336739836296,0.7150198041347701,0.0
4910,31.316226959228516,2788.8661689457035,11.858346038537087,84.46653493373942,119.28632815839177,1.968810325254576,20.73527178450389,15525.908180093984,111.30454955428976,,4.915755097754275,2338.434980164207,0.6025501822927921,0.0
4911,34.87828826904297,2687.610390882778,19.647655195210714,88.12966901358364,117.8597245711742,1.0975351720056543,10.920189326280049,16546.769009251937,57.91727278171993,,4.631858258273466,3524.2917556859097,0.19434010494047912,65.2389174662612
4912,35.43702697753906,2815.934135724186,21.33502348514566,75.1585677874437,100.49772893033223,1.241754875305086,10.33769947130517,13031.599943864505,46.751189365370955,,4.676657646046252,3261.724970032263,0.2350542635417285,45.897534198358905
4923,30.903644561767578,2511.666654831007,38.403206763192685,23.587846117110427,34.877245753878746,1.960610055259462,22.839024256462416,2291.196960256056,35.84530177971469,,4.509119733696531,2132.372912574471,0.7191110096976324,0.0
4929,26.856224060058594,2176.9736056599686,5.468183400101868,162.86772338761557,255.03142057790689,1.7284629223636847,inf,41570.24022940057,,,4.506639522359002,2364.240395302526,0.5461955217680748,0.0
4930,27.251615524291992,1976.5772584027927,13.797465773023639,59.71536029313152,101.51288426988448,1.6963419964195152,358.0680000742433,9229.094249419486,1635.683195352854,,3.9024582257040716,2200.0591348260514,0.629757879970653,0.0
4945,31.590999603271484,2028.0683828686072,9.223991973473213,123.57365107358066,191.35802736867177,1.2581221311570625,18.762866076667187,27473.805116369724,161.5691268096121,,3.793131956285257,2540.9423204552418,0.40188105948423314,23.410939761901222
4946,31.567033767700195,1964.7984657269,13.600258034953697,86.99890180563223,134.87047087850115,1.1742000478756973,18.702955021641376,16229.332255090027,113.511435776469,,3.7318904458958504,2617.274737583416,0.36987386960408053,23.512402247190504
4947,28.51410484313965,2201.458502566288,15.820378725050931,57.62440767930175,92.7081383851022,1.7075449908069182,59.46972582365835,8748.623101351572,248.0997407122712,,4.174171293033114,2333.36154322329,0.5163068626120701,0.0
4952,23.965747833251953,1488.4924436886538,21.134704210006454,38.80375153783075,72.94820006989012,1.2833991499289596,inf,4834.377593180176,,,3.4521440297818895,2411.253883366117,0.4530170590178309,3.253127305825491
4965,29.104644775390625,2729.645019468054,15.313428400692102,54.82275712552414,79.80453324889895,2.2991000401367176,42.97136376808031,8118.416072783443,154.31893328611335,,5.041658651259049,2117.9298242325494,0.7991935614265105,0.0
4968,26.05495834350586,2364.0756310678853,7.711713187899708,108.36625635923787,166.22894875647842,2.000328989884533,inf,22561.66265343885,,,4.930707233441879,2308.7853828771135,0.5829158227852997,0.0
4976,28.8411808013916,1073.9929902060094,77.39956717766843,8.928574569376362,18.394009463918625,1.0989192644016335,45.88614429181974,533.5844821442297,37.98135775649105,,2.253202682625992,1642.2855773664132,1.0405344720790182,0.0
4979,26.23153305053711,2439.6327762978203,6.878446845683265,126.13368042480788,187.38136058260105,1.9883279065974246,inf,28331.958553506596,,,5.139622130086264,2359.849214242125,0.5731009086473922,0.0
4981,27.429100036621094,2051.9325384787458,14.4352333270355,51.29750648719553,84.29097665079432,1.9594221689449252,208.14260090629762,7348.088499704855,789.504440086275,,4.088944202585908,1948.4127197042972,0.8264709087886091,0.0
4983,29.01970863342285,2303.865470135845,27.3566590640763,31.515756206872645,49.14985314998335,1.8895192794986015,44.37317560563479,3538.5195069749693,98.14207791669182,,4.3349051085120225,2161.1581757819554,0.6452548108607474,0.0
4985,33.5880012512207,956.9900997944143,78.76004932288127,6.18864286267315,13.883755684902223,1.388324688479922,13.054105570314308,307.9095273430439,8.155800559042426,,1.7030709153424022,1026.0447640885677,1.8078408603506788,0.0
4994,31.745248794555664,2001.2632651086772,7.47514959195269,149.46240372859035,236.79003499516656,1.2665938504369705,18.3227847675113,36544.997746325,195.23937808385574,,3.666930458812044,2502.7570278226854,0.4080254736958503,26.120818777043297
5003,31.158912658691406,1883.8875534257377,12.875938002101735,63.93376056472506,110.04445336089603,1.6181949884857791,21.53926283045997,10224.106649677713,106.66243817885851,,3.329952133734385,1932.4919017403636,0.739101748345293,0.0
5014,32.2396354675293,915.0172871205468,16.556916498643872,28.928808941791424,64.18783438047087,1.350841173927232,16.089622794142276,3111.901382103263,46.47411194195941,,1.746125827525409,1025.8065240071767,1.5257556242596548,0.0
5018,26.86568832397461,2455.9713700386396,35.89292856015575,26.431452959237923,39.031899739093234,1.830536403825269,inf,2717.762811298154,,,5.074067718795568,2520.0905331787912,0.4814904223555641,0.0
5024,31.50739097595215,2059.753778875192,31.897381205697755,43.2733810753334,70.28695149771892,1.0551749016941727,19.725840859696827,5693.262908280525,62.39111488907548,,3.653115646392985,3183.678139966942,0.255993442680731,26.920019998806623
5025,31.551626205444336,2402.3081548658024,10.016040670784607,103.04960651293023,148.3197193070882,1.6457781818440251,19.049860342305823,20921.821976091807,127.14614724645139,,4.446567834956939,2318.6648657264127,0.5660785859084823,0.0
5031,27.135881423950195,1951.502781622747,12.688987147263033,62.1523335500486,105.49394002084819,1.7497249320403245,660.0512642226025,9799.776125179304,3133.413381536291,,3.8988667555135015,2104.6339604181967,0.6478072683998295,0.0
5032,27.605270385742188,1809.8356635839812,31.188599419530732,23.047629084442416,40.969806935096734,1.7803361716747634,148.90584884551922,2212.938679096767,274.5289745418429,,3.5288489869609263,1897.3932233494468,0.8703789037286822,0.0
5036,30.110681533813477,2596.3386067007136,7.678410236249282,117.90247060245513,178.779861369384,2.027926059836318,29.345136979021262,25604.385314396248,236.0843784438752,,4.576687424823622,2234.445471102062,0.6736843570254027,0.0
5037,27.32987403869629,2086.8507059299154,10.874423049192204,71.81948238710883,118.32970980962406,1.8894173000455137,272.47723005843073,12172.881711563776,1450.8968203144927,,4.126300933923535,2075.019268655263,0.7334520189975072,0.0
5041,30.33458137512207,2437.383085095095,18.474076940799534,48.20290100811545,73.3812689543589,1.9354095101432602,26.947822161448745,6693.291818865764,88.98594235935765,,4.387355253806269,2149.0158183768503,0.7134517302527416,0.0
5054,29.473129272460938,1960.6746944494048,17.749939674304454,60.34982232086323,101.19186719239397,1.294248494908634,36.072677984480606,9376.569767098634,164.26177379458,,3.667251396789473,2635.1278132270004,0.3956778693670154,13.669219032796965
5055,31.44410514831543,2076.7883305324203,8.165868658605442,146.22512051953478,242.02474280387213,1.2298520196000609,20.270405103392186,35364.129939264225,220.76728117554558,,3.6062142400804698,2795.5013787868143,0.35084687909385204,49.65808240859771
5060,30.730758666992188,2764.8789396124794,10.628769598879705,136.1199170940056,189.83765963476063,1.3513145526081225,23.753601458265543,31762.34140312236,202.91976489302854,,5.041257012199027,3402.6460889752675,0.2461500624943406,90.88345851717482
5066,,,,,,,,,,,,,,
5080,30.485393524169922,1591.6585921629019,21.45774744726739,50.921064349292706,90.89489978748959,1.0300381687561075,25.001177540295966,7267.352143490766,102.26157871924968,,3.010150486999058,2545.436356335822,0.4126109580124728,8.64193023016668
5084,28.870920181274414,2494.346392320935,4.193931201711444,200.87872840370792,305.29970838387635,2.0935653120160724,48.28331469041599,56941.76458499169,663.3396852655922,,4.650189645997,2138.6813262970227,0.7295575678573367,0.0
5094,29.169713973999023,2195.6723563023493,14.409957149536545,97.44564479087231,151.68686670787085,1.1056748045411346,40.69957718633718,19238.60802040584,277.8116102878783,,4.219883660723709,3451.810206780034,0.22532517152584683,75.4207799164058
5114,27.703758239746094,2264.368785906413,22.196301336306348,42.68160039687876,64.08656327467779,1.6900939772677104,123.9797079842764,5576.876650036693,357.54450302296823,,4.657724400039536,2412.9144935448585,0.5329412011267137,0.0
5116,28.525922775268555,1850.9327878282652,5.8434657715272635,175.646457790494,304.25102399588445,1.275163139914281,58.5777000321527,46557.439711352796,802.0046348147794,,3.5535647035317557,2606.8493525273407,0.38428432809043145,46.94976632944938
5117,28.662153244018555,1850.3456228705345,2.506199129487295,396.15482393932143,686.1207882328843,1.3178237670324284,53.768934709818964,157698.447796057,1660.1392739494565,,3.5380009343763033,2510.2685886416507,0.42156070109679916,62.95133805825164
5127,27.666383743286133,2320.372289189381,9.907455292007292,79.37286532026324,125.60671168427055,2.0864524557896176,135.86794631468,14142.88738547917,767.9666681946882,,4.479241511070985,2080.957320470272,0.784292684991297,0.0
5130,40.16230773925781,4576.459369847501,50.34903061989614,50.10470316250964,52.731790014278864,1.2827588103904626,6.6738614637746405,7093.290330431796,15.836609758146844,,6.809692011877508,4622.105209046589,0.14609721754700364,41.15481834575316
5131,27.870656967163086,2111.3865078636923,32.62510267950276,22.325320689610525,37.24064674277422,2.049760647383503,104.3189950401836,2109.7284266492843,174.82080792837115,,4.026151666228528,1920.437022893879,0.8605775105263592,0.0
5147,25.659685134887695,2118.7940323623707,8.822908905755867,94.72691195516884,151.5604746960693,1.7926213650543572,inf,18439.11467818293,,,4.539468661364453,2325.2564900788975,0.5854496433007742,0.0
5177,32.791866302490234,394.8957833252342,108.54326575059451,2.391768560587428,7.773279888195998,1.0755867946599038,14.243410822744119,73.9790457270139,4.982310849948753,,0.7713873497731205,535.7498167962725,4.8768162830207755,0.0
5192,25.903173446655273,2052.835534661408,11.66954250867233,71.56637906667112,111.5013088533107,1.7381061014643602,inf,12108.589671286445,,,4.54839705143021,2248.0612981332215,0.5835665548026762,0.0
5193,25.944204330444336,2290.348598728297,9.192700672718459,96.01001766199042,143.12340230616053,1.8349613535136697,inf,18815.025880625722,,,5.0138239447366715,2386.667489260905,0.557813165435625,0.0
5194,32.30533218383789,1646.4328247369174,89.32425519137705,11.021274600974216,19.955657163455264,1.1825725429866487,16.733596570607297,731.7752731182019,15.026846232357446,,2.865050627700364,2216.1940040591558,0.4496558824852822,0.7970288014898388
5200,27.588930130004883,1972.1518819038758,21.141150477594426,34.9650428858791,59.804693036973525,1.8865254909879665,153.4231081455517,4135.053125311452,412.89398493403996,,3.8305143058849658,1957.170420865756,0.8470921286580407,0.0
5201,31.49857521057129,2455.462468590243,15.83861069958788,60.557862934411865,91.86465033659539,1.810217160335251,19.986256166501956,9425.09652564696,82.62136954229965,,4.271765862970198,2237.6769306925908,0.5814668009061357,0.0
5208,29.961017608642578,2004.8442103471968,20.204752516965073,67.97124525683779,107.54397245562943,1.0322547053747648,29.33607319524971,11207.734523149098,141.97130314498185,,3.871754469048325,3240.3184024770335,0.22277542833091776,51.117597288549796
5211,26.40834617614746,2667.042903968035,8.670651090898202,104.03123682062898,147.94084611589264,2.090737611129128,inf,21221.47852357893,,,5.578861488768313,2439.4227557011504,0.5822301571709979,0.0
5215,28.87371253967285,2343.382634749512,29.625217310006914,30.840256724857923,45.557909664699935,1.8136299547092616,46.59589456394362,3425.365920741776,95.52651998805116,,4.636840267706805,2241.4549709213,0.6115363015888552,0.0
5219,30.319324493408203,2363.0392621308342,14.838086539591899,60.733820476308836,91.6513714274493,1.8541609857566919,26.699052042769072,9466.204835083867,110.11521309896824,,4.35991214562461,2145.816977225896,0.6589995451797337,0.0
5251,27.140411376953125,1930.8366787956206,30.621536818519527,23.95350447538808,41.41144426910673,1.8613776641578026,643.5394240053369,2344.680045122511,1199.2453646476524,,3.8069602686541333,1971.7911077913245,0.8388618689629653,0.0
5253,27.910226821899414,2169.9635269506175,18.796753358867026,42.14678507958571,69.58575112818771,1.9368239237916653,99.97867416542007,5472.3853878208,313.06910123704904,,4.1184084157047325,2090.143193187668,0.7275807847108844,0.0
5254,29.2186336517334,2454.1817958055008,15.647576596195492,55.83286202288829,85.36155399136283,1.9863453397177946,40.66849281943169,8343.818174904975,156.21865854989716,,4.53544145389722,2190.9964958634782,0.6995346385985267,0.0
5259,32.24148941040039,2896.951573847253,20.319305018303584,48.606993221116404,69.38160692062878,2.0740471784636565,17.37495685561792,6777.63428509848,54.2476092068715,,4.829317925949141,2284.9245002259154,0.6297270886950528,0.0
5260,26.25187873840332,2504.4825307898077,26.386182374436743,47.00332850942397,71.23042206421658,1.427900138695985,inf,6444.999909825447,,,5.101214001432236,3435.1719779332793,0.284215727798299,30.00959800639055
5261,32.708866119384766,769.7260467533852,47.40811262376125,8.217986755629184,20.07649513270185,1.3970214752167527,14.853921506474721,471.1705648020705,13.419660727182377,,1.4359526753985252,828.3534626786443,2.7655929388113085,0.0
5263,27.2080078125,1903.7457629941016,14.116516755659546,49.385480178318836,85.5321994925533,1.9309326371900055,433.10199504970575,6941.109838206658,1666.987480854642,,3.764722175837555,1864.1698115909826,0.8783056555343746,0.0
5266,26.05539894104004,264.00315195866153,63.46116351126316,2.353054414794352,9.668482257869593,1.2501269376730915,inf,72.19015117929058,,,0.6151237741207392,387.2389249245635,12.633777328579388,0.0
5269,35.857662200927734,605.9290414749235,52.34950463720302,8.760204681694608,20.393423103824727,0.9342862134972618,8.718163734255747,518.5628206676691,8.00069407744941,,1.2333642204994097,817.197351531718,1.7566714177009886,0.0
5270,37.02992630004883,3091.200511222088,29.717958145928552,51.84198859840855,64.63395155647643,1.4187685726864545,8.593447101919056,7465.389541375515,24.994279965986056,,5.059490693036435,2977.1355243873727,0.3165023893909686,18.83156042011064
5271,34.48125457763672,3303.4685841972564,9.145260306402408,188.4943228117577,227.75025630471347,1.355067212993337,11.50704951198364,51757.990584683175,117.93300640493858,,5.741024883636829,3547.267050324301,0.19743142022191124,139.11764211168634
5272,36.019676208496094,3168.5280619176774,14.824565946707446,119.40078221418749,147.2872056788413,1.265765929533277,9.555957772619557,26094.0057392523,63.33616430613625,,5.3019202758096275,3506.3258586089205,0.2034034246022243,82.5539083578183
5276,27.367631912231445,1936.6445391024276,10.448527774396998,68.47318380254086,118.01644634338747,1.9140765141969833,245.5725804785844,11332.10991563211,1304.1721470356126,,3.795039816525289,1906.8215825290322,0.8294960447770335,0.0
5277,24.25607681274414,1992.721261267507,22.578022144212042,36.85726958131691,59.390312464457125,1.693255530887043,inf,4475.223549799797,,,4.607550501886836,2407.7348991985136,0.5522103754092562,0.0
5278,31.14570426940918,2111.823848650487,15.477417482899545,114.28016214616017,180.89204362623548,0.8442544277683942,21.28081328118114,24433.53292185046,173.22884120075355,,3.835255156036856,4090.928129401154,0.15106467393097034,116.03538713001777
5279,30.73845100402832,2046.136319142954,14.180145735835127,83.0553552772212,138.57884344772867,1.2284888858337994,24.097822819266987,15138.451580943447,150.27517871560366,,3.6241102334810593,2815.165890170999,0.3380468459568948,31.92251325224758
5287,29.62711524963379,2236.083485384996,16.913825458161124,50.564910384397606,82.10932217545255,1.8487659329402817,34.6190174052318,7191.241248092239,127.91448240856995,,4.024848136133981,2134.5799553464603,0.6787559687468694,0.0
5290,30.218860626220703,3232.4579627164844,11.35485703560986,87.81358793714146,115.15728558348424,2.292316049719129,27.788095477771364,16457.830262032083,144.000074103968,,5.88561912324384,2403.6001905315775,0.7029583118360694,0.0
5294,32.38387680053711,2169.973387186558,24.638344644319194,39.110199250798054,61.1696597053597,1.5923475184190927,16.411538548188084,4891.758839231467,45.174970270532604,,3.799579442163583,2154.2295192123474,0.6208539674157365,0.0
5300,28.659461975097656,2232.6303086565877,14.142962078138332,62.17153237680453,94.14975663682334,1.7954357548477964,52.62839465145154,9804.317195208208,222.9727746879386,,4.44513794623286,2172.671509863668,0.6428095641270071,0.0
5310,33.119422912597656,2043.7302145465164,51.275228534935934,21.474320778171062,35.37041224749826,1.3124462516094968,14.626011221903246,1990.2569537566997,23.279762090486408,,3.4322408762209236,2443.1775724453305,0.43655906771092884,2.2072563239424263
5319,28.378427505493164,2031.8224147604344,5.662286458334073,147.88067112844084,242.0400332827463,1.715803303255671,64.47253472725085,35966.41200774674,702.2220503043064,,3.9590577657073522,2124.59294003328,0.6443892518563141,0.0
5325,32.42721939086914,1845.0549311822033,28.697478588908382,45.57693272974426,73.13612147429214,0.9974829197216047,15.77307489782448,6153.860359209537,51.91116847876797,,3.410787079692225,2829.44122376732,0.26820114483969065,24.895609610924236
5328,29.364164352416992,1842.7103615729416,20.40723998517732,49.31674189982578,83.92766257184422,1.2946829569279092,37.38668879108302,6926.623174970187,141.19998306914547,,3.5147141265545594,2461.2358865614215,0.43573300168117235,5.695816124368054
5329,31.276376724243164,3438.740890773144,14.877275690500005,87.14943968244184,108.49913318025303,1.8754109393012797,20.67473549944783,16271.473921137005,100.94358961894929,,6.198938437504401,2993.7177411358352,0.4812136288401466,0.0
5330,31.404315948486328,3481.3047578773753,9.14399995400425,116.79129403368088,145.36346299582289,2.3050500524660644,20.142882371609044,25243.27515923109,131.7617611314572,,6.216029164262082,2465.1124693051333,0.6920718465208445,0.0
5338,30.674489974975586,2490.3992659136766,32.78417719837042,30.744580038476553,46.6515376704219,1.747113535306176,24.56304224425721,3409.4383612361235,51.565666075115836,,4.4047048731336425,2418.382567343622,0.5020610183934705,0.0
5339,28.270668029785156,2114.994100926506,15.604148246974631,52.733970784347534,88.40397093994781,1.8174548077798232,71.72068028477494,7658.887795178299,285.3176821059839,,3.95743190510332,2148.535640054953,0.6387913518490662,0.0
5344,26.715604782104492,1998.575030952899,23.397367243621545,33.48831992603423,57.3959977410557,1.8036202708600733,inf,3875.87743975514,,,3.9643158818205553,2147.79495844687,0.6289574963810949,0.0
5345,31.759925842285156,1592.996166288126,12.656039129256952,77.92770843242222,142.66147360138729,1.1421154815170111,18.587383931285185,13758.397535052161,119.32666119143512,,2.8300546776426754,2247.199887195875,0.45379604988368033,4.91464087307438
5355,27.948009490966797,1845.3589820422683,15.721668355456963,44.10553707340191,77.22599920794326,1.8818028401041613,94.78059856241644,5858.273831891023,329.3786893279302,,3.5767521294599987,1804.0719090615785,0.8729045902276464,0.0
5356,29.16748046875,2126.189326987854,8.626688730417007,102.57689404740674,166.84060910459158,1.698999546998608,41.394443519708446,20778.02731603671,310.78233766681967,,3.9744893155339636,2210.298153580779,0.6121088767105778,0.0
5359,28.749778747558594,1858.9972878239396,14.700063125800947,79.79694070576983,131.0196462887751,1.120619865724324,49.60848332321736,14256.383119381926,292.4858672068741,,3.7302975254567947,2872.5145794561063,0.3077318347289766,38.94640278457391
5360,34.862586975097656,2235.191600354974,17.06780399066669,80.086998393771,122.93975024436682,1.156272229725594,11.231568292116581,14334.18552010255,62.136279030841294,,3.681402022822125,2856.924253226264,0.32339215446095804,29.993562939098872
5362,37.66826629638672,2225.2566468752416,20.688463551058454,55.66258744050746,87.96792461195771,1.3663862410168988,8.42801271539197,8305.677830552737,33.36276542292998,,3.3374209195547286,2286.1838594341734,0.5311890211021517,0.0
5363,25.5910701751709,2406.2408187045367,22.885971458363418,37.19579345594659,55.496431362128675,1.9987612099466907,inf,4537.02045060061,,,5.200628461707635,2365.816493878984,0.5790932195570129,0.0
5372,27.97007179260254,2158.9059992848092,8.14350364963426,104.00400480531081,170.1868617165203,1.8024257254863767,93.19757379157423,21213.146423166843,713.7451171431828,,4.136610955618739,2215.5615446558604,0.6288862490664956,0.0
5377,28.779932022094727,2260.378237250083,15.36159204861662,55.98770994869759,91.07202165912305,1.8583914036744904,51.295235787143,8378.553588086937,210.22023710774297,,4.147975767511235,2213.13748963392,0.6138985153656145,0.0
5389,27.700342178344727,2034.4451174513442,18.03741420179813,45.68236154378002,75.15498390693124,1.74585493866423,127.30739583756535,6175.225418722954,430.55033784324974,,4.029856298619112,2144.7796762280495,0.6357457326347272,0.0
5400,33.531925201416016,1678.0063200949035,7.135544741241737,142.5558559845051,254.08752423803634,1.1664507283210503,13.552887032125982,34041.41381131952,154.96287805218054,,2.8426918840545405,2207.5283459171733,0.465958439576856,4.558635268470429
5406,30.980276107788086,2106.085401829946,19.326027761981226,66.3458429961855,101.74262818178701,1.161461087841799,21.7492134091226,10808.130271242517,99.57699599088136,,3.9723223693883547,2924.087618454155,0.317322980576194,28.282460585584964
5408,26.436267852783203,2037.7285202941866,28.831320276565446,30.18954658072443,48.90715400090179,1.6554276515228932,inf,3317.530171047825,,,4.27647896876867,2345.899633844465,0.49488683030375363,0.0
5414,28.518590927124023,2000.9566398996074,5.244005117504601,163.18157578076284,269.53919472257894,1.6534400401799698,58.573181682530965,41690.45928726835,710.449570037192,,3.875536678173336,2163.305038049491,0.6186748175529135,0.0
5428,29.1683406829834,2445.633572379817,6.219766377548101,143.68126725762968,220.34719528119902,1.935094451020136,41.6429192246378,34445.319730290015,412.91552045117083,,4.520736805359778,2246.4206841860196,0.6266110183304902,0.0
5430,29.758071899414062,3319.6509265673253,3.6783884302289027,277.78583743263744,354.2853499273852,2.2972577889592922,32.158125712388674,92596.6224492534,512.6918769460109,,6.218863616193089,2477.0520203584206,0.6738871793259528,0.0
5433,32.723907470703125,2126.480702115991,7.732226717215718,155.2835318134232,236.84756094233103,1.2523233212647467,15.1318786866792,38700.63544558497,161.27768517368452,,3.8212391929818224,2606.398204687529,0.3835937688275027,35.74626233761762
5443,30.2275333404541,3081.3379765334635,13.965701382927271,71.53539141011622,95.74325025547547,2.1809244899316007,27.657433182636833,12100.726142274507,119.16056459831803,,5.628919317745004,2402.7585066249594,0.6868799540274453,0.0
5444,28.60888671875,2064.3452957747013,7.60019669571095,112.61530480971628,188.4903738284673,1.7054739700777009,56.204466068027166,23901.553030350362,476.7300368996331,,3.8735217670690902,2193.304872267646,0.6176521857700382,0.0
5456,23.956371307373047,342.03352767794786,64.98761304501222,2.770865344445003,8.836542499352891,1.3430979153282196,inf,92.24718603302054,,,0.9758515810668416,470.6058582869729,5.302132556751768,0.0
5461,26.513896942138672,2360.9992299898217,9.523642141932756,88.84979568829195,134.75689121276162,1.9729739269167665,inf,16749.993617056516,,,4.9034401664465745,2284.4551053695745,0.6478550063920853,0.0
5464,32.35601806640625,2623.7651250031763,38.07875901596514,28.55783045467389,41.182573123083024,1.7060900890399566,16.626907993158046,3052.233903012006,30.813248440755213,,4.534837208503833,2452.1512968442626,0.48569951643236337,0.0
5472,27.626388549804688,1952.1290429533233,4.089235665203283,201.10809740030973,342.3712846277161,1.6785018630757933,143.4443833036989,57039.3189880692,2210.005700294306,,3.8241213487488026,2162.551859664555,0.6322833268696831,0.0
5482,25.52051544189453,1503.8611039965638,23.093568977793492,29.30106600999902,57.31608481051683,1.5715139929352904,inf,3172.1603097359975,,,3.1440301341038652,1924.4207003136198,0.7354018398300706,0.0
5483,28.702943801879883,1832.272199667954,14.8974573577027,52.84500135140783,94.78066997134746,1.6457313041659583,53.39021391323464,7683.089029106081,227.71621100744707,,3.3953232607110397,2022.3067847437771,0.6907625000180565,0.0
5486,30.082656860351562,2271.0678378086773,14.424327576933848,56.31464459221696,88.07056686183643,1.9769613775602475,29.00806503832462,8452.049211372034,114.96405291706205,,4.153731167534606,1965.690085525133,0.8151854224895815,0.0
5489,29.67976188659668,2565.1573315927203,17.453084302978112,50.47721425725803,75.58564922084815,2.0588819397114957,33.699693801036055,7172.541408013834,114.6245955522796,,4.667247278061482,2179.767147456978,0.7139041050558393,0.0
5505,28.353883743286133,2197.513457828367,6.889425850170987,149.7598095367291,235.02247141830227,1.5060459976089575,65.53419167659813,36654.12986842638,693.0903460605671,,4.297550367181543,2615.6972445894803,0.4197388738595834,24.631551058099948
5506,31.167787551879883,1997.6728229195364,13.858183320932282,84.98120019882964,133.34069920022716,1.199444620829027,20.730670605600316,15668.026096841702,124.39089510481543,,3.7606202922003225,2665.8342251898416,0.3604117311341358,25.67683057362699
5507,33.541378021240234,2737.454176528979,26.79080588859431,82.18717705580542,111.79751886349429,0.8791075680799303,13.337281957881464,14901.709442866695,67.09837640732977,,4.756291873021106,4708.002266497081,0.12318127007855309,86.7089357504567
5509,27.388092041015625,1741.9769337270232,9.26573724817919,99.37876403662538,180.516688764211,1.3376849176137098,232.56440887351476,19813.91896197481,1889.1790656413837,,3.412804025542353,2451.845528135012,0.45038327538118805,8.293514706572642
5516,30.91699981689453,2648.609394839366,21.418156733395932,48.80804286615506,71.21438360577626,1.791552055731998,22.93414221816798,6819.72850721575,73.49583607173193,,4.690598053402915,2478.550242206947,0.48288980040158114,0.0
5518,31.84625816345215,1345.9077307533903,11.173068939658117,76.29628166536737,149.01459305669903,1.116411852244959,18.05424345000549,13328.615970010998,121.06555832921137,,2.432367456113726,1916.1152972237385,0.6408452864467611,0.0
5525,33.19727325439453,1959.9669304464906,25.09099402871128,42.73669720472027,72.14251706075862,1.2924534884223562,14.473081888282335,5587.678748780396,46.98560506712242,,3.2727852232801706,2379.292076840917,0.4702486349574019,0.9681592053754455
5526,23.2686767578125,1585.1212778182617,19.48015437726417,40.457379474335276,77.43652294122946,1.4221891290018442,inf,5146.673515069068,,,3.597696870304253,2450.83435981747,0.46183010900713645,2.4042088635669048
5536,31.09034538269043,2499.5017496562023,13.016975039859302,70.83969046892273,107.21447076029595,1.9166893083640824,22.059862194250233,11924.631797414057,106.43114025907198,,4.37078166249151,2184.8449896247525,0.629181802169656,0.0
5537,30.001951217651367,2066.1333560491566,11.29484054071552,76.90868750058814,127.48905982900325,1.6818522765045467,29.97402226347504,13489.414366580322,171.961196294882,,3.746900753085503,2120.4445740679735,0.6106448775211416,0.0
5541,35.34342575073242,1826.5241674621245,50.9178638995353,13.786307484786859,20.341284667906045,1.8398918199864154,9.771267426828864,1023.7689097680518,8.944205953291368,,3.4212363883020585,1337.8554853058552,1.2473516756716059,0.0
5542,33.78665542602539,2390.0573004150065,27.652641874575863,44.32847752068304,63.28589938878095,1.3787129996590244,12.714845204879508,5902.747677127822,36.21016864709678,,4.207379310151986,2575.330078822925,0.38953941403651393,9.233478666560178
5543,29.460926055908203,869.1866092339466,89.11153444791961,4.761271393898997,10.721730359909284,1.4485756145227826,34.007035915304485,207.78509983930127,16.407642124064044,,1.8188035993528306,979.4738534307646,1.7461992576957042,0.0
5549,30.708398818969727,2412.722173576592,40.38815766564805,20.33515836521438,31.831873350204933,2.0772593180481054,24.55220734891278,1834.0084574244977,35.16942396593531,,4.198418386792624,1985.8798071188087,0.8312370771710025,0.0
5550,30.870399475097656,2577.3190266897323,16.232058724020792,56.629392327466014,84.54720113858217,1.9826117489180903,23.334046059372863,8523.0070508209,88.7772728501432,,4.528065351443005,2194.0568910923034,0.6905692794979412,0.0
5554,27.30931282043457,2188.180065195686,4.956830532721502,179.81566352542558,277.55738262386666,1.7359470263064996,283.77690084406083,48224.89331278189,3544.3968231325525,,4.513201303502349,2314.2156812339463,0.5791414720780126,0.0
5560,27.551422119140625,1992.31819457638,19.75815722605807,40.76838263058742,68.28154892502563,1.7489354624905546,162.37517270451363,5206.132526668206,498.925273465473,,3.9366979636951336,2116.0727717641275,0.6443219295878783,0.0
5563,30.274044036865234,2551.6662861996524,13.143822944818416,67.06391126321786,102.20026305737186,2.0469078849530815,27.823717745821845,10984.070543425561,127.96160727856761,,4.492487394143378,2160.4433878780405,0.7632393272436914,0.0
5564,30.245454788208008,2694.9156459148926,7.278416832951373,115.7905928301796,169.6855985547742,2.2611010757821943,27.879702076417736,24919.533723247274,212.88527704645762,,4.80518802692377,2053.4403009870707,0.8145629406726779,0.0
5565,28.715667724609375,1981.6961315945664,14.645670967958644,51.13408208812678,87.3343014617115,1.8711229539349812,52.70107860018391,7313.001998609175,207.11753486216165,,3.7065515449031334,1912.3367316975477,0.8621072804647593,0.0
5566,26.8997745513916,2024.4005393393525,15.951051631590095,48.13234629340195,80.02843704211989,1.8644686832997366,inf,6678.601714013783,,,4.086716646754149,2062.800952617208,0.7383135212190486,0.0
5576,30.165908813476562,1756.360438942431,23.2874273477869,31.475818571648148,55.885548648350294,1.6943381988714032,28.220179047532948,3531.7954740943496,70.96950850617262,,3.209442328189322,1767.713510182734,0.9274238849543381,0.0
5577,24.557003021240234,2076.401202527538,14.39355589267071,87.27511380216178,139.810486538875,1.1687934026716116,inf,16306.683101024226,,,4.676475388117318,3623.1155746743666,0.2010770734080465,88.79776368014738
5585,30.815570831298828,2078.9055093205366,45.34080963977946,19.378021233244755,32.53863059817463,1.6730967436562048,23.805196381926365,1706.0593562788997,34.85648211248272,,3.6216746970591753,2112.6219817091583,0.7195792132124083,0.0
5599,34.84532928466797,3685.1775099140814,55.02996762488093,29.463770267677184,34.59953751207323,1.6071478709757758,11.141533868784022,3198.6187233434634,17.347136356576225,,6.181889594668758,3355.758934403919,0.2600480692310044,16.09593777052191
5608,28.20755958557129,2351.0383773427343,11.151998453867622,77.42265426968285,117.87945651101776,1.9254132846004843,73.62089360653174,13624.860983632858,390.52759167870397,,4.603526269128927,2203.7384140843924,0.6753553113749159,0.0
5613,28.537094116210938,2013.3779341363343,3.3223668018724246,292.84554889843963,500.38614876258356,1.4632687604850874,59.10406513138212,100227.73976725701,1330.8684987287343,,3.7557943491097143,2510.6644610352673,0.4787907710665697,0.9524719045121359
5614,23.322032928466797,1775.9864469438044,15.210981525948958,94.29510864022006,167.69678831709854,0.8755445425188383,inf,18313.179130501514,,,4.089652117661261,4408.6230140094285,0.14403551198092063,131.06471864477882
5618,23.30080223083496,1902.5386623613438,28.981778336618973,25.42130106217411,44.43270823885499,1.8259786224047996,inf,2563.460658103246,,,4.3105959701715015,2288.70986022385,0.6118497328201998,0.0
5620,27.450117111206055,2081.1112077632706,15.50555738346889,65.86820269160562,109.11633679364016,1.4408444382145482,200.1534686689777,10691.6249438437,982.8005983964762,,4.081702441146085,2708.856393100204,0.3998912245936667,15.24333419656318
5626,26.562028884887695,144.6163804746436,106.16676797682955,1.2182378383913088,6.257457739101983,0.7906455098265193,inf,26.892310838561443,,,0.35773372070220805,315.1396541566957,9.848891726411246,0.0
5633,33.646568298339844,571.8292462316786,59.29811270233535,4.774493053495229,13.390998460106905,1.4281809266703631,12.68927405008616,208.65120365324387,7.646492216906023,,1.051405650780124,583.5548226221441,5.710890506060415,0.0
5636,31.628969192504883,3008.11426301151,8.878468742090993,129.35423616523565,170.57259198636808,1.8520836813738943,19.000552915851074,29423.95037074174,145.84381020138878,,5.419115348506953,2611.1839887258925,0.4642547202041635,4.8639005193729075
5637,32.99884796142578,1896.9186192462946,16.786080551729228,65.56567010822748,105.25463218831067,1.2187311020266878,14.391679265354632,10618.04965607766,68.16559084411676,,3.4036937118538733,2363.377904685502,0.42505434622742316,8.303183358139188
5638,33.461181640625,2162.615883982638,7.625584588833509,163.92995731188464,248.10679785782372,1.2232998483253852,13.416547165442609,41977.58834892244,149.79314499868923,,3.807596210994587,2661.5571363030713,0.36392269132236493,45.11878824436487
5641,32.19031524658203,2654.735795943708,6.4776805978287415,135.49326540543652,203.23636798114362,2.138794548910384,17.605410849372326,31543.25884823509,161.0126891029013,,4.405582103990935,2040.2824945044013,0.8148533926551049,0.0
5658,35.67628479003906,3045.558736818111,22.16405308544188,67.9448378302828,90.81430287043497,1.4300339032060072,10.280023668959156,11201.203702429222,42.010793234464366,,4.837272947841066,3113.6395224076546,0.3219474100668809,25.430345263785377
5659,33.48221969604492,456.96622537358365,37.91620621657865,7.4594903414075375,22.67864601163393,1.1424443965864315,12.777683000876232,407.46820826402734,13.0401247331585,,0.8708321000605939,575.0615185948654,4.82111729342455,0.0
5660,36.01525115966797,851.4505777719161,108.05409327390885,6.222868241301486,12.608308892961102,0.8953907792685675,8.721207514751972,310.4673280950136,4.948185521952291,,1.673485249954343,1215.1562507980805,0.8993641872112542,0.0
5662,32.948490142822266,2379.0882063000568,25.354634916153746,58.04264231747118,83.8536293920449,1.143117859135068,14.577966958169021,8844.041219744697,55.00869473699015,,4.241405406980926,3178.614964059393,0.2789919505836232,29.7887039038006
5671,28.887130737304688,2372.9573699521015,11.52022737801653,81.82871194979981,123.68156890516468,1.7799515142919968,47.042852154859666,14804.32355721112,261.8250192129038,,4.558349712319879,2350.589357883265,0.5377599543307504,0.0
5674,32.945377349853516,2142.3834900228203,15.847095997931222,79.09005370787844,121.00616422202725,1.2086781071350605,14.626973590261327,14067.366467036758,79.6479285750488,,3.800831284262997,2715.01581239589,0.34897836332135,25.242215510533317
5675,36.02329635620117,2687.977644207768,11.716016526791472,92.22145904776815,130.48484190463606,1.759133057674046,9.856719612496496,17712.423156378194,57.876862515071885,,4.25705516494713,2208.352282501739,0.6167964490959975,0.0
5677,30.177690505981445,1893.0430579278125,122.2019032514119,5.54318376335523,8.93556666332877,1.9760969518375224,27.181308979065278,261.0170698422415,10.929617927053858,,3.668673381859235,1578.7709143687725,1.0803787029350247,0.0
5683,30.23792839050293,2686.7251282352095,28.986962288428362,37.714646754850854,52.80118999153353,1.7377827803220318,27.200798661106113,4632.2827687782665,64.63055421119316,,5.023256032657505,2593.395576969964,0.44890947295944417,2.945999519378897
5691,33.54209518432617,1083.3070837016437,69.50974723043255,6.2089999648640655,13.320731247546002,1.7748809109821917,13.275962754980258,309.4300459007509,7.958048936018508,,1.8970743533503942,918.6542435604781,2.7682712408057943,0.0
5700,25.542720794677734,2351.8259409111943,5.7921424004974265,145.56682464162174,221.93163215371905,1.9723706871014774,inf,35125.58843698606,,,5.040450400412897,2361.0787835919255,0.5655475029450963,0.0
5708,30.448951721191406,2521.848220219249,20.070544711104144,44.64159397990871,67.77617492040845,1.990238367550854,26.269446893271947,5965.399527176764,80.11991824653511,,4.459610737037182,2172.6030084873505,0.6891916631983693,0.0
5709,29.395986557006836,2268.621975733389,18.63318892641543,45.12831763360572,70.23357510724082,1.9077031902438946,37.19932059476788,6063.225365034539,117.56885746189322,,4.26019256185377,2071.5903251826076,0.745476317675025,0.0
5710,31.159902572631836,2452.796768287414,15.051761463256861,62.06306898465393,91.69053608509525,1.8566326903815464,21.279431942685633,9778.671722345687,87.80051350850154,,4.426653395098325,2166.951009610946,0.6594934473391895,0.0
5712,30.162439346313477,2847.7164656454906,3.732611683701279,286.7453436008303,394.16408194152484,1.8813628462036125,28.021570388126516,97112.37087087109,497.02934549680685,,5.279079335933408,2560.4998957720773,0.4790631796561925,0.6697443998777663
5719,24.54657745361328,1874.2096667124922,9.72545985670564,80.30077986013141,134.4127210023316,1.6969664926653998,inf,14391.61857431548,,,4.253768061568638,2243.944582646622,0.6072893767311945,0.0
5724,31.319549560546875,1914.9352918833374,27.006586583946813,42.18343075862022,69.47201905616751,1.1885775178175453,20.31778298358453,5479.5241125020475,63.518283297659714,,3.492609483876276,2607.875431211889,0.36448137050078167,12.418282857384206
5745,32.583614349365234,677.9782058437701,30.398359991982716,10.82422491964874,28.061901598907827,1.456980615419783,15.150859764539913,712.2381096049041,19.132287113311687,,1.2742773462485142,700.3568102063807,3.125511115004169,0.0
5746,34.694244384765625,643.9476169215953,19.37551350684136,16.642103618137632,43.864675683268864,1.4121281137928985,10.952711904074567,1357.820396793302,21.619671998602907,,1.1556921737141068,645.9479452067759,3.6575169272642754,0.0
5749,27.844072341918945,1642.4234342778611,21.06454615380121,52.17879749365821,92.70133667143661,1.0566324947879229,103.82566546999371,7538.259695109318,433.1150086441427,,3.3370112664391076,2798.6774047299555,0.2986324373430831,28.06504352923238
5751,25.397262573242188,2523.087415148588,61.089322697477655,14.142512635677589,20.60223233337421,2.0650254767333784,inf,1063.7017134412506,,,5.493089541076267,2417.9137983948417,0.631486001417464,0.0
5752,28.12003517150879,2240.4430550294887,6.608440305767627,125.96036079531386,193.79121325031377,1.9032070810733994,78.75594327836536,28273.582424840897,686.7994409364294,,4.460019573962461,2114.0786913029815,0.7527848623435868,0.0
5757,28.72827911376953,1965.8146674920893,13.105736399703579,62.72562754709576,106.65804064171452,1.6909124809025717,52.06440122085021,9935.678225754997,249.88891596299877,,3.7065866257888302,2088.2271853753928,0.6313886669691994,0.0
5767,29.3505802154541,2524.961512990109,16.362826078046236,60.3998264144724,86.45182157566624,1.8065324213846856,37.26899106266869,9388.225906999145,144.98874745447202,,4.893777225352118,2396.520260720397,0.5104757511956423,0.0
5768,26.994304656982422,2335.5363538440706,14.419156351209452,57.385894573139154,89.59720313365005,1.995844155914575,inf,8694.362225488918,,,4.6593801426135855,2226.8771537673965,0.6644331627678134,0.0
5778,23.625089645385742,1975.3872922417302,4.025736631618845,232.70155668115845,383.1887306817188,1.4910513826228287,inf,70995.19044056474,,,4.601771204928883,2806.1873007433337,0.3893948972229921,69.22641152291844
5780,30.97043228149414,2483.7334287450317,20.04693935191246,46.656058412259846,72.04202065144973,1.8777331011240648,22.945125564136465,6373.706554940222,74.38559443837319,,4.28543276039066,2245.368850658344,0.6025436394695914,0.0
5785,33.94358444213867,414.7750772608413,42.12080501069827,6.655032098252146,21.134705819918327,1.046287020419846,11.899540310315631,343.364369844307,11.317197773285123,,0.78472850220056,561.5484719796042,4.160903106353404,0.0
5786,32.995819091796875,250.18195173096234,58.91130323646565,2.734105980744023,11.757570336720606,1.0983152232501936,14.174129118540455,90.41760787973146,7.499399403284956,,0.4614789973305343,340.50467247329937,10.8872512092505,0.0
5787,29.693727493286133,529.508769585782,28.358446946136866,10.360624371771019,29.79449517638343,1.2743531238718255,31.01226020302024,666.9739751545867,41.57975866624354,,1.1036937014582726,672.1844839974092,3.8718409143557184,0.0
5791,28.514543533325195,1868.5634192278858,4.795983744175046,206.70047078684635,358.21844602452063,1.3328266760815977,59.194434366585355,59434.9900516055,954.2042231444409,,3.569995939418428,2526.285649358913,0.4162321204259111,36.23566271882885
5792,28.038747787475586,2422.148235289656,9.22888583345649,90.95018549294818,135.82309871408327,2.0404824222015847,85.36672026284921,17347.43941362106,521.7647612921326,,4.790217709571576,2148.73899814286,0.7218303599186403,0.0
5806,30.43585205078125,2399.388023960779,28.308909872315983,35.71834442139246,53.37919075781093,1.6779191185807063,25.76361409479951,4269.401287866514,61.88583921196182,,4.420927329104596,2396.4597067480468,0.4927178993983068,0.0
5808,32.738670349121094,2399.812246991466,11.518798447495518,85.98166317858585,127.2260625519892,1.713362458047524,15.355177720124155,15945.522623607723,87.9110460502842,,4.182744248193079,2186.385059690573,0.612606840421742,0.0
5818,28.92331314086914,1838.2329456461766,10.815080686282167,91.30196080178084,157.42568091603343,1.3163630378020086,46.264677284909624,17448.180787239366,327.7461745771849,,3.5129343177675914,2465.040280971092,0.4343890715139698,11.099342155010563
5825,28.958208084106445,2631.5886404638522,16.74504158880821,59.293724939467324,84.29167096977963,1.8741659371348063,45.08852965531324,9131.520474531591,171.02643777975666,,5.092370233064336,2456.7059165774494,0.514616547674911,0.0
5828,26.282495498657227,2393.6534680965137,19.80516684945898,62.794978755966795,96.75631018291477,1.360952150407282,inf,9952.160525248344,,,4.899564333924064,3429.1348202777403,0.26387244434771584,44.76785411691498
5829,34.85738754272461,608.0183415117318,49.44930174548912,6.568226697169406,17.748905258360644,1.3237116326493636,10.703418561470444,336.6682768877938,8.548828289465296,,1.0908817068830976,646.5774598204503,4.2972377030921844,0.0
5833,31.559959411621094,275.2710475241332,91.22699450195621,2.727941158196742,8.763962887889235,0.7821448178885252,16.201087213958786,90.11197185959388,6.3893577188966235,,0.6741786691147843,476.20741783010936,4.753998028823891,0.0
5835,30.02099609375,2372.2608689586064,8.3316468987079,116.8391654668625,170.34562973170057,1.723170079170751,28.792877353271628,25258.797149875758,220.7133371038804,,4.5622521795578415,2295.751355804297,0.5737715118106985,0.0
5838,30.213224411010742,2463.975656029429,13.56415761453762,72.71013917674338,112.05909919239231,1.7665812283556108,28.24908366107304,12400.022111120707,142.45050906316678,,4.373154490216429,2413.0441261948617,0.5090535800457547,0.0
5847,28.65519142150879,2091.897007364386,5.015248103093282,169.74791828799866,283.73378843047306,1.7375144355887489,54.79767757946236,44232.010614927116,699.6578695565602,,3.8987666684956053,2184.9499530304174,0.6304155236944577,0.0
5870,27.785554885864258,2378.9268091579356,32.02805974709491,26.17791451204366,39.935039413783656,2.0063209480248587,113.6744772015778,2678.7523394890472,204.28176273238174,,4.686183107763923,2179.567395828485,0.7095653179032301,0.0
5881,33.42423629760742,2416.5133219380036,11.563864515878008,93.45259065836795,133.70176641082014,1.581174697014505,13.487527298968985,18068.288379449823,81.148780097384,,4.26200880745025,2302.1537144601652,0.5762818625056293,0.0
5892,31.305801391601562,2120.557389118767,19.88134504003393,64.39395650632493,98.48241677703967,1.1712353186226931,20.11593322498948,10334.694914208076,89.1479573875131,,3.959348562344817,2893.473080280417,0.31729381693664366,27.21008458889931
5893,30.30883026123047,2234.2091716339723,5.253821772943044,223.46576505091267,340.3554466358961,1.345620199468635,26.497600630261893,66810.77255233774,405.83712137815746,,4.201717918822166,2766.582205619524,0.3726004092476458,62.63672805086062
5897,33.497642517089844,2256.833434314029,10.57750808313139,130.198319106876,192.3105957252566,1.1587660591373208,13.31838740193964,29712.422488926586,115.2570156915044,,3.9817645313045884,2924.283763962977,0.30998304203142596,54.29291657822725
5904,29.978069305419922,1483.0772707884992,74.83799933829827,17.11430994109823,30.65245107497829,0.8187799882206057,28.72593288301741,1416.0190136417464,39.62341135259106,,2.94022301921414,2974.6103396529725,0.23469710949222802,11.953958517904372
5908,30.64846420288086,1911.4409409598131,22.004107775650414,37.04874484042519,62.72493402648769,1.657939288876011,24.418361049371693,4510.142300107518,68.92380386355582,,3.4611960881071724,1932.207430372736,0.7446730840486969,0.0
5909,28.103445053100586,2273.403009520004,13.821463850922148,63.49249690095038,96.26432362893584,1.8318292275766594,79.60547160782929,10118.441038235711,344.8425096670564,,4.561426149206273,2220.647224818305,0.5993570454622539,0.0
5926,27.551841735839844,2090.173508566404,21.240028353011194,35.731169603102515,59.7724206335914,1.9474441731409415,164.37590655753567,4271.700978534724,442.1315622953221,,4.037049627516541,2019.788023074927,0.7933449933123442,0.0
5927,28.98902702331543,2311.673557976123,14.61125295828645,93.95270649237638,149.3376102795779,1.1907339947027185,45.59411115238695,18213.52216718915,306.40120210435134,,4.264502357410149,3485.4183579019623,0.23331569577289915,72.23325480128692
5930,32.74892807006836,2359.40424618072,33.023351799139924,26.163120914678036,41.59080367608251,1.930975036931472,15.891599141549735,2676.48194562323,29.742497099783836,,3.859361224995671,1976.92035435091,0.860322762487312,0.0
5931,27.806293487548828,2238.3450303090885,20.0693449330096,54.99204271308978,88.90930495159836,1.4340985099855277,112.5135796334135,8156.048015266325,450.15768732703975,,4.286133946313736,2912.710648215212,0.3592920700279856,19.56768641557855
5932,25.177330017089844,2020.5463255640707,63.457176944014435,11.52413361548364,19.534307759190565,1.9537310638202878,inf,782.4244678900277,,,4.259039236770361,2111.5767382345293,0.7828563151602763,0.0
5938,29.963851928710938,2348.8677746762974,18.941377874408804,46.40052081712702,73.2831871188487,1.8897708616836433,30.633197597113213,6321.41464968352,101.02042582010613,,4.197965497827174,2167.262796605476,0.6578212769514609,0.0
5939,27.619827270507812,2123.7141527883364,12.681112816929721,63.04521905853961,104.95385433795674,1.8783284610037367,146.60706992861697,10011.70934222021,692.4139677991217,,4.07982949557644,2126.658775756472,0.6910246196343224,0.0
5945,31.585861206054688,2243.3170780436744,19.85695873779864,70.74525236310947,105.82187714898552,1.1291863802653614,18.95419221785862,11900.794223571322,90.25956901514215,,4.13055081795562,3160.415454654144,0.2603348222284117,41.945771537947095
5946,30.186229705810547,2066.9434281016365,11.695349577960222,108.47076614362196,170.81813563057491,1.1520933695076447,27.429385458517984,22594.308649357277,210.84464184824003,,3.923045631968229,2990.931677545787,0.2906749669416778,56.726109221738675
5960,30.544172286987305,2552.457078912528,6.42152155125961,137.25212426640033,209.6519796486907,2.0477947763751496,25.74215630442941,32159.44964072789,242.86023133423427,,4.4468112884979325,2145.9524194568066,0.7687218693282408,0.0
5966,30.442394256591797,2970.001195254942,17.878434137676802,53.60684397248019,74.86081418778825,2.1912498926485355,26.29228405992812,7849.831868510717,88.57178062122716,,5.26263697004539,2322.0292417971496,0.7085801996144825,0.0
5972,30.657541275024414,2159.6359497331705,12.252609569632858,89.77363985783319,141.3870229752517,1.388315337354046,24.201429457597396,17011.916663958455,153.97956282398653,,3.9539023546031427,2589.6436741278076,0.40952796792365254,16.130741211052058
5979,23.189809799194336,1962.2938719764234,14.030103515352263,77.04346572869598,125.35678760740534,1.2836669612745402,inf,13524.889077840227,,,4.723938208633969,3266.5789426158353,0.2789032758471673,55.35090612596505
5985,29.591230392456055,2464.611408372692,7.1445206244567165,121.71500368435508,188.2671385207019,2.004085499739378,35.09891142063057,26856.299439401333,297.35872282591663,,4.440901811821413,2172.8368943884584,0.7096637309063978,0.0
5988,31.719961166381836,2947.400742554758,6.8602188567311595,166.537790993372,221.36401163435198,1.824204068935687,18.61149179716308,42983.24460771896,185.39615190239346,,5.307834285389676,2587.6288780333025,0.4690707357844673,4.318940641992933
5989,35.57233810424805,3437.156791443495,28.518454100189327,39.04237761073416,49.177041570061554,2.1828410288839555,10.410500786672246,4879.040037947039,23.03809334781028,,5.466860180900989,2309.4419896285267,0.6658324082936037,0.0
5995,28.295574188232422,2284.648145270285,10.13481178706258,87.44903132837098,130.43532305757446,1.8227774020463283,67.26591487000445,16355.450102214305,394.82331015745496,,4.6191148063619725,2211.1147346558123,0.6255984657759572,0.0
5998,29.47198486328125,2227.0743785108134,28.89737862889486,40.6730090836839,63.09490749239262,1.3398462704571379,35.80006626993724,5187.874377139416,101.64608412854469,,4.2247618269750244,2868.226662930858,0.35308926529340023,14.126771433955147
6004,34.7730712890625,2155.221286855668,63.86233883996234,22.3695457064795,36.25548971723119,1.0667800518085921,11.596832286495893,2116.0003835901907,18.920197517197796,,3.431556163332551,3054.8769284835853,0.2565434108596666,12.864290463730606
6006,27.260272979736328,1840.2903367174201,8.285571710565875,82.42673639615695,144.83937365244483,1.9053763163455044,345.6432424155048,14966.910193701387,2252.823783239784,,3.6417802341910472,1820.3977466745373,0.9021908394026419,0.0
6016,25.995323181152344,2093.44719048415,11.272338787977356,75.86424282614456,121.88430251122561,1.7309951514044106,inf,13215.56354048914,,,4.4395324917061725,2348.0893696104213,0.5493526992129221,0.0
6017,25.860361099243164,2304.680760637907,9.221095527345978,89.56689081372785,135.82427346995016,1.9731757016855007,inf,16953.182746523715,,,4.959027946370893,2266.1779868774265,0.6757002054481739,0.0
6018,27.320104598999023,2263.497565732092,6.720006144908754,135.98829841991483,206.07000079260825,1.7514341930656059,273.97064426764683,31716.284514985913,2540.570889662342,,4.673979865577502,2369.7683667042415,0.5619083466903954,0.0
6020,31.150867462158203,2357.9449726453186,19.206782536157405,47.62735985804148,72.78561301130442,1.8226678825864706,21.498477659609758,6573.7738181649775,70.41509438690383,,4.196885083752951,2139.725033096158,0.6428568549332331,0.0
6021,28.839984893798828,2374.8903549524603,10.874777625686244,77.73001910844687,121.82220840075904,1.9866410562191588,49.26879289025122,13706.076685530299,270.0914919808509,,4.404477148651204,2155.5689033815565,0.7145438980154825,0.0
6025,29.383333206176758,2407.8331931583684,12.256674599623736,73.91609537879603,114.85224296140086,1.8793156305075778,38.00369619842693,12709.79428895599,196.4164387145848,,4.397712313684894,2269.039481251495,0.5947378757854657,0.0
6051,29.307544708251953,822.6117042916092,25.900880940272344,14.410870544751914,32.910783959624546,1.5583863452432511,35.987901092128496,1094.1209173859233,53.29755171015198,,1.7530136638461402,859.1337912400453,2.146199607771639,0.0
6056,27.914913177490234,2123.2065266869204,17.10118718822503,47.7246114668672,76.0734432955513,1.8395372243311896,96.88385861637718,6593.918845948898,331.66299261182303,,4.218882755541251,2097.029174169831,0.6975678103793891,0.0
6057,28.310993194580078,2135.4224912664886,16.79370785018089,48.11173559414088,77.51573663722088,1.8688360237264314,68.14253628000402,6674.312418192449,237.69535032328778,,4.132142901363165,2065.2930398554377,0.7685417472068325,0.0
6059,29.881359100341797,2374.364774047362,26.31972310286095,33.738881387653585,51.16293388810368,1.8906905225386772,30.8809697876948,3919.457998620801,71.09824570417602,,4.406831496521147,2151.422351305957,0.7064328716586109,0.0
6063,25.869876861572266,2178.998936775127,12.4861466709774,62.21988719975094,99.15835442344765,1.9832815370508192,inf,9815.75759663923,,,4.586703900890152,2157.4487474729344,0.7015948920946261,0.0
6071,25.44870948791504,1254.2297222838895,64.74160645963228,12.988953858329335,25.389767756212244,1.0546404999186016,inf,936.2487625621173,,,2.8808577752640754,2275.756206199732,0.4931277880305341,0.0
6074,30.001562118530273,2489.4596717121776,13.314780847870407,65.91893493830108,101.43222918077954,2.005607259841964,30.300768004583254,10703.979491885308,138.30635000675343,,4.430802591854706,2165.574360498306,0.7036560243507877,0.0
6077,26.170745849609375,1956.6124163785807,7.810528160796974,88.63431449301996,153.04393992112944,1.99851547098757,inf,16689.09669465244,,,3.968613224794429,1930.7653212506252,0.8438440420642075,0.0
6082,29.075483322143555,2047.4149448843432,17.543184388374296,42.74583914094814,71.40215048209151,1.930583526334302,43.42036750793747,5589.471760564678,139.51384266552606,,3.8086391122741508,1886.8410524191536,0.8686961204816137,0.0
6091,28.049285888671875,2240.2973760555933,7.277845165351877,117.79855907203256,188.52658832665924,1.8477698753604725,85.980443623711,25570.54372635189,729.4319864635904,,4.297295249973505,2232.1221867292747,0.6272681221204707,0.0
6092,27.69940948486328,2226.044923383728,14.29664757892057,57.43116191684536,93.68411675104477,1.9170662089762232,130.16411906829435,8704.651730175081,548.743973741594,,4.251457816821896,2182.297995764388,0.6698521502343374,0.0
6098,29.690261840820312,475.8259898587316,78.58990236882012,3.593250163502245,10.210499303107843,1.1914586062109735,29.913125023942577,136.22636763946167,13.744257399483457,,1.058943312501786,622.4293398939103,4.02701986302642,0.0
6106,32.27067565917969,2548.3917582074378,25.564154831425082,42.23661805159799,60.722210369285584,1.6689011675119532,16.725939972697887,5489.890726699297,45.703622054079176,,4.493501531990928,2416.0498474993556,0.4882269292302257,0.0
6107,29.982088088989258,2283.1456494635404,15.053834008437965,59.0929623606698,92.04381194833556,1.814829101521661,29.961794710913285,9085.182141706224,124.10090091026717,,4.194298829961988,2157.5328882747312,0.6361245379505377,0.0
6108,30.51632308959961,2169.8803701716406,6.793457975769942,138.59657201630597,213.4215644561808,1.6295864737441186,24.884028511051316,32633.129832102386,238.98547326603506,,4.070421527432473,2200.485114951571,0.6106718788486157,0.0
6109,27.421232223510742,2038.0145221891487,17.027054656977977,40.791100374472414,68.33154425343874,2.0748529634666046,213.9620245327145,5210.484725085317,657.9159996560636,,3.9983170249662066,1844.674208818085,0.922641894222224,0.0
6114,29.79400634765625,2621.349342889463,8.290378897059288,102.92483989171495,154.42026565301018,2.1722776052205495,32.55948014750054,20883.837045552424,226.25296082554243,,4.692564086477295,2119.288574995081,0.7656841395356048,0.0
6115,28.855602264404297,2241.4702829313114,9.405405245958056,119.55200002501832,179.85580160955445,1.4095602016393534,46.9433167579789,26143.59244325343,379.9362539572886,,4.455477521581064,2753.869895210551,0.3971639861809232,26.460305399121648
6126,28.93524932861328,2545.5631806292367,10.149901450859213,92.79940204396523,134.0608305235597,1.911005246789891,45.6090481461406,17879.186822609656,275.1474093237283,,4.932155364829865,2331.550578258825,0.5607285083242372,0.0
6139,31.167194366455078,2092.744025349056,11.162344901348726,103.66748367879443,161.71649547652308,1.2788014450554617,20.941100381712648,21110.272102278184,152.3934614318692,,3.8716037075069916,2645.658870722524,0.3795183767900682,26.26319768054312
6140,28.987335205078125,2491.8644475099695,9.909934734079586,87.43666639677589,134.67292195605106,2.033503997032614,45.790837622951464,16351.981335270004,277.5053655674077,,4.56944726406768,2207.7307974496325,0.6936666936659901,0.0
6142,27.43157958984375,2414.580209685881,14.662806742561122,60.13133364428267,89.4625310788124,1.9364607211739646,204.8323557268466,9325.695906649891,824.6169445571718,,4.8984506561358545,2296.0561781563747,0.6094204542912487,0.0
6144,35.41670227050781,1949.8805721649514,11.892446242881379,102.72086362305348,163.14134052218614,1.1286600558640842,10.293454932853388,20821.78648599158,75.5679616357685,,3.278062973011045,2469.5595244780166,0.39402912863190254,19.513186752214544
6145,32.047176361083984,1845.4425137306257,16.202405108015842,65.60088775728474,107.06609512439131,1.2277114896706514,17.123265926754662,10626.605801904348,82.49945483493735,,3.3893211302918904,2346.3787599176703,0.44609792308614526,5.207792260170404
6150,30.806665420532227,2651.6598817098165,11.64833655049839,89.48279867248085,126.30216202360621,1.7988682288725417,23.16241793750219,16929.312964664947,131.6458558440398,,4.867240164795413,2433.540392641901,0.5090099270393142,0.0
6152,30.60394287109375,2970.2268921737705,18.932747681765168,50.60205483481418,71.56489469538708,2.1922638779966506,25.298049208972465,7199.166618201175,81.47035024374756,,5.171844206553475,2326.8788144177715,0.6879658342282208,0.0
6155,26.674222946166992,2189.694844903423,7.997939195414596,91.92556921777162,151.70889200426817,2.105979659498382,inf,17627.24688871323,,,4.315560028976213,2027.3272173340567,0.8170429524843459,0.0
6156,28.212657928466797,2055.731289590591,10.55888597965246,79.01468237582006,129.38895730402976,1.7423100812616696,73.55031957716906,14047.262355580122,428.2469621760632,,4.001773945091377,2136.023817253518,0.6332018076791174,0.0
6158,25.287841796875,2454.1885498507413,28.28610246101212,29.919621366235432,44.45980734493106,2.0505186530748705,inf,3273.1366384408925,,,5.332513316263858,2386.281665414464,0.6218095097785479,0.0
6161,28.33597755432129,2061.3927233697996,16.439342243210874,48.286205605803474,81.28576339314016,1.8362771269933371,67.87817872631095,6710.650405344785,248.28883089768863,,3.882485764282728,2058.0189278294274,0.708308617059859,0.0
6163,38.23981857299805,2488.2603775755974,19.589635377922402,75.3426745124202,112.93227196900682,1.1921020667915745,8.017970535910909,13079.512123099335,40.74694331404383,,3.6736551522826053,2897.747200315966,0.29890005878548204,31.19406974556459
6176,29.285144805908203,689.3214213316338,27.692840332430407,12.262215996188235,32.42688876100125,1.4353913126244289,37.57065731582606,858.7829993264133,54.823478645609526,,1.3867974734940394,808.6363535884182,3.964669237736235,0.0
6179,29.452909469604492,2603.8137043706324,10.295966193616172,81.43389361638255,123.15967477036489,2.1959507839375654,37.18254777719295,14697.308023029993,206.0725721117687,,4.688354542351344,2109.9398503923053,0.7918440717819637,0.0
6180,31.2697696685791,2271.1489484465496,10.926030194204033,106.19175058524712,159.78291145858853,1.3841317886340776,20.495269500605033,21885.988468361196,147.36572243707877,,4.169125612302612,2652.173188074783,0.4087736357303481,18.73262149534939
6182,29.415203094482422,2803.569853444767,5.9232864102361695,165.337788754294,230.08553425433985,2.0242377783631955,36.77730239829138,42519.503360994844,380.7866371834929,,5.293267620342002,2403.012669075973,0.5724681457224694,0.0
6183,31.093271255493164,2589.258051415972,18.167916670563127,56.160260771949595,81.09941023147853,1.7944282283694035,21.678043218914265,8417.316728960272,79.11344340119022,,4.661991229287927,2377.161408902665,0.5325894311539576,0.0
6186,27.2845401763916,2226.2314963523136,4.437261440267612,201.9716995423916,312.40551830463943,1.756506604911475,310.3746271269128,57407.12210071364,4363.323581528658,,4.546626477648986,2343.1322415572326,0.5667146453492194,0.0
6188,31.200271606445312,1505.4725061445515,56.31475827341273,26.653971732969712,49.87522580538115,0.7092080780136153,20.982233773895196,2752.1550340490767,47.092214131844294,,2.734914935091863,3462.4657688633947,0.18164751763272877,23.66104036874606
6189,28.178131103515625,2079.3502637060806,33.11067412447145,24.80398991918229,41.41136930849797,1.790288759199654,76.79799473230288,2470.656193334281,143.11395549051642,,3.9519619424837424,2135.4056523535423,0.6267006052743437,0.0
6192,32.65901184082031,1708.922375600656,8.561648592836717,119.0760768557637,202.73693831630624,1.1852921881491287,15.31077922703589,25987.635827126163,139.68272266767713,,3.074229490794713,2217.8282402986856,0.4671754949036058,3.4839365310603894
6194,31.56544303894043,2349.5006138578824,28.79025414876188,53.40359323316578,78.25694426361282,1.0805493017430468,19.066775299363115,7805.230170298355,67.144840735009,,4.317456634884202,3466.091657623589,0.2141229124792642,39.98199014415757
6196,35.414180755615234,1840.5813773630762,30.486674720032294,21.24547354055484,32.24650712554583,2.009386838035186,9.869188557793747,1958.5272520994831,14.321108661851314,,3.332781004511263,1255.1166180267116,1.5775483425953258,0.0
6197,28.77829933166504,2063.5989916666704,14.718568463239537,57.37145811510273,95.05745159339516,1.7280203358643795,50.55266815763394,8691.081596109092,216.24335128400656,,3.891193519806455,2139.597506521538,0.6584748688976312,0.0
6202,28.515056610107422,2735.2983392608926,19.62242029640838,51.98067622918058,72.98472995505011,1.8962483033118516,58.503343126994075,7495.36667056559,192.14328148160848,,5.331205124270109,2569.789212890338,0.4763499944297649,0.4988789732594778
6208,29.01416778564453,2442.0973960460324,13.55460469121676,64.10379307977051,98.27912841016905,1.9873639085611445,44.80279404126382,10264.920436107386,198.1430796922076,,4.540724646553677,2193.4819658716465,0.7085451471083948,0.0
6210,26.38508415222168,2055.995919158182,10.74510831285358,119.78756475970091,202.08374978582373,1.1294960511441332,inf,26220.90032302798,,,4.132393161917456,3565.814769900713,0.21865307702297887,107.87681129907597
6212,27.400344848632812,3138.2874424338916,38.51547326701216,25.580237844161545,33.109046228313304,2.252360509443892,219.77742992936544,2587.5387538445457,327.4479489362061,,6.4259740535614425,2556.3438305157597,0.6241368471202372,0.0
6215,29.84292984008789,681.3727106489077,73.53861817450836,4.536195683170849,11.918572129844538,1.4443168969291533,29.992874290035203,193.22693590136032,16.086250602321496,,1.364095410210728,775.4057756128093,2.3847244628434443,0.0
6231,32.689048767089844,1798.1260559391028,20.607769225134316,52.145310526786545,86.95872003173123,1.1832020027949783,15.271108707425118,7531.004077141914,59.758022999840115,,3.2169230542766827,2342.081725839659,0.4332087071406456,5.681436188486629
6232,31.62488555908203,1797.4295659642175,9.563436240128226,115.28636110601603,187.6435147125738,1.1527761566458594,18.513770791784303,24756.93592744638,156.32950598790285,,3.3941450489420255,2440.658883898334,0.3953434324629091,23.596004431071343
6234,22.30759620666504,2134.896235517958,20.996666547589474,32.93016530377454,53.66205134398619,2.183320595952395,inf,3779.3826225165685,,,5.103865363030084,2222.436507988655,0.6988631251480811,0.0
6240,21.218252182006836,647.1965428574821,40.66521295404801,8.527555488091515,21.072101324786292,1.31969504463518,inf,498.04298418606993,,,1.9435982941115444,1054.491008467824,1.3986224201246256,0.0
6249,34.03494644165039,396.5569513089421,62.35695338438006,3.96056018515444,12.530428044973721,1.1354004540868867,11.571044162445396,157.63945385183416,6.524556132723087,,0.7683790940071064,486.2348524525728,5.000374448778062,0.0
6250,34.31441879272461,1267.7524438269854,61.22741678775572,8.643746423264629,16.9788105878581,1.693836566165501,11.815776494775035,508.25659458663335,9.027802397396306,,2.1969691921116676,1098.1273317828732,1.7852400914088984,0.0
6252,28.575923919677734,1995.5398292058858,19.006017355981268,43.33813060798798,74.12047574791951,1.71310549014483,57.53211336874783,5706.045846626249,191.8938426153673,,3.731016534575394,2118.5955493643505,0.6662454992083556,0.0
6255,32.5733528137207,2220.8625911384424,24.337390731150663,38.459578291224744,59.88527985784461,1.6777535189821244,15.920141325904563,4770.202025809281,42.90219534052044,,3.8409918667565073,2090.1908309849414,0.6469781877680264,0.0
6257,28.90460968017578,2460.2189969909255,17.507066935031528,53.121491924270046,77.58592001841127,1.8705749488347845,46.18123702801059,7743.465919724004,161.2356193082935,,4.800606775794759,2296.297048247893,0.5754589298859942,0.0
6258,26.431432723999023,2184.53067525532,13.257020749528081,82.64649252454271,129.9902801670494,1.409849603592185,inf,15026.804500545444,,,4.561370202879171,2962.328958180266,0.3446054267267633,34.119955510846424
6259,22.21835708618164,1864.6403498307418,17.867208791418737,53.978142124167704,90.19724812243501,1.367116217235366,inf,7931.528596430509,,,4.669374360572579,3037.015544622765,0.3155728892718575,32.15474511601909
6260,30.427114486694336,474.23938160121105,74.42834775054534,3.641564509292543,11.019328342365563,1.2372464943610089,24.322993742126794,138.9831041523599,12.06103744412091,,0.9709306985996855,605.0628903303941,3.861469590324557,0.0
6261,30.465259552001953,279.53855608822164,122.79984832479572,1.2862891924316793,5.200281538653864,1.251383051512477,24.40765483830161,29.176818020734743,5.711700458585499,,0.557310537632485,357.37902281665043,9.484886008734337,0.0
6267,29.042871475219727,2056.3356479222457,8.542890788523641,97.27327012492256,159.5050271328021,1.7497686691425482,43.7034648305396,19187.58293378678,313.6915054616707,,3.8922017286993973,2073.592480872056,0.6810646278819209,0.0
6272,34.14408874511719,527.8620984260265,58.591102960324804,5.680241709570138,16.299139986325176,1.1215199206435469,11.694335308104787,270.757328534655,8.577342370522127,,0.9747024018710782,670.5568027406887,3.161781343599062,0.0
6284,27.609100341796875,828.0760346805542,19.059578728612287,20.64786994425321,51.200801262611364,1.4878757475381457,143.1398827224684,1876.4754189677992,329.7994509611971,,1.7109182432734347,1004.7464306998701,2.7438137869728787,0.0
6294,29.024539947509766,2069.9766658597687,10.259349565693078,102.94257503080274,163.82938342338178,1.3859118133687625,43.43400251215353,20889.235067687496,320.2094633029078,,4.025923144972177,2597.1148363272528,0.42716051328689786,14.339587064973383
6298,35.87794876098633,2927.833780573578,12.154537879160971,95.15894458371714,131.09004652006178,1.7899601048272284,10.10881693990259,18565.404694572288,59.63243773115786,,4.579275468405715,2394.067539082049,0.5159076828983293,0.0
6299,26.022687911987305,1958.0283855289813,22.373981771963813,47.02330648496221,80.9494896440981,1.3159747064878675,inf,6449.109354898876,,,4.00313573804084,2945.3309903315994,0.3375723988421602,21.244809939338687
6302,23.644298553466797,2248.853789672811,27.892095831483,28.237575105001063,45.28084846888669,2.0190063038608344,inf,3001.0352332702414,,,5.038172919107374,2409.626134372709,0.5982000813120901,0.0
6305,29.701080322265625,3061.646172234523,11.687747677096192,84.0163441749692,112.94426881978653,2.2046791439357167,33.065418002626075,15401.948458781339,168.05472567872434,,5.67598773258566,2401.2676012468924,0.7056224063969468,0.0
6306,36.911712646484375,694.0088430895232,35.15784952199687,11.847529757455527,29.00495963173369,1.1781481218877328,8.343911458512354,815.5896539347259,10.890666676120995,,1.2241951843450531,774.5398596677792,2.475883908373514,0.0
6307,35.4808464050293,854.8794172755507,17.591972206333615,29.114095971448585,64.7020953914334,1.1802446038547116,9.780242805325146,3141.8464747816456,28.476099132368752,,1.5487207632453477,989.6606995287483,1.4987322193085968,0.0
6308,31.43560791015625,2283.381592284235,12.02378914192125,136.53908290476443,204.9244334763962,0.9834791671258722,19.732092727217353,31909.16707102813,181.961456554293,,4.1711040564458814,3735.2547357948674,0.18623836636536456,117.15009063464979
6312,30.991064071655273,2592.1869724388707,12.433230689148639,73.85531544306028,110.36105522705064,1.9961150849935088,22.678123083767176,12694.120943707576,112.62517173420666,,4.521251227627326,2188.7734125423367,0.7053801393792659,0.0
6313,26.78559112548828,2730.507162216617,90.93507983370414,13.790955534016986,18.642864403289792,1.539580889391489,inf,1024.2866984536377,,,5.86066921896307,3273.629536065473,0.29814092079249566,7.62774429113534
6318,26.750022888183594,2083.0818710733597,21.773632909319886,36.93926656424841,59.743230226327434,1.8313534737718815,inf,4490.166009600274,,,4.283818267319545,2155.6559354213036,0.6672976006767583,0.0
6319,25.48467254638672,1110.2059072658103,46.78220542275523,16.153232987946176,34.74880999615882,1.0388393388558705,inf,1298.4319141855983,,,2.4596128428461514,2083.3856747264763,0.6141836318944611,0.0
6322,27.95904541015625,2289.064042607343,11.778593892959654,79.58450873502738,120.09909527255512,1.7267161759118463,91.52479144081524,14199.491933205643,494.64200911730427,,4.620393639198875,2381.6162058743994,0.5391087551504626,0.0
6325,,,,,,,,,,,,,,
6326,32.100677490234375,2808.0841569133554,5.294652384913075,187.39747727489845,259.1638626459287,2.0012158275189207,17.378164828245367,51306.880016799856,202.67065451635608,,4.9266525427998085,2243.095162318057,0.6632180300293239,0.0
6331,29.8795223236084,2435.6447790749703,4.266242010416764,203.20770735452183,315.9905817979148,1.9866130685832608,31.576451536001443,57934.89974019678,449.003758138864,,4.352860302006637,2146.4425307262254,0.7325555995524471,0.0
6332,26.701587677001953,2103.0301735339267,14.840819065669116,56.07693671068387,89.96834771586923,1.7868510597596419,inf,8398.590726181954,,,4.346350377894658,2230.062671122749,0.6202446522133429,0.0
6336,28.014232635498047,1673.2744906199518,17.52541352770334,61.94559554922138,108.740087910178,1.0898669563326684,86.2748608770375,9750.92115122721,422.1691180293345,,3.3898335699775197,2744.623962415362,0.31191919022482695,30.362990383890548
6344,31.180940628051758,2689.9368190521845,16.490262493652942,56.11801870350547,83.57881536436145,2.0554039334684067,21.838667225816746,8407.821634169179,82.13624711416212,,4.5956774711540564,2212.8290873341184,0.7137344588205983,0.0
6346,29.654727935791016,2918.8284057496376,8.391307755834893,112.13999792111595,154.22390395743975,2.193326941140827,33.62097588215082,23750.393596028956,233.33211699319017,,5.42492859311891,2302.910003043523,0.7377335427700525,0.0
6347,30.271636962890625,3024.24822790688,12.942324514123706,75.73415015197891,102.64775258131525,2.1817168990514566,27.335641455991574,13181.584869878963,126.26739723717752,,5.49946383258084,2358.645422810251,0.7306374004991573,0.0
6350,28.347501754760742,1885.315165283047,14.390933722721897,55.332805757694885,96.23519173770607,1.6741612962339116,66.83638131108205,8231.974841032408,289.4405386736887,,3.5925243610988407,2049.574974054521,0.691486701777685,0.0
6359,32.67963790893555,2268.5085861500806,9.255197129831556,143.066531721027,208.43850773856772,1.2114394362279166,15.132223340727892,34224.49661128667,141.93621233586205,,4.136851900399257,2855.6582622575206,0.32298917595032745,55.44541678139924
6363,25.23538589477539,2056.0045482939117,29.469512893221093,26.642192072121357,44.95727544615605,1.8516809598999868,inf,2750.3307728636178,,,4.306397203942408,2267.590669630437,0.6291023260267137,0.0
6364,24.50881004333496,1710.8477000408313,6.7325972690895854,107.58547511668715,194.0965046274197,1.6701676742233638,inf,22318.26648518832,,,3.7761939746093707,2119.46324390377,0.6455846798717724,0.0
6366,30.647615432739258,3102.69327386481,17.710791662062707,58.455824530137065,79.29851898197956,2.119132350068438,24.713665446109122,8938.644838943712,88.18906808216592,,5.503709092121055,2482.9778872844754,0.5473377002797594,0.0
6371,33.27387237548828,254.43200914489591,130.2816488345787,1.3624872328676942,5.697001582255753,1.0135403937673249,13.397074092615906,31.807435692546093,3.4345418536453667,,0.47508287669421695,368.31673446700194,7.731887077375116,0.0
6373,28.926898956298828,2183.4282225084385,35.07696401157106,22.968237524806266,37.59008410140358,1.9163474530959395,47.081679772430014,2201.514254399196,79.64119360264482,,4.033108266328504,2050.3390565598615,0.8008204136516287,0.0
6378,30.470821380615234,2550.8555984716227,6.492997672773402,155.8991079805446,227.2823209347379,1.7818945478307013,25.58953142930687,38930.98939550347,261.7221642698379,,4.667817656041141,2404.5939304244753,0.5155298542365341,0.0
6380,30.769582748413086,2104.1306737609407,15.089114544063444,99.53573010815278,154.91629691546575,0.9906379196816746,23.151859434429518,19860.880817653186,161.39701486301448,,3.9362718806941857,3474.6122590614405,0.20607602619267393,79.3913723377411
6383,30.425546646118164,2261.7532246744604,15.590923102154052,56.17372404110848,88.27354002206621,1.8261025983229984,26.148476003967403,8420.343728586871,103.86983443735146,,4.083213209222811,2101.0204339797483,0.6557471064060527,0.0
6385,26.1903018951416,2300.8347521076357,20.176604832840443,40.773654574110346,63.402450494545796,1.977619350870905,inf,5207.1424020484255,,,4.775462329511562,2261.981843101008,0.6141269208378327,0.0
6388,31.54087257385254,2766.8815929565712,24.114171035222004,39.57484931846068,58.038076727562554,2.050142125597576,20.09560006941004,4979.192314162945,52.48394904216741,,4.684868871130665,2256.8568329237373,0.6511376657105796,0.0
6389,28.812089920043945,2023.2698720088893,9.608695633534298,107.04637364006625,174.77190354771432,1.3909208602020575,48.9182707419559,22150.72446517481,384.72926831253415,,3.9059053771205794,2567.0850007346708,0.4265711413933063,15.307488793936283
6390,26.70450210571289,2445.366939458211,12.491862716224269,71.1666549486013,108.96937315260763,1.9450254248507377,inf,12007.285176109777,,,4.910295700659353,2421.3715877262657,0.5417876735939129,0.0
6392,27.824296951293945,1952.0511083325136,5.271108825086702,153.12629234433547,263.4428492078092,1.7101115360893626,109.66191493761623,37896.98381358649,1300.0341294337516,,3.7592384251451167,2121.280803879078,0.6603066415914643,0.0
6393,36.597900390625,2384.5108590193054,31.525937160146153,60.554269515502284,91.93352383260589,0.8832253625433045,9.32780315890649,9424.257630018654,38.58920163068338,,3.6861075935535808,3872.253509766454,0.16134160164820815,51.616340586492186
6407,28.827686309814453,1093.6614350481332,69.48786534756672,8.662230610582194,18.83559695068798,1.2847812453135652,47.921473838425115,509.88778499380936,40.618330492658124,,2.1551197530182806,1483.567925324973,1.3499793295032239,0.0
6409,35.260494232177734,2472.5559456837555,40.811675291208246,29.639729500444616,43.38169566367631,1.4453481493348366,10.711179116734082,3227.314947438981,20.91011006885774,,4.020955973925681,2507.3553756355723,0.44639780026679704,2.189456203353197
6414,31.09983253479004,2394.616313630144,7.047018627997534,142.62762121884361,210.18110547399556,1.6846585115697432,21.41204276977425,34067.12265496776,202.51830689134314,,4.392561437652423,2316.239479305697,0.5699713408153757,0.0
6415,25.273544311523438,1971.3629967335667,13.054961756345003,89.55363887025611,154.15383637002017,1.1923198143202551,inf,16949.42040241741,,,4.127918693166878,3369.680938403083,0.24859200711728904,72.36183115924847
6416,21.296836853027344,1596.8752168435867,18.37495244830973,49.17731595963638,94.22726882802232,1.249582508353211,inf,6897.270017965822,,,3.9234151949175096,3064.754432172294,0.2912974174456608,36.857479445319214
6417,28.747344970703125,2363.405390288919,18.22324122143421,68.51290809347155,107.86694019916804,1.3385210269689558,51.94324858386556,11341.97272518508,252.1331679935856,,4.386731530569899,3197.1080681370518,0.2870775326701025,39.762853343825924
6419,26.210613250732422,1970.0601836980538,14.259624363252406,48.31139035353615,83.38129007412512,2.0221197663141774,inf,6715.901224002892,,,3.9783859271750153,1921.8912917524553,0.8516546658674493,0.0
6421,28.801687240600586,2047.6839643483008,3.8556749877698846,216.33892937391818,367.2340282626942,1.7358525717406794,50.48018934622842,63640.26946305159,834.211947648555,,3.780603050263475,2136.6466281607386,0.6655751632147944,0.0
6422,29.416236877441406,2039.1368176978233,8.067775527521805,103.01688862805678,174.9304784578437,1.7348787725811177,37.60832987274131,20911.858860510118,296.04794123875735,,3.699453573220444,2086.2168981505793,0.7003633337237605,0.0
6435,27.450660705566406,2059.322774499306,8.976235322080791,107.77698162067395,176.56360778151966,1.5051825625365476,198.0468684780833,22377.884123663785,1573.5541323745128,,4.105695750281594,2541.9331091341846,0.44227526786336036,11.355886457592938
6438,27.1813907623291,1919.6679856957994,3.358146256184734,234.27665436368846,412.0344314443475,1.7253710396399238,502.2289077111998,71717.23142902265,9312.102109966494,,3.7261474938813,2129.2526281821183,0.6522144368605448,0.0
6441,30.95943260192871,689.9284629532289,76.19038589208303,5.631697131114482,13.730659785854568,1.1369715571379557,20.716050568085578,267.2938286141649,12.800026910562405,,1.4308987442191718,927.7342663983763,1.8860686668981022,0.0
6443,30.332002639770508,2289.4868849921113,20.272751661212784,42.25768180179888,63.696924443430675,1.8897519115423118,26.341180895897462,5493.998019437271,75.50334941745241,,4.294796959677543,2019.44219366648,0.7533892649276988,0.0
6449,30.521881103515625,2681.223339678528,3.983819086373997,251.57255001562606,357.18646020343283,1.8917124996038637,25.196881445546833,79804.03925083959,404.9993201265193,,4.906486347078122,2375.0765088444155,0.5720621570683964,0.0
6467,31.598751068115234,1978.638496285546,6.929758162710422,158.72324511307966,250.6397572138425,1.2720167899280082,18.808622470885297,39993.62745689521,212.1384856333281,,3.6732944017518916,2461.5121639870326,0.41980528670611844,23.018431558749082
6468,26.301849365234375,418.0963024334222,101.98178799899885,2.139507406993267,6.458779664031479,1.354955126899021,inf,62.58938542877346,,,1.0444454640995167,536.3086592133685,5.081623463943987,0.0
6470,35.34342575073242,789.9197921130223,34.830930805040694,11.561283120656656,27.201831639200883,1.3870652152050666,10.040271576915718,786.2108819386733,12.290119967120189,,1.4109128024104496,788.5999492801624,2.646386947139635,0.0
6474,35.40132522583008,253.36967294646416,49.59426835916162,3.3679236208722685,14.308164679686879,1.07262005170029,10.099854888038648,123.61561857379051,6.5029674140548845,,0.4419144732861501,330.8360491061755,10.478913410305204,0.0
6477,36.70195770263672,867.1372511950444,50.25510264928895,8.013890824470858,18.626422228566916,1.5224718084063684,8.816834458796196,453.7275270021938,7.390173660701229,,1.4484225678722822,778.5501110355522,2.7776493202647488,0.0
6480,29.978788375854492,2426.9715791920107,13.08572585669421,71.61939174067578,109.21028314070918,1.8311387234419998,30.15480710523829,12122.046288425663,148.19467599074443,,4.417679356238916,2285.36034624956,0.5755459928038128,0.0
6482,26.621295928955078,558.1196032940001,39.84332481134385,10.089450557348231,26.53542114155192,0.9817235082641379,inf,640.9605058037988,,,1.3696976659037732,980.7622866466974,1.6368312173957302,0.0
6485,23.128446578979492,2184.94143588229,21.282909076133983,52.47671503705654,84.79071522057093,1.3833343854582933,inf,7602.911885452378,,,5.03222245399253,3475.2475318221864,0.25641131354024826,43.94359476313062
6487,23.896432876586914,1851.491024058931,11.080522897149592,121.51284664888843,214.759205858717,0.9723534568541924,inf,26789.418593807095,,,4.106497484566154,4078.469647397261,0.16899641826098152,149.67431255648538
6488,34.544586181640625,232.7660057567915,58.204890189438196,2.6827279157057684,11.653993163482042,1.0540675746364907,11.110432845616451,87.88098951525052,5.826640879176319,,0.4231832330854184,312.3521428726017,11.508964400833113,0.0
6489,28.6269588470459,1770.6653934468159,6.099974743157329,160.84359545060443,283.41528710753306,1.27611464294501,54.78202150175313,40797.697604302855,698.6728058512684,,3.405683452046605,2476.7064959195973,0.42208857435709096,25.27985809983542
6494,30.05907440185547,919.4516710819817,44.12649629728858,11.888082792323921,25.73663747021933,1.2393747455346178,27.186514649671597,819.780770957391,31.486026222783206,,1.9105832677067334,1181.4652077416856,1.6981432175300877,0.0
6503,35.54303741455078,636.898451551744,66.1060188124123,4.95664604676819,13.025186367900963,1.3744415803274848,9.82346852812738,220.70483954815512,5.7578628761131,,1.1287927139473493,639.5901421532105,4.879936464767244,0.0
6506,34.66097640991211,3137.5968677883816,19.49811194647705,55.14661095869707,76.13360004820223,2.063339809637301,11.951049138075687,8190.458942919496,40.94443778555999,,4.874489235511691,2342.209501374174,0.6350164026081834,0.0
6512,31.455568313598633,2149.203371804099,4.637783434283159,278.94522280340715,424.87847228329946,1.1747166445743689,19.470398727518543,93176.92799402378,372.26489697426496,,3.9851445080616408,2915.758859199978,0.31846760188640855,116.59855766498517
6513,31.715417861938477,1271.2813007116981,13.209459625744627,58.165494247138376,115.42196189808986,1.1699739352177492,18.420497912763214,8872.134761079988,95.67585037038597,,2.335315162411282,1720.9184800401686,0.7646105440138382,0.0
6520,28.011138916015625,2154.885485822736,8.171383715385344,97.59654844718234,155.99293742001998,1.9106411828542977,88.173168333576,19283.314481663612,618.9476188492984,,4.225321198197164,2054.489133562773,0.7918265012909481,0.0
6522,26.77616310119629,2067.585931235639,17.316894389357095,47.378938839790344,77.16757043848126,1.7819406400918376,inf,6522.408418666377,,,4.234164336043486,2201.093828841003,0.6200447533981073,0.0
6524,30.04366111755371,2256.7745882390086,13.548607543536543,89.34980343519787,135.1159648746465,1.3182109677738407,28.76856410017428,16891.584799606753,174.91915334039237,,4.28720711864827,2871.923425039819,0.3486108713236804,31.325981188546063
6529,30.363697052001953,1316.0616303408467,31.441266498137512,28.465490824359566,56.34518864695812,1.039782541905059,26.027920332147424,3037.442117682289,65.99466365412796,,2.4772849898336218,2102.483118586665,0.6013718086007253,0.0
6530,34.29826354980469,819.2185837044074,38.408745255185266,12.198564991068665,27.37454823894868,1.2363628119160686,11.279332961630523,852.1049970931042,13.894498991759336,,1.5465114325810458,926.379977818858,1.9005123227430212,0.0
6541,33.21966552734375,3024.9553732833006,16.245960333264065,69.87418444288258,95.3402668179591,1.8842643598434845,14.45545779791671,11681.675111476032,62.01842415431069,,5.027175559494621,2523.2650035797924,0.494850210808249,0.0
6542,33.8559455871582,2863.8166575914547,10.175746074650595,114.08381862902398,158.5862357566637,1.744375195277123,13.053915750404737,24370.59149089049,93.15771123335901,,4.721488063527597,2524.877281794556,0.4630885570401711,4.4102202890412565
6546,32.31810760498047,2905.1205749685055,14.08402958664904,63.54854203242946,90.22164008137517,2.295179437709609,17.086423708673003,10131.841388924915,69.37043265547969,,4.851972696245317,2061.528677511284,0.8127218530384325,0.0
6547,37.80323028564453,3717.526828959201,18.830348825572063,65.31154521883094,80.0908825129868,2.137424531025596,8.337861554356746,10556.378027902401,30.0504010571791,,5.542349462307089,2438.210359332521,0.630306370630493,0.0
6548,35.42730712890625,443.89372931725063,24.531371545911387,11.025951299111682,33.94070224562219,1.1604491427061485,9.831269908720582,732.2410978803373,15.015609210070373,,0.8067526177729497,522.7642569902837,5.681091436030127,0.0
6552,23.62748908996582,1734.9658703954765,21.63842035738158,52.369880595797085,95.93283666805706,1.0826019401485873,inf,7579.706184682502,,,3.8764172892106097,3475.96684588477,0.22189111755330987,51.41935388791396
6553,21.755205154418945,1591.7766538508533,28.285151267930416,35.09214528248513,67.1682664325821,1.1339625413036054,inf,4157.620772729977,,,3.8425416526694867,3293.8662594701914,0.2457116013837729,33.133975581241074
6555,38.3349723815918,736.3787832905481,47.91358207494693,8.165708747539727,20.18379599745006,1.3308642013058916,7.473071696319804,466.68175671429765,6.787572956677664,,1.2093597192582344,720.4109891398209,3.2436176896142195,0.0
6556,32.788516998291016,313.05381525722015,102.72470966964619,1.8031192545139807,6.815560593471893,1.1951010547203345,14.53875941594177,48.42467026162825,4.459040808896752,,0.5905928613476571,389.9794887746072,7.541511054700439,0.0
6560,23.100332260131836,212.51743530018814,71.06090239341985,2.1658044766104942,8.375336713170597,0.9764041193833244,inf,63.74687009607173,,,0.6565005703496766,405.6521426028705,6.444005101567549,0.0
6562,27.0189266204834,1033.0284984827845,25.075984295788132,33.03147791972498,72.66828639894146,0.8818836887980108,4582.509474400382,3796.8374466134464,14985.139991021533,,2.197339604007922,2146.106776409605,0.526036525734485,0.0
